symbol,side,leg,entry_time,entry_price,exit_time,exit_price,exit_reason,qty_lots,lot_size,pnl,vix_entry,vix_exit,atr_entry,atr_exit,pcr_entry,pcr_exit,contract_oi_entry,contract_oi_exit
NIFTY25090224600CE,buy,current,2025-08-28T09:40:00+05:30,130.75,2025-08-28T13:00:00+05:30,111.35,candle_reversal,1,65,-1261.0000000000005,12.9775,12.3025,12.938995712309517,6.564401735639879,0.6615548299519389,0.696518326492403,1854075,2666325
NIFTY25090224600CE,buy,current,2025-08-28T13:05:00+05:30,109.3,2025-08-28T13:34:00+05:30,100.6,candle_reversal,1,65,-565.5000000000002,12.3225,12.3025,6.632006923459126,6.157639064582345,0.6631241220235514,0.6098969409455259,2918775,3304875
NIFTY25090224500PE,buy,current,2025-08-28T13:35:00+05:30,85.65,2025-08-28T15:09:00+05:30,97.75,eod_square_off,1,65,786.4999999999997,12.37,12.265,6.157639064582345,11.3192316133297,0.6098969409455259,0.4867657981218269,3243600,3927600
NIFTY25090224600CE,buy,current,2025-08-29T09:40:00+05:30,83.3,2025-08-29T10:57:00+05:30,74.4,candle_reversal,1,65,-578.4999999999994,11.86,11.8075,15.853463226535643,6.835564957862692,0.3924425439086715,0.5204421605809182,13152675,14979375
NIFTY25090224600CE,buy,current,2025-08-29T11:05:00+05:30,85.9,2025-08-29T11:22:00+05:30,79.6,candle_reversal,1,65,-409.50000000000074,11.765,11.7775,7.056394516712281,6.58680145072419,0.49508135333627956,0.5203851390780004,15250875,15862725
NIFTY25090224500PE,buy,current,2025-08-29T12:00:00+05:30,64.6,2025-08-29T13:52:00+05:30,68.35,candle_reversal,1,65,243.75,11.7525,11.66,6.2336506461390275,5.73511756973428,0.5738507027972385,0.4621816625966336,18514500,17863125
NIFTY25090224500PE,buy,current,2025-08-29T14:00:00+05:30,84.95,2025-08-29T14:10:00+05:30,68.9,candle_reversal,1,65,-1043.2499999999998,11.755,11.6775,7.245185055431525,7.112139044219032,0.46248589196845863,0.40734223469891595,17843025,16317450
NIFTY25090224600CE,buy,current,2025-09-01T09:55:00+05:30,49.2,2025-09-01T10:07:00+05:30,44.4,candle_reversal,1,65,-312.0000000000003,11.58,11.5925,9.303999844966722,7.931661529009099,0.4730856594437593,0.4905176089366419,22068450,23558325
NIFTY25090224500PE,buy,current,2025-09-01T10:10:00+05:30,42.3,2025-09-01T10:27:00+05:30,38.05,candle_reversal,1,65,-276.25,11.5925,11.605,7.711483665319366,7.773472602675761,0.48206626028317706,0.42805197549603263,23959800,22725300
NIFTY25090224500PE,buy,current,2025-09-01T10:35:00+05:30,46.5,2025-09-01T10:44:00+05:30,39.05,candle_reversal,1,65,-484.25000000000017,11.61,11.555,7.433148311890309,6.395424439520119,0.4338751478388646,0.42563424811312656,23436150,23697225
NIFTY25090224600CE,buy,current,2025-09-01T10:50:00+05:30,44.65,2025-09-01T10:55:00+05:30,38.75,candle_reversal,1,65,-383.4999999999999,11.54,11.5475,6.261866198650038,6.404988697104351,0.4399780085838552,0.452766010395516,24438075,24234075
NIFTY25090224700CE,buy,current,2025-09-02T09:50:00+05:30,38.0,2025-09-02T10:36:00+05:30,51.0,candle_reversal,1,65,845.0,11.1575,11.2325,8.196118487134148,8.144178788250953,1.161966906665983,1.4464679083630685,30978825,19491825
NIFTY25090224750CE,buy,current,2025-09-02T10:40:00+05:30,30.7,2025-09-02T12:13:00+05:30,19.95,stop,1,65,-698.75,11.1375,11.1475,8.589125655170292,6.174181380480593,1.391722628642066,1.3545163840797598,26261550,35526075
NIFTY25090224700PE,buy,current,2025-09-02T13:15:00+05:30,13.65,2025-09-02T14:03:00+05:30,136.5,target,1,65,7985.25,11.245,11.5975,7.182206385460679,14.017219634470763,1.2893237385246903,0.5773360118278282,57517050,14380125
NIFTY25090224550PE,buy,current,2025-09-02T14:05:00+05:30,27.2,2025-09-02T14:10:00+05:30,17.7,stop,1,65,-617.5,11.6225,11.5725,14.280275374865761,16.531927100405845,0.5077085452327853,0.4977012270871307,16977750,18064425
NIFTY25090224500PE,buy,current,2025-09-02T14:25:00+05:30,14.8,2025-09-02T14:32:00+05:30,9.6,stop,1,65,-338.00000000000006,11.635,11.6725,17.95107147517759,16.2484695819016,0.5442796012702461,0.5468948206308968,25032750,29738700
NIFTY25090924700PE,buy,current,2025-09-03T09:40:00+05:30,188.35,2025-09-03T09:53:00+05:30,170.6,candle_reversal,1,65,-1153.75,11.2,11.1775,13.001552984883867,9.438785131803844,0.17533207713960033,0.1616233596690271,3413625,3378900
NIFTY25090924700CE,buy,current,2025-09-03T09:55:00+05:30,78.6,2025-09-03T10:38:00+05:30,70.05,candle_reversal,1,65,-555.7499999999998,11.125,11.165,9.075300479532297,6.581993093815938,0.160253245598435,0.16603502666232525,9360600,9948825
NIFTY25090924700CE,buy,current,2025-09-03T11:20:00+05:30,75.3,2025-09-03T14:42:00+05:30,97.05,candle_reversal,1,65,1413.75,11.0825,10.95,7.517191888378959,6.669822686765888,0.14669960375181823,0.22836154008341175,10804275,10651950
NIFTY25090924900PE,buy,current,2025-09-04T09:40:00+05:30,85.4,2025-09-04T10:50:00+05:30,127.95,candle_reversal,1,65,2765.75,10.87,11.05,14.41863933852341,9.245723399848632,0.6411498398446367,0.4089563658879534,7042500,5502525
NIFTY25090924800PE,buy,current,2025-09-04T10:55:00+05:30,82.95,2025-09-04T14:44:00+05:30,107.95,candle_reversal,1,65,1625.0,11.05,11.0425,8.531661443749588,11.192882938241842,0.4127160046234143,0.2807162450540333,7417350,6512175
NIFTY25090924800PE,buy,current,2025-09-05T09:40:00+05:30,81.8,2025-09-05T10:26:00+05:30,150.15,candle_reversal,1,65,4442.750000000001,10.6,11.0375,11.620116994619634,15.233021459071542,0.3822939377931454,0.1939614193989519,13336500,6588975
NIFTY25090924700PE,buy,current,2025-09-05T10:30:00+05:30,83.8,2025-09-05T12:58:00+05:30,105.35,candle_reversal,1,65,1400.7499999999998,11.0575,11.02,16.100199761508566,6.002950630820235,0.2210340276683163,0.1693338668675266,11817300,10816875
NIFTY25090924700PE,buy,current,2025-09-05T13:00:00+05:30,98.5,2025-09-05T13:13:00+05:30,94.6,candle_reversal,1,65,-253.50000000000037,10.9975,10.9825,5.856311300047153,5.778552700695171,0.16925045681460035,0.16821302921510245,10816875,10749675
NIFTY25090924800CE,buy,current,2025-09-05T13:15:00+05:30,48.1,2025-09-05T15:03:00+05:30,62.15,candle_reversal,1,65,913.2499999999998,10.9625,10.8175,5.6122275077884245,6.679218447992993,0.16850939249775782,0.2913226871838007,26491950,16417500
NIFTY25090924800PE,buy,current,2025-09-08T09:55:00+05:30,54.8,2025-09-08T10:42:00+05:30,49.75,candle_reversal,1,65,-328.24999999999983,10.8975,10.845,9.144021079973772,9.084227798636084,0.5146332737030411,0.3926469072026418,21742050,18976800
NIFTY25090924800PE,buy,current,2025-09-08T10:45:00+05:30,49.25,2025-09-08T11:30:00+05:30,39.75,candle_reversal,1,65,-617.5,10.8525,10.8775,8.634869887599335,6.113816403059574,0.39393844488529983,0.4375566685639509,19120200,21223650
NIFTY25090924900CE,buy,current,2025-09-08T11:35:00+05:30,38.15,2025-09-08T11:53:00+05:30,34.8,candle_reversal,1,65,-217.75000000000009,10.91,10.8975,6.138320238645245,5.323203397683582,0.4546291287137923,0.49238931812268505,21961875,21473025
NIFTY25090924800CE,buy,current,2025-09-08T12:15:00+05:30,87.95,2025-09-08T13:20:00+05:30,99.2,candle_reversal,1,65,731.25,10.855,10.745,5.0364571564844764,5.3688862826544534,0.5119231795415972,0.7355261964330129,20425725,12559650
NIFTY25090924900CE,buy,current,2025-09-08T13:25:00+05:30,45.85,2025-09-08T13:48:00+05:30,37.5,candle_reversal,1,65,-542.7500000000001,10.73,10.77,5.383595666360049,5.645828641535005,0.7406691644771839,0.7398325509143451,21588225,21611325
NIFTY25090924900CE,buy,current,2025-09-09T09:55:00+05:30,26.85,2025-09-09T10:13:00+05:30,17.45,stop,1,65,-611.0000000000001,10.86,10.9425,8.290588814949773,6.543211737380451,0.6592127483630559,0.6133330076955193,35299050,37137675
NIFTY25090924800PE,buy,current,2025-09-09T10:15:00+05:30,33.3,2025-09-09T11:00:00+05:30,21.65,stop,1,65,-757.2499999999999,10.9575,10.9225,6.379410898996134,5.85024832626245,0.5529134918014287,0.519314318411314,31920675,34173750
NIFTY25090924900CE,buy,current,2025-09-09T11:25:00+05:30,21.9,2025-09-09T12:04:00+05:30,17.3,candle_reversal,1,65,-298.9999999999999,10.95,10.9525,6.042772411858011,5.056844586098626,0.5818349440261983,0.591114562667502,40413000,38993550
NIFTY25090924800PE,buy,current,2025-09-09T12:10:00+05:30,27.6,2025-09-09T12:14:00+05:30,20.85,candle_reversal,1,65,-438.75,10.96,10.9275,6.36777300177446,6.513308798320429,0.5714699596694007,0.5601968072375403,35696550,35192250
NIFTY25090924850CE,buy,current,2025-09-09T12:15:00+05:30,33.85,2025-09-09T12:56:00+05:30,26.3,candle_reversal,1,65,-490.75000000000006,10.905,10.945,6.513308798320429,6.479153204532601,0.5601968072375403,0.6714931118658659,37805625,31334475
NIFTY25091625100CE,buy,current,2025-09-10T09:45:00+05:30,94.85,2025-09-10T10:37:00+05:30,97.8,candle_reversal,1,65,191.75000000000017,10.7475,10.7975,8.304788596905928,6.359038782704106,0.14219161123954796,0.1675786210322254,5228925,6555075
NIFTY25091625100CE,buy,current,2025-09-10T11:05:00+05:30,93.5,2025-09-10T11:14:00+05:30,93.0,candle_reversal,1,65,-32.5,10.735,10.745,5.016857910008743,4.795940398685533,0.15257003756912296,0.161513451485401,7589475,7341600
NIFTY25091625100PE,buy,current,2025-09-10T11:20:00+05:30,155.8,2025-09-10T12:09:00+05:30,150.95,candle_reversal,1,65,-315.2500000000015,10.72,10.6475,6.0316904757858945,5.740230924422707,0.16251920774781753,0.12981813758474517,3388800,2904525
NIFTY25091625100PE,buy,current,2025-09-10T12:55:00+05:30,156.05,2025-09-10T13:06:00+05:30,156.9,candle_reversal,1,65,55.24999999999963,10.6775,10.66,5.023572222994941,4.816858471755588,0.1236831074064391,0.11800435154852468,2929500,2864175
NIFTY25091625100PE,buy,current,2025-09-10T13:15:00+05:30,171.2,2025-09-10T13:42:00+05:30,161.0,candle_reversal,1,65,-662.9999999999993,10.58,10.585,5.170698229801581,5.535599738014406,0.11497677042685142,0.09651159251460305,2799450,2427975
NIFTY25091625100PE,buy,current,2025-09-11T10:05:00+05:30,151.75,2025-09-11T10:30:00+05:30,142.3,candle_reversal,1,65,-614.2499999999993,10.62,10.5825,6.86483624233624,5.51527070409117,0.11149117519240744,0.10857247326545058,3250350,3256125
NIFTY25091625100PE,buy,current,2025-09-11T11:40:00+05:30,146.95,2025-09-11T12:01:00+05:30,140.9,candle_reversal,1,65,-393.24999999999886,10.495,10.49,5.122933374266287,5.392980606119008,0.10529258053711249,0.09327639602642282,3276000,2913975
NIFTY25091625100CE,buy,current,2025-09-11T12:10:00+05:30,60.25,2025-09-11T15:09:00+05:30,66.05,eod_square_off,1,65,376.99999999999983,10.51,10.375,4.9449094236058935,9.866501877502092,0.09698740503478533,0.11610254094269211,9755775,8939475
NIFTY25091625100CE,buy,current,2025-09-12T10:05:00+05:30,79.35,2025-09-12T13:48:00+05:30,90.4,candle_reversal,1,65,718.2500000000007,10.14,10.12,6.537457418377317,4.510859599333055,0.1907103841886184,0.4611651858653494,17105550,13839675
NIFTY25091625100CE,buy,current,2025-09-12T13:50:00+05:30,87.9,2025-09-12T15:09:00+05:30,92.75,eod_square_off,1,65,315.24999999999966,10.0975,10.1425,4.477941056523499,4.45754332802209,0.449178492368109,0.38675104355249806,14248875,14481000
NIFTY25091625100CE,buy,current,2025-09-15T09:55:00+05:30,66.05,2025-09-15T10:44:00+05:30,54.15,candle_reversal,1,65,-773.4999999999999,10.52,10.5025,6.414740600452163,4.87366323012292,0.33507568210017014,0.3150617596812178,22041300,26043150
NIFTY25091625100PE,buy,current,2025-09-15T10:45:00+05:30,64.15,2025-09-15T10:57:00+05:30,59.6,candle_reversal,1,65,-295.7500000000003,10.4925,10.445,4.87366323012292,5.063860016770815,0.28940466894930256,0.265205965950159,23289675,22436025
NIFTY25091625100CE,buy,current,2025-09-15T11:55:00+05:30,61.55,2025-09-15T12:05:00+05:30,61.4,candle_reversal,1,65,-9.749999999999908,10.38,10.3875,4.571818400423481,4.9163348791440695,0.29703488462920435,0.3229995142816182,29209950,27220200
NIFTY25091625100CE,buy,current,2025-09-15T12:30:00+05:30,63.0,2025-09-15T12:42:00+05:30,58.5,candle_reversal,1,65,-292.5,10.3475,10.355,4.203512554946251,3.9725719119373513,0.3211975912612615,0.32405195879416776,27952875,28047975
NIFTY25091625100PE,buy,current,2025-09-15T13:45:00+05:30,51.65,2025-09-15T13:55:00+05:30,51.1,candle_reversal,1,65,-35.749999999999815,10.33,10.325,9.166918881588874,8.141450579584122,0.2833939041324528,0.2634696382022061,25502025,24520650
NIFTY25091625200CE,buy,current,2025-09-16T09:55:00+05:30,24.6,2025-09-16T10:51:00+05:30,22.85,candle_reversal,1,65,-113.75,10.43,10.4525,6.296604360893072,4.379778600038906,0.6163591414815579,0.7462030581178108,22638750,28133100
NIFTY25091625200CE,buy,current,2025-09-16T11:15:00+05:30,22.1,2025-09-16T13:25:00+05:30,14.35,stop,1,65,-503.7500000000001,10.395,10.435,3.933319656731341,6.459582316928762,0.677411058317377,0.8346938905390134,32285400,40039800
NIFTY25092325300CE,buy,current,2025-09-17T09:40:00+05:30,156.95,2025-09-17T10:16:00+05:30,140.65,candle_reversal,1,65,-1059.4999999999989,10.2,10.23,9.224194846258346,5.339511958378791,1.2181331649603873,1.2211244342094814,8176725,9723750
NIFTY25092325300PE,buy,current,2025-09-17T10:20:00+05:30,79.55,2025-09-17T10:24:00+05:30,74.7,candle_reversal,1,65,-315.24999999999966,10.2125,10.19,5.109824261136602,5.248691169211867,1.2088441544355175,1.1506310566913227,11291700,10910400
NIFTY25092325300CE,buy,current,2025-09-17T11:00:00+05:30,157.4,2025-09-17T13:40:00+05:30,154.4,candle_reversal,1,65,-195.0,10.1925,10.1775,4.987738208469579,4.1329491799786044,1.2910807893552243,1.5440563251860853,9076275,7581075
NIFTY25092325300PE,buy,current,2025-09-17T14:05:00+05:30,74.15,2025-09-17T15:09:00+05:30,69.75,eod_square_off,1,65,-286.00000000000034,10.175,10.2625,5.235580514710924,4.897093742900403,1.22868701967602,1.2145337243792258,12794775,11111325
NIFTY25092325400PE,buy,current,2025-09-18T09:40:00+05:30,63.4,2025-09-18T11:21:00+05:30,54.1,candle_reversal,1,65,-604.4999999999998,10.0225,9.9675,8.653384799686132,4.417902502506897,1.6217385124936359,1.896881920699784,11289375,16422225
NIFTY25092325500CE,buy,current,2025-09-18T11:25:00+05:30,71.8,2025-09-18T11:41:00+05:30,68.25,candle_reversal,1,65,-230.74999999999983,9.9675,9.97,4.62025575729133,5.725074212803098,1.8963054205413883,1.9091209906319397,11653050,11826450
NIFTY25092325400PE,buy,current,2025-09-18T12:35:00+05:30,64.4,2025-09-18T13:25:00+05:30,76.95,candle_reversal,1,65,815.7499999999998,9.9775,10.0425,5.687097164122633,7.462610186634852,1.6106565517723577,1.1564459348340015,15500175,11410050
NIFTY25092325300PE,buy,current,2025-09-19T10:00:00+05:30,74.65,2025-09-19T10:22:00+05:30,59.35,candle_reversal,1,65,-994.5000000000002,10.23,10.155,7.808873139679229,6.557651315843072,0.8302997715196956,0.7730470710652013,16457100,15695400
NIFTY25092325300PE,buy,current,2025-09-19T11:05:00+05:30,61.9,2025-09-19T12:11:00+05:30,66.3,candle_reversal,1,65,285.9999999999999,10.1425,10.175,4.639286639525776,4.4894497009122665,0.7707113983746684,0.7118199217147975,16182450,16371675
NIFTY25092325300PE,buy,current,2025-09-19T12:15:00+05:30,63.8,2025-09-19T13:04:00+05:30,52.8,candle_reversal,1,65,-715.0,10.1425,10.0425,4.91751858342006,5.4413818599059445,0.709152071353259,0.7745495231176521,16059075,17299950
NIFTY25092325400CE,buy,current,2025-09-19T13:05:00+05:30,55.35,2025-09-19T15:03:00+05:30,49.9,candle_reversal,1,65,-354.25000000000017,10.035,10.01,5.4413818599059445,7.592457021060747,0.7745495231176521,1.1402852305661568,25982325,21301200
NIFTY25092325400CE,buy,current,2025-09-22T09:50:00+05:30,30.7,2025-09-22T10:22:00+05:30,29.25,candle_reversal,1,65,-94.24999999999996,10.485,10.4875,9.27272506727236,6.026634264743554,1.2501766700090722,1.2866735054046385,22860000,23280525
NIFTY25092325300PE,buy,current,2025-09-22T11:10:00+05:30,47.1,2025-09-22T11:41:00+05:30,48.4,candle_reversal,1,65,84.49999999999982,10.4325,10.41,4.970585212070204,5.466098233963998,1.2163445960089811,0.9964811026690045,30709575,26132400
NIFTY25092325300PE,buy,current,2025-09-22T12:00:00+05:30,46.4,2025-09-22T12:43:00+05:30,38.5,candle_reversal,1,65,-513.4999999999999,10.3625,10.365,5.94109012266873,5.729551219091818,1.0176036994291977,1.0041579448144624,25236450,26013600
NIFTY25092325300CE,buy,current,2025-09-22T13:05:00+05:30,68.4,2025-09-22T13:19:00+05:30,60.55,candle_reversal,1,65,-510.25000000000057,10.385,10.3675,6.720333799493299,5.872962376584861,1.0352466945328733,1.0778055965806792,23490075,22781400
NIFTY25092325300PE,buy,current,2025-09-22T13:20:00+05:30,42.7,2025-09-22T15:09:00+05:30,101.6,eod_square_off,1,65,3828.4999999999995,10.3675,10.59,5.872962376584861,10.053553188157286,1.0778055965806792,0.566870554527083,28325250,7898925
NIFTY25092325100PE,buy,current,2025-09-23T09:45:00+05:30,28.5,2025-09-23T10:07:00+05:30,18.55,stop,1,65,-646.75,10.73,10.675,12.141400616282596,9.174939794733604,0.41066733585332166,0.4277325051569116,15651300,20108100
NIFTY25092325100PE,buy,current,2025-09-23T10:20:00+05:30,27.25,2025-09-23T11:04:00+05:30,17.7,stop,1,65,-620.75,10.795,10.775,7.860888439945114,7.145022675723858,0.46989006156058954,0.46306218605471394,21928875,24911325
NIFTY25092325200CE,buy,current,2025-09-23T11:50:00+05:30,12.9,2025-09-23T12:51:00+05:30,31.7,candle_reversal,1,65,1221.9999999999998,10.8475,10.68,5.807446341901811,10.27115905983256,0.4144271617293768,0.7867442161881926,41697975,25736475
NIFTY25092325250CE,buy,current,2025-09-23T13:05:00+05:30,19.6,2025-09-23T13:26:00+05:30,12.75,stop,1,65,-445.2500000000001,10.7125,10.71,9.435759401665706,7.5354204122708035,0.813362562901699,0.8395691073400491,23751300,26729175
NIFTY25093024800CE,buy,current,2025-09-24T10:00:00+05:30,361.05,2025-09-24T10:13:00+05:30,365.95,candle_reversal,1,65,318.4999999999985,10.6425,10.6175,9.78890998947074,8.02285772298004,7.031491947339192,7.230595823803334,1110750,1093275
NIFTY25093024800CE,buy,current,2025-09-24T10:20:00+05:30,377.9,2025-09-24T10:44:00+05:30,350.15,candle_reversal,1,65,-1803.75,10.585,10.6475,7.414033987353372,6.080198260672307,7.296354809512055,7.388827035169297,1096125,1107825
NIFTY25093024800PE,buy,current,2025-09-24T10:45:00+05:30,24.0,2025-09-24T11:14:00+05:30,26.4,candle_reversal,1,65,155.99999999999991,10.6375,10.71,6.080198260672307,7.073275331485242,7.460094358167879,7.232384544676535,5154525,5378475
NIFTY25093024800PE,buy,current,2025-09-24T11:15:00+05:30,25.35,2025-09-24T11:29:00+05:30,24.75,candle_reversal,1,65,-39.00000000000009,10.7275,10.72,7.073275331485242,5.388130541110412,7.220396510705789,7.289471593166468,5378475,5370225
NIFTY25093024800CE,buy,current,2025-09-24T11:50:00+05:30,347.7,2025-09-24T14:00:00+05:30,384.55,candle_reversal,1,65,2395.2500000000014,10.6225,10.52,5.443570455236656,7.267672018618737,7.42291122819942,8.37204740770292,1169850,1109625
NIFTY25093024800PE,buy,current,2025-09-24T14:25:00+05:30,20.2,2025-09-24T14:39:00+05:30,19.0,candle_reversal,1,65,-77.99999999999996,10.505,10.5025,7.598973430074253,7.438871921271852,8.40558499593003,8.402608594772866,5707575,5638425
NIFTY25093024800PE,buy,current,2025-09-25T09:45:00+05:30,22.25,2025-09-25T10:10:00+05:30,20.3,candle_reversal,1,65,-126.74999999999996,10.525,10.6,11.917356076471773,8.60924660151481,7.979447828494581,7.895075476367236,6262350,6560400
NIFTY25093024800PE,buy,current,2025-09-25T10:40:00+05:30,23.65,2025-09-25T10:51:00+05:30,23.6,candle_reversal,1,65,-3.2499999999998153,10.6675,10.6675,8.332831131733084,7.797282656337353,7.630412378832912,7.615556997110338,6625125,6780075
NIFTY25093024800CE,buy,current,2025-09-25T11:15:00+05:30,292.7,2025-09-25T11:36:00+05:30,280.3,candle_reversal,1,65,-805.9999999999985,10.5675,10.5475,6.670040713790674,6.468932433434724,7.648772714647018,7.890384272202724,1362300,1358850
NIFTY25093024800CE,buy,current,2025-09-25T13:00:00+05:30,259.7,2025-09-25T14:35:00+05:30,225.55,candle_reversal,1,65,-2219.7499999999986,10.7175,10.815,6.6095119553758055,8.896624822054735,7.077081475263627,6.8594587743202995,1588350,1731000
NIFTY25093024800CE,buy,current,2025-09-26T09:50:00+05:30,125.85,2025-09-26T10:56:00+05:30,107.95,candle_reversal,1,65,-1163.4999999999995,10.895,10.9225,11.5031712210417,6.802694589715974,2.878280875042852,2.807841242482456,10767375,13159200
NIFTY25093024800PE,buy,current,2025-09-26T11:00:00+05:30,75.05,2025-09-26T11:51:00+05:30,77.0,candle_reversal,1,65,126.75000000000018,10.995,10.9375,6.355874640526925,7.688039740971449,2.7435548253982036,1.9274467188191067,21404475,16429125
NIFTY25093024800PE,buy,current,2025-09-26T11:55:00+05:30,74.25,2025-09-26T12:24:00+05:30,73.6,candle_reversal,1,65,-42.25000000000037,10.935,10.955,7.76992467598932,6.446158581080809,1.966572588996423,1.9964617617413052,16523325,17387925
NIFTY25093024800PE,buy,current,2025-09-26T12:35:00+05:30,80.3,2025-09-26T15:09:00+05:30,162.4,eod_square_off,1,65,5336.500000000001,10.9475,11.475,5.990990997905577,9.586744394236108,1.9932079585530715,1.296813167479393,17257050,6899775
NIFTY25093024800CE,buy,current,2025-09-29T09:45:00+05:30,65.0,2025-09-29T11:36:00+05:30,42.25,stop,1,65,-1478.75,11.335,11.4675,10.539516571807352,7.841981363037463,1.7525618033469827,1.8959793187423277,19690425,21042825
NIFTY25093024700PE,buy,current,2025-09-29T11:40:00+05:30,58.4,2025-09-29T14:01:00+05:30,37.95,stop,1,65,-1329.2499999999998,11.41,11.305,8.34009950969165,10.823139215810755,1.5897538063347532,1.387898255802343,22380075,18373425
NIFTY25093024800CE,buy,current,2025-09-29T14:05:00+05:30,41.0,2025-09-29T14:40:00+05:30,33.4,candle_reversal,1,65,-494.0000000000001,11.3075,11.47,9.756992294874518,8.839028098481693,1.4423540678098175,1.6194335188732802,21719175,19875750
NIFTY25093024600PE,buy,current,2025-09-30T09:40:00+05:30,28.75,2025-09-30T10:54:00+05:30,36.6,candle_reversal,1,65,510.2500000000001,11.525,11.73,13.240453804191109,6.997994503626934,1.008348512779596,0.8078859079523465,19026825,22437975
NIFTY25093024600PE,buy,current,2025-09-30T10:55:00+05:30,30.6,2025-09-30T11:11:00+05:30,19.9,stop,1,65,-695.5000000000002,11.6675,11.5475,6.997994503626934,6.870816356530193,0.7839334268612789,0.8848951358221865,21823050,23897325
NIFTY25093024700CE,buy,current,2025-09-30T11:15:00+05:30,33.3,2025-09-30T11:26:00+05:30,21.65,stop,1,65,-757.2499999999999,11.5975,11.615,6.393015136770081,7.533346543578597,0.9255538708287802,1.0261654554153696,33221475,31655550
NIFTY25093024600PE,buy,current,2025-09-30T11:30:00+05:30,21.9,2025-09-30T12:22:00+05:30,14.25,stop,1,65,-497.2499999999999,11.5375,11.4825,6.894957126910266,6.9829358237238734,1.005741348755717,1.0740112555375945,26725500,30190200
NIFTY25093024700CE,buy,current,2025-09-30T12:25:00+05:30,25.7,2025-09-30T13:01:00+05:30,16.7,stop,1,65,-585.0,11.4725,11.465,6.718704868415029,7.565740610398928,1.062250755380347,1.111273860033349,32632275,33994575
NIFTY25100725000CE,buy,current,2025-10-01T09:45:00+05:30,26.25,2025-10-01T12:21:00+05:30,40.75,candle_reversal,1,65,942.5,10.92,10.6675,9.475644247732768,7.034147627699061,0.1159357523490312,0.1290114034987051,8213925,8084850
NIFTY25100725000CE,buy,current,2025-10-01T12:25:00+05:30,37.35,2025-10-01T13:47:00+05:30,36.1,candle_reversal,1,65,-81.25,10.75,10.61,6.867154642148423,6.921240709663332,0.1254069388449532,0.11074033265124088,8120325,9044250
NIFTY25100725000CE,buy,current,2025-10-01T13:55:00+05:30,36.5,2025-10-01T15:09:00+05:30,40.5,eod_square_off,1,65,260.0,10.61,10.325,7.602868927318573,9.556394624267432,0.10955900592028003,0.1126676571959934,9034275,8764425
NIFTY25100725000CE,buy,current,2025-10-03T09:40:00+05:30,21.55,2025-10-03T10:44:00+05:30,19.4,candle_reversal,1,65,-139.75000000000014,10.4875,10.405,13.759808843064793,7.912278585034236,0.07626798622620092,0.07067978162395397,15550875,17360475
NIFTY25100725000CE,buy,current,2025-10-03T10:50:00+05:30,20.15,2025-10-03T11:40:00+05:30,24.3,candle_reversal,1,65,269.7500000000001,10.4175,10.3075,7.591329138664404,5.684925924496431,0.06688014542524377,0.06955307624887198,18095325,18108375
NIFTY25100725000CE,buy,current,2025-10-03T11:45:00+05:30,22.7,2025-10-03T14:10:00+05:30,19.85,candle_reversal,1,65,-185.24999999999986,10.3725,10.2025,5.665756958807484,5.661338613470598,0.06940674787826594,0.06752984608846925,18098025,19613850
NIFTY25100725000CE,buy,current,2025-10-06T09:40:00+05:30,30.75,2025-10-06T10:44:00+05:30,47.95,candle_reversal,1,65,1118.0000000000002,10.4425,10.3175,11.38081284500596,6.225351864916957,0.09030745359807378,0.20518284524101135,23761650,23186250
NIFTY25100725000CE,buy,current,2025-10-06T11:00:00+05:30,52.15,2025-10-06T13:51:00+05:30,105.75,candle_reversal,1,65,3484.0,10.28,10.3525,6.649936778375355,9.150257930285028,0.21875639311411424,0.5746367671300009,23192400,11098200
NIFTY25100725000PE,buy,current,2025-10-06T14:30:00+05:30,30.45,2025-10-06T14:53:00+05:30,19.8,stop,1,65,-692.2499999999999,10.3925,10.29,8.567512162848347,9.117578633535272,0.522687939461307,0.49592152490243857,27188850,25719975
NIFTY25100725100CE,buy,current,2025-10-07T09:40:00+05:30,68.75,2025-10-07T10:09:00+05:30,114.9,candle_reversal,1,65,2999.7500000000005,10.42,10.425,10.478388627839852,9.083471875918097,0.5837859130057507,0.9732099313874464,26380350,10682625
NIFTY25100725200CE,buy,current,2025-10-07T10:10:00+05:30,46.8,2025-10-07T10:36:00+05:30,30.4,stop,1,65,-1066.0,10.4225,10.3275,9.083471875918097,9.057479573015337,0.9785459221347724,0.8687820650918318,26296575,32235675
NIFTY25100725100PE,buy,current,2025-10-07T10:50:00+05:30,13.35,2025-10-07T11:08:00+05:30,12.35,candle_reversal,1,65,-65.0,10.3425,10.2925,7.6865587621229,7.59033381717727,0.8265756707524017,0.7730107676267352,36182325,37567650
NIFTY25100725100PE,buy,current,2025-10-07T11:15:00+05:30,15.5,2025-10-07T12:03:00+05:30,11.5,candle_reversal,1,65,-260.0,10.29,10.26,7.174733287915095,7.999565863953052,0.7470186760858621,0.5347706906927062,36895575,32945325
NIFTY25100725100PE,buy,current,2025-10-07T12:20:00+05:30,12.2,2025-10-07T12:26:00+05:30,7.95,stop,1,65,-276.24999999999994,10.28,10.3,7.524127327771467,7.19425709619578,0.6467654585299661,0.6364297066801715,37622175,38068875
NIFTY25100725200CE,buy,current,2025-10-07T12:40:00+05:30,17.55,2025-10-07T13:35:00+05:30,16.4,candle_reversal,1,65,-74.75000000000014,10.3025,10.13,7.614849106835862,6.752511124951491,0.6458947235549494,0.8132861140258831,46191750,40756200
NIFTY25101425200CE,buy,current,2025-10-08T09:40:00+05:30,118.3,2025-10-08T09:47:00+05:30,111.65,candle_reversal,1,65,-432.24999999999943,10.1675,10.1625,12.354750577158482,10.392783662897886,0.9365141338915726,0.9931268351532082,12162150,12196950
NIFTY25101425100PE,buy,current,2025-10-08T09:50:00+05:30,72.55,2025-10-08T09:57:00+05:30,63.95,candle_reversal,1,65,-558.9999999999997,10.1625,10.11,10.374645097090426,10.691441130641254,0.99078542550592,0.8845030006949787,11723250,11668500
NIFTY25101425100PE,buy,current,2025-10-08T10:20:00+05:30,78.95,2025-10-08T10:36:00+05:30,79.0,candle_reversal,1,65,3.2499999999998153,10.1775,10.1225,8.973380814551607,8.88872742668989,0.8860168572083174,0.8008403380927634,12169650,11894400
NIFTY25101425100PE,buy,current,2025-10-08T10:40:00+05:30,78.9,2025-10-08T11:52:00+05:30,116.35,candle_reversal,1,65,2434.249999999999,10.125,10.3725,8.32441113572811,7.071697814549836,0.7919526945056257,0.42144385403624296,12105900,6428400
NIFTY25101425200CE,buy,current,2025-10-08T12:45:00+05:30,58.7,2025-10-08T15:09:00+05:30,47.75,eod_square_off,1,65,-711.7500000000002,10.3725,10.34,7.377625199580993,7.75873546068362,0.40939004280693575,0.4845034975827059,17662275,14362500
NIFTY25101425100PE,buy,current,2025-10-09T09:45:00+05:30,105.9,2025-10-09T11:01:00+05:30,68.85,stop,1,65,-2408.250000000001,10.4125,10.34,12.200342178394324,8.897742315045337,0.563006762093597,0.6126608689799455,10718250,11411850
NIFTY25101425200CE,buy,current,2025-10-09T11:05:00+05:30,73.6,2025-10-09T11:18:00+05:30,83.95,candle_reversal,1,65,672.7500000000006,10.345,10.3575,8.637733187374028,8.459752601174126,0.6759869249169973,0.8961723608849952,13695900,12418275
NIFTY25101425200CE,buy,current,2025-10-09T11:25:00+05:30,90.45,2025-10-09T11:42:00+05:30,95.2,candle_reversal,1,65,308.75,10.395,10.32,8.192923088902477,8.253752443565412,0.8928746108873825,0.9843750375542283,13002600,12587775
NIFTY25101425100PE,buy,current,2025-10-09T11:55:00+05:30,59.3,2025-10-09T13:30:00+05:30,52.35,candle_reversal,1,65,-451.7499999999997,10.3425,10.265,8.876057811165365,7.230074632707864,0.996737472493002,0.9339531538475326,14231400,14518350
NIFTY25101425000PE,buy,current,2025-10-09T13:35:00+05:30,30.45,2025-10-09T14:07:00+05:30,26.9,candle_reversal,1,65,-230.75000000000006,10.2925,10.2525,7.090938972947958,7.115529664295997,0.9518218605187112,1.0139782160076254,15716850,15676275
NIFTY25101425300CE,buy,current,2025-10-10T09:45:00+05:30,94.45,2025-10-10T10:25:00+05:30,98.4,candle_reversal,1,65,256.75000000000017,10.3225,10.2775,10.992948541363429,8.26519007203753,1.4586832880011273,1.864005787495762,14452800,14391375
NIFTY25101425300CE,buy,current,2025-10-10T10:35:00+05:30,103.3,2025-10-10T11:10:00+05:30,108.35,candle_reversal,1,65,328.24999999999983,10.2725,10.2175,7.485336780340195,6.69032757115573,1.821844073516669,2.159428934618285,15208725,13384800
NIFTY25101425300PE,buy,current,2025-10-10T11:30:00+05:30,63.35,2025-10-10T12:04:00+05:30,58.9,candle_reversal,1,65,-289.25000000000017,10.2475,10.235,7.976677785652663,7.33936593652115,2.186560714698449,1.9991236001947554,18753825,18357975
NIFTY25101425300PE,buy,current,2025-10-10T12:10:00+05:30,66.9,2025-10-10T12:46:00+05:30,52.95,candle_reversal,1,65,-906.7500000000002,10.22,10.19,7.439375979258689,7.503591614980761,1.9713838100981758,1.9831110162313292,18504300,18528150
NIFTY25101425300PE,buy,current,2025-10-10T14:00:00+05:30,52.75,2025-10-10T14:24:00+05:30,50.9,candle_reversal,1,65,-120.25000000000009,10.17,10.1175,7.678603172307961,7.060186861622209,2.1144564714987477,1.9571606314229149,22023225,21579375
NIFTY25101425200CE,buy,current,2025-10-13T09:40:00+05:30,84.7,2025-10-13T10:21:00+05:30,68.25,candle_reversal,1,65,-1069.2500000000002,11.075,11.1475,14.34735753608818,7.873492412133667,0.8943585993555441,0.9483553837955612,20807550,21955725
NIFTY25101425200CE,buy,current,2025-10-13T10:35:00+05:30,81.65,2025-10-13T13:04:00+05:30,63.05,candle_reversal,1,65,-1209.0000000000005,11.1025,11.085,8.356577168329745,8.25727630781343,0.9231507577343662,0.8670543798512228,23372250,27845100
NIFTY25101425200PE,buy,current,2025-10-13T13:05:00+05:30,64.65,2025-10-13T13:40:00+05:30,57.8,candle_reversal,1,65,-445.25000000000057,11.0825,11.01,8.25727630781343,7.995272365841586,0.8670543798512228,0.8291349775402137,23209950,22473750
NIFTY25101425200CE,buy,current,2025-10-13T13:45:00+05:30,69.2,2025-10-13T15:09:00+05:30,77.65,eod_square_off,1,65,549.2500000000002,11.0175,11.045,7.247393639129808,7.469229522722126,0.8285959498710309,0.9997898994529305,28449225,16789425
NIFTY25101425200PE,buy,current,2025-10-14T09:40:00+05:30,26.75,2025-10-14T10:26:00+05:30,48.75,candle_reversal,1,65,1430.0,10.96,11.4025,11.613214409800316,10.765462835928895,0.909674551941992,0.5659770038232844,23296650,18908550
NIFTY25101425200PE,buy,current,2025-10-14T10:30:00+05:30,46.95,2025-10-14T10:46:00+05:30,30.5,stop,1,65,-1069.2500000000002,11.3725,11.2275,10.136997758941577,10.931972435220596,0.576613897164271,0.6303728670162161,20114925,23563650
NIFTY25101425200PE,buy,current,2025-10-14T10:55:00+05:30,39.2,2025-10-14T12:35:00+05:30,107.5,candle_reversal,1,65,4439.5,11.2575,11.4925,9.297059886982044,8.794601678653542,0.6479266383979868,0.5027265959985412,24336300,9501600
NIFTY25101425100CE,buy,current,2025-10-14T13:00:00+05:30,32.25,2025-10-14T15:09:00+05:30,54.7,eod_square_off,1,65,1459.2500000000002,11.585,11.16,8.236878055885757,12.688828222547867,0.4978513493024678,0.814561807387995,26292000,10143375
NIFTY25102826000PE,buy,current,2025-10-23T09:55:00+05:30,75.9,2025-10-23T10:11:00+05:30,67.4,candle_reversal,1,65,-552.5,11.8775,11.945,10.410977249602853,8.316848007961278,1.1906215945700296,1.170665316007285,12903975,13257825
NIFTY25102826100CE,buy,current,2025-10-23T10:15:00+05:30,159.25,2025-10-23T12:20:00+05:30,149.95,candle_reversal,1,65,-604.5000000000007,11.955,11.84,8.013617009289693,6.4728440190858985,1.2289319936723972,1.4140950754167365,9639150,9743100
NIFTY25102826000PE,buy,current,2025-10-23T13:00:00+05:30,64.4,2025-10-23T13:19:00+05:30,60.0,candle_reversal,1,65,-286.00000000000034,11.7975,11.8425,8.089747165574314,8.110505400910661,1.5097729646944265,1.3707601814689419,15541575,15094275
NIFTY25102826000PE,buy,current,2025-10-23T13:25:00+05:30,65.6,2025-10-23T14:43:00+05:30,73.5,candle_reversal,1,65,513.5000000000003,11.815,11.7025,8.907234953851765,13.046162585733896,1.3848111597871773,0.8808624981856459,15171600,10081575
NIFTY25102826000CE,buy,current,2025-10-24T09:40:00+05:30,99.3,2025-10-24T10:18:00+05:30,64.55,stop,1,65,-2258.75,11.7325,11.9075,14.633442185843341,10.324324131158344,0.9330198115039656,0.8906598826644515,17178150,19302600
NIFTY25102825900PE,buy,current,2025-10-24T10:20:00+05:30,118.55,2025-10-24T12:39:00+05:30,99.25,candle_reversal,1,65,-1254.4999999999998,11.8825,11.6775,10.44758669321841,7.3711581176097924,0.8078751725804638,0.6612296549658544,15129525,10820700
NIFTY25102825800PE,buy,current,2025-10-24T12:55:00+05:30,79.0,2025-10-24T13:55:00+05:30,120.05,candle_reversal,1,65,2668.25,11.6825,11.7575,7.288146916350182,9.460101891468172,0.6500706432404848,0.37863456186923905,19009875,10353450
NIFTY25102825700PE,buy,current,2025-10-24T14:00:00+05:30,72.9,2025-10-24T14:28:00+05:30,54.2,candle_reversal,1,65,-1215.5000000000002,11.7725,11.625,9.656122972777391,8.683204853811663,0.3847375344438444,0.41485238282546777,12239025,13853475
NIFTY25102825800CE,buy,current,2025-10-24T14:30:00+05:30,93.25,2025-10-24T15:09:00+05:30,107.75,eod_square_off,1,65,942.5,11.6825,11.61,8.398690221396595,9.488516590141094,0.40902360382675457,0.4132989753579657,14797500,12743325
NIFTY25102826000CE,buy,current,2025-10-27T09:40:00+05:30,82.35,2025-10-27T13:19:00+05:30,64.7,candle_reversal,1,65,-1147.2499999999995,12.235,12.565,11.776459275387648,7.515404893759686,0.8732303668627703,1.3053107776253214,18382650,20217300
NIFTY25102826000CE,buy,current,2025-10-27T13:55:00+05:30,73.1,2025-10-27T14:49:00+05:30,59.9,candle_reversal,1,65,-857.9999999999998,12.4175,11.9725,7.285878610806625,7.812483114237769,1.0921995134632458,1.170638065633676,22755525,19944000
NIFTY25102826000PE,buy,current,2025-10-28T09:45:00+05:30,42.95,2025-10-28T10:44:00+05:30,127.35,candle_reversal,1,65,5485.999999999999,12.37,12.515,13.991484751173555,9.054216468736804,1.2437964721601429,0.6061534482637166,26663850,10211700
NIFTY25102825900PE,buy,current,2025-10-28T10:45:00+05:30,58.2,2025-10-28T12:36:00+05:30,37.85,stop,1,65,-1322.75,12.485,12.31,9.054216468736804,10.266911076794258,0.6061534482637166,0.5984883024567083,16580775,14451975
NIFTY25102826000CE,buy,current,2025-10-28T12:45:00+05:30,23.15,2025-10-28T13:05:00+05:30,15.05,stop,1,65,-526.4999999999999,12.26,12.1625,9.76972073464581,11.68222743879797,0.6719893406556923,0.7942001491329997,34156350,33456150
NIFTY25102825900PE,buy,current,2025-10-28T13:45:00+05:30,35.0,2025-10-28T14:36:00+05:30,64.2,candle_reversal,1,65,1898.0000000000002,12.12,12.2975,10.219636732644352,14.051050115778404,0.7988371862458072,0.6090723777313436,28488675,10747350
NIFTY25110425900PE,buy,current,2025-10-29T09:40:00+05:30,96.0,2025-10-29T10:02:00+05:30,81.4,candle_reversal,1,65,-948.9999999999997,12.065,11.9375,12.28456815873594,9.485443028715808,4.084408412830527,3.8945865692096846,6352350,6927300
NIFTY25110425950CE,buy,current,2025-10-29T10:05:00+05:30,211.2,2025-10-29T10:50:00+05:30,254.4,candle_reversal,1,65,2808.000000000001,11.9425,12.045,9.428264652310977,7.148268528354239,3.9273525631872053,5.732039994605737,2868225,1662525
NIFTY25110425950CE,buy,current,2025-10-29T10:55:00+05:30,245.15,2025-10-29T11:35:00+05:30,246.7,candle_reversal,1,65,100.74999999999889,11.9625,11.9675,7.001382169885488,6.802523455028475,5.760160417546149,5.706458666616181,1662675,1778925
NIFTY25110425950CE,buy,current,2025-10-29T11:40:00+05:30,243.45,2025-10-29T14:49:00+05:30,234.35,candle_reversal,1,65,-591.4999999999997,11.9625,11.9775,6.696589244040792,7.5047269914471455,5.777905104650062,7.555005900513762,1792350,1210800
NIFTY25110425900PE,buy,current,2025-10-30T09:45:00+05:30,117.1,2025-10-30T10:04:00+05:30,119.45,candle_reversal,1,65,152.75000000000057,12.1725,12.1625,10.246301800975948,8.622244030234857,3.4336067035122126,2.6064743329269944,6969750,6764850
NIFTY25110425900PE,buy,current,2025-10-30T10:05:00+05:30,110.9,2025-10-30T11:14:00+05:30,91.25,candle_reversal,1,65,-1277.2500000000005,12.1375,12.0525,8.622244030234857,6.8662908913373615,2.6064743329269944,2.9348486826997116,6764850,8850375
NIFTY25110425950CE,buy,current,2025-10-30T11:15:00+05:30,154.15,2025-10-30T11:56:00+05:30,126.45,candle_reversal,1,65,-1800.5000000000002,12.005,12.0775,6.8662908913373615,6.516995344485383,3.0336264584563732,3.1115791646339175,5228475,5480700
NIFTY25110425900PE,buy,current,2025-10-30T12:00:00+05:30,107.9,2025-10-30T12:24:00+05:30,100.6,candle_reversal,1,65,-474.50000000000074,12.07,12.0075,6.542306403729754,6.941679366986555,2.8317197479624094,2.5940506951159583,8881500,8779350
NIFTY25110425900CE,buy,current,2025-10-30T13:15:00+05:30,163.7,2025-10-30T15:09:00+05:30,133.75,eod_square_off,1,65,-1946.7499999999993,11.975,12.15,6.228091682073036,9.48806072186217,2.623661383171674,2.053978849922744,7082175,8934225
NIFTY25110425900PE,buy,current,2025-10-31T09:45:00+05:30,77.1,2025-10-31T10:45:00+05:30,127.35,candle_reversal,1,65,3266.25,12.025,12.095,11.643531795067398,8.536096204092754,3.641590353822087,1.4599231927710843,18569100,9065775
NIFTY25110425800PE,buy,current,2025-10-31T10:50:00+05:30,82.05,2025-10-31T11:35:00+05:30,89.55,candle_reversal,1,65,487.5,12.1,12.1175,7.83987905261069,6.951362669121288,1.5046777444607249,1.1897679916015946,13518525,12842700
NIFTY25110425900CE,buy,current,2025-10-31T11:55:00+05:30,82.55,2025-10-31T12:24:00+05:30,71.95,candle_reversal,1,65,-688.9999999999997,12.08,12.1175,6.4553420564192106,6.996018162547534,1.245568652233409,1.4533220896933445,20235525,19536900
NIFTY25110425900CE,buy,current,2025-10-31T13:05:00+05:30,79.2,2025-10-31T13:24:00+05:30,70.0,candle_reversal,1,65,-598.0000000000002,12.125,12.1275,7.823003474384045,6.184362623883118,1.347368318848073,1.3760912697195429,20260950,20207025
NIFTY25110425800CE,buy,current,2025-10-31T14:30:00+05:30,105.7,2025-10-31T14:47:00+05:30,106.1,candle_reversal,1,65,25.999999999999446,12.115,12.125,8.45727697664581,7.087191614466708,1.1047975305030464,1.1657326632709781,16112925,15436275
NIFTY25110425800CE,buy,current,2025-11-03T09:40:00+05:30,70.4,2025-11-03T10:49:00+05:30,79.1,candle_reversal,1,65,565.4999999999993,12.675,12.725,14.455062778136366,8.155864068403881,1.0602183205376101,1.3352215768955367,17131500,18299400
NIFTY25110425800CE,buy,current,2025-11-03T10:50:00+05:30,78.95,2025-11-03T12:02:00+05:30,55.05,candle_reversal,1,65,-1553.5000000000005,12.74,12.595,8.155864068403881,6.7958427393967185,1.3578616180080234,1.1883211799118363,18184950,21158775
NIFTY25110425700PE,buy,current,2025-11-03T12:05:00+05:30,57.9,2025-11-03T12:20:00+05:30,59.3,candle_reversal,1,65,90.99999999999991,12.605,12.63,6.566058280398251,5.9996163195297,1.1905736744229658,1.1408928700552492,23290650,23025300
NIFTY25110425700PE,buy,current,2025-11-03T12:30:00+05:30,59.4,2025-11-03T12:40:00+05:30,56.8,candle_reversal,1,65,-169.00000000000009,12.6375,12.575,7.133158666699927,7.157906685303162,1.1818589162438158,1.1316828810616801,23679450,23599125
NIFTY25110425800CE,buy,current,2025-11-03T12:45:00+05:30,58.25,2025-11-03T13:05:00+05:30,57.8,candle_reversal,1,65,-29.250000000000185,12.5375,12.675,7.08918999476643,6.191249413145927,1.1022051688954144,1.1718212837029813,22549950,21724125
NIFTY25110425700PE,buy,current,2025-11-03T13:50:00+05:30,50.1,2025-11-03T13:58:00+05:30,41.2,candle_reversal,1,65,-578.4999999999999,12.695,12.7025,8.230679771417691,8.187200469533511,1.2707884644370384,1.2427032550525823,24113550,24402450
NIFTY25110425700PE,buy,current,2025-11-04T09:50:00+05:30,59.75,2025-11-04T10:25:00+05:30,44.9,candle_reversal,1,65,-965.2500000000001,12.9025,12.7375,10.357372571053236,7.435356662505417,0.7942912602907488,0.8104330899859434,22576800,24738675
NIFTY25110425700PE,buy,current,2025-11-04T11:10:00+05:30,52.05,2025-11-04T12:04:00+05:30,52.4,candle_reversal,1,65,22.750000000000092,12.6725,12.6975,6.875329039430658,6.916352675169036,0.8419214063699704,0.6799006428917157,28939950,20140050
NIFTY25110425650PE,buy,current,2025-11-04T12:05:00+05:30,27.45,2025-11-04T12:46:00+05:30,23.15,candle_reversal,1,65,-279.50000000000006,12.705,12.6825,6.916352675169036,5.805427168942968,0.6799375449570745,0.7263670143367428,22815000,26160675
NIFTY25111125600PE,buy,current,2025-11-06T09:45:00+05:30,100.55,2025-11-06T11:49:00+05:30,124.0,candle_reversal,1,65,1524.2500000000002,12.5425,12.45,12.620110932358928,5.47591037800341,0.5073644857095783,0.31395999945192216,9296625,7576500
NIFTY25111125600PE,buy,current,2025-11-06T11:50:00+05:30,123.05,2025-11-06T12:19:00+05:30,125.85,candle_reversal,1,65,181.99999999999983,12.4525,12.5825,5.47591037800341,6.661031687149403,0.31395908598884664,0.3350730376380429,7576500,7968900
NIFTY25111125600PE,buy,current,2025-11-06T12:30:00+05:30,131.4,2025-11-06T15:09:00+05:30,134.75,eod_square_off,1,65,217.74999999999963,12.56,12.4125,7.507458881928467,8.818615469141587,0.32437186969659343,0.2762983285235261,7834575,6268050
NIFTY25111125600CE,buy,current,2025-11-07T09:40:00+05:30,29.25,2025-11-07T09:54:00+05:30,26.8,candle_reversal,1,65,-159.24999999999994,12.495,12.3525,13.833399054542095,12.41121367320053,0.15790908718008112,0.1507662648709554,13715025,13285050
NIFTY25111125700CE,buy,current,2025-11-07T09:55:00+05:30,15.3,2025-11-07T10:57:00+05:30,13.9,candle_reversal,1,65,-91.00000000000003,12.3775,12.3375,12.41121367320053,7.518750164145334,0.14877753748029765,0.14331066741044235,13767900,14087925
NIFTY25111125600CE,buy,current,2025-11-07T11:05:00+05:30,24.0,2025-11-07T11:38:00+05:30,48.3,candle_reversal,1,65,1579.4999999999998,12.33,12.31,7.592889983465318,8.015154717897452,0.14006671815163652,0.16754268730124935,14756850,12754500
NIFTY25111125550PE,buy,current,2025-11-07T14:00:00+05:30,109.85,2025-11-07T14:26:00+05:30,92.7,candle_reversal,1,65,-1114.7499999999995,12.49,12.4625,7.731994427268105,8.16580109509099,0.22567342096230614,0.18463254604990176,6093075,3879750
NIFTY25111125600CE,buy,current,2025-11-10T09:40:00+05:30,65.7,2025-11-10T09:59:00+05:30,64.35,candle_reversal,1,65,-87.75000000000055,12.675,12.6025,11.858001219474641,10.165005981872715,0.23926546438892343,0.2812142913402524,21353175,20885475
NIFTY25111125550PE,buy,current,2025-11-10T10:05:00+05:30,65.25,2025-11-10T10:19:00+05:30,42.4,stop,1,65,-1485.25,12.6225,12.515,9.910811931091894,8.88403231005916,0.2597237197635169,0.29410517047469836,11770425,13144200
NIFTY25111125600CE,buy,current,2025-11-10T10:20:00+05:30,85.05,2025-11-10T11:34:00+05:30,95.15,candle_reversal,1,65,656.5000000000006,12.505,12.4675,8.88403231005916,5.3572435718196525,0.29410517047469836,0.5534478859583435,21510150,13407150
NIFTY25111125700CE,buy,current,2025-11-10T11:35:00+05:30,43.6,2025-11-10T13:05:00+05:30,38.8,candle_reversal,1,65,-312.0000000000003,12.4675,12.4075,5.3572435718196525,4.877225174922687,0.5534499171933207,0.5883945248286147,16557900,18695775
NIFTY25111125600PE,buy,current,2025-11-10T13:45:00+05:30,57.75,2025-11-10T14:27:00+05:30,37.55,stop,1,65,-1313.0000000000002,12.4475,12.3625,5.873356657550837,6.345881189886247,0.5614934776172834,0.4861037348545884,25871550,23491800
NIFTY25111125600CE,buy,current,2025-11-11T09:45:00+05:30,22.95,2025-11-11T09:52:00+05:30,18.15,candle_reversal,1,65,-312.00000000000006,12.7,12.7175,11.791415310385007,10.70238863378639,0.1619626821025566,0.14749945423142286,37250850,38771250
NIFTY25111125550PE,buy,current,2025-11-11T09:55:00+05:30,76.95,2025-11-11T09:59:00+05:30,62.2,candle_reversal,1,65,-958.75,12.715,12.665,10.176294281173005,9.253523610957362,0.14523434302712673,0.14362940693556364,10547400,10597650
NIFTY25111125600CE,buy,current,2025-11-11T10:00:00+05:30,20.05,2025-11-11T10:14:00+05:30,15.9,candle_reversal,1,65,-269.75,12.6825,12.7075,9.253523610957362,10.141054245125954,0.14362940693556364,0.16878847874817957,39467475,39146925
NIFTY25111125550PE,buy,current,2025-11-11T10:25:00+05:30,73.5,2025-11-11T10:54:00+05:30,90.85,candle_reversal,1,65,1127.7499999999995,12.8875,12.865,8.405531485849162,7.417597832384867,0.15042259706481967,0.09837508494152125,11593950,6510375
NIFTY25111125550PE,buy,current,2025-11-11T10:55:00+05:30,88.0,2025-11-11T11:40:00+05:30,74.8,candle_reversal,1,65,-858.0000000000002,12.865,12.67,7.417597832384867,5.683531144634604,0.09873236229753775,0.10328490500597326,6787875,7591050
NIFTY25111125550CE,buy,current,2025-11-11T11:50:00+05:30,19.5,2025-11-11T12:56:00+05:30,36.7,candle_reversal,1,65,1118.0000000000002,12.5825,12.635,5.43538919310302,6.688617260445231,0.11853455786335043,0.35250415260186596,29739750,16766925
NIFTY25111826000CE,buy,current,2025-11-12T09:45:00+05:30,87.9,2025-11-12T12:01:00+05:30,98.4,candle_reversal,1,65,682.5,11.9525,11.8575,13.166424805722249,4.838263130514115,0.5729643908787972,1.1012082466606652,9350400,9039000
NIFTY25111826000CE,buy,current,2025-11-12T12:10:00+05:30,104.2,2025-11-12T12:55:00+05:30,110.3,candle_reversal,1,65,396.49999999999966,12.0975,12.08,4.715298782471686,4.897729977161295,1.110906035182497,1.3155466218428051,9171825,8393550
NIFTY25111825900PE,buy,current,2025-11-12T14:10:00+05:30,112.85,2025-11-12T15:09:00+05:30,109.25,eod_square_off,1,65,-233.99999999999963,12.145,12.1275,6.05309661681703,5.668795215726059,1.3404225758723973,1.1305602480056578,11993325,9134775
NIFTY25111825900CE,buy,current,2025-11-13T09:50:00+05:30,142.45,2025-11-13T09:55:00+05:30,125.0,candle_reversal,1,65,-1134.2499999999993,11.9775,12.045,9.576102820295509,8.849359300218172,0.7519201492622735,0.8135231463298751,8798100,8532075
NIFTY25111825900CE,buy,current,2025-11-13T10:10:00+05:30,149.75,2025-11-13T12:34:00+05:30,185.65,candle_reversal,1,65,2333.5000000000005,11.9075,12.145,7.985585250947179,4.989370047402068,0.7938612718893486,1.411447879406301,9010050,4471650
NIFTY25111826000CE,buy,current,2025-11-13T12:35:00+05:30,123.85,2025-11-13T13:50:00+05:30,135.7,candle_reversal,1,65,770.2499999999997,12.1475,12.095,4.989370047402068,6.1325202417467635,1.411447879406301,1.5033282810131725,9199050,8813100
NIFTY25111825900PE,buy,current,2025-11-13T14:00:00+05:30,106.4,2025-11-13T15:09:00+05:30,130.45,eod_square_off,1,65,1563.2499999999989,12.135,12.225,8.170303859448476,8.56511462845718,1.4310759440096652,0.8044761218127068,10587975,7795050
NIFTY25111825800PE,buy,current,2025-11-14T09:40:00+05:30,92.75,2025-11-14T10:52:00+05:30,106.2,candle_reversal,1,65,874.2500000000002,12.135,12.275,14.569922997217086,8.166844487369508,0.6161844755138585,0.36917944984307566,15084000,12676725
NIFTY25111825800PE,buy,current,2025-11-14T10:55:00+05:30,85.5,2025-11-14T11:12:00+05:30,66.65,candle_reversal,1,65,-1225.2499999999995,12.1725,12.0075,10.098452644721567,8.94209690622281,0.3961652671114,0.475448663518295,12749625,15004500
NIFTY25111825800PE,buy,current,2025-11-14T11:20:00+05:30,86.3,2025-11-14T12:27:00+05:30,73.65,candle_reversal,1,65,-822.2499999999994,12.0625,12.025,9.730904498116148,7.4908113805860035,0.5027842760882171,0.42624456524137355,15134175,14761200
NIFTY25111825900CE,buy,current,2025-11-14T13:20:00+05:30,93.65,2025-11-14T13:39:00+05:30,72.5,candle_reversal,1,65,-1374.7500000000005,12.05,12.1375,7.299830182223567,7.6701708752949855,0.4132364417285616,0.4263783296522802,19658175,19612950
NIFTY25111825800CE,buy,current,2025-11-14T14:05:00+05:30,121.3,2025-11-14T15:09:00+05:30,191.1,eod_square_off,1,65,4537.0,12.1675,11.88,7.160212763445068,14.305339658694162,0.3545829754013269,0.5073087616886519,16651950,9927375
NIFTY25111825900PE,buy,current,2025-11-17T10:05:00+05:30,46.25,2025-11-17T10:21:00+05:30,41.75,candle_reversal,1,65,-292.5,11.98,11.925,8.205174685689885,6.135287910327527,0.89473596541098,0.847677802683573,19512300,19402575
NIFTY25111825900PE,buy,current,2025-11-17T10:30:00+05:30,51.25,2025-11-17T11:52:00+05:30,39.9,candle_reversal,1,65,-737.7500000000001,12.0025,11.8775,6.86915839697346,5.234637572289192,0.8747064796044758,0.7635563471886605,20026125,21097125
NIFTY25111826000CE,buy,current,2025-11-17T12:00:00+05:30,71.8,2025-11-17T15:09:00+05:30,73.75,eod_square_off,1,65,126.75000000000018,11.885,11.79,5.168353014274277,5.132524362502356,0.8275152762197738,1.138554696068671,28638600,24478800
NIFTY25111825900PE,buy,current,2025-11-18T09:40:00+05:30,35.15,2025-11-18T10:05:00+05:30,47.0,candle_reversal,1,65,770.2500000000001,11.9225,12.1175,8.622244579341801,7.69504280930496,0.9647021305195608,0.5837620774624559,27314250,21925050
NIFTY25111825900PE,buy,current,2025-11-18T10:15:00+05:30,53.75,2025-11-18T10:20:00+05:30,41.4,candle_reversal,1,65,-802.7500000000001,12.2475,12.1925,6.167027493318993,6.049161576224459,0.5941174459512308,0.5823158321508211,23589525,23750025
NIFTY25111826000CE,buy,current,2025-11-18T10:50:00+05:30,19.0,2025-11-18T11:06:00+05:30,17.8,candle_reversal,1,65,-77.99999999999996,12.14,12.12,6.282172248561742,5.7522725915289845,0.5944334195901435,0.6989156483397244,47450325,47921550
NIFTY25111826000CE,buy,current,2025-11-18T11:15:00+05:30,21.3,2025-11-18T11:27:00+05:30,18.0,candle_reversal,1,65,-214.50000000000006,12.1025,12.06,4.772945240065805,4.358926752204739,0.7095628284768152,0.7880363991456806,48765825,47274000
NIFTY25112526000CE,buy,current,2025-11-19T09:40:00+05:30,119.35,2025-11-19T10:41:00+05:30,136.2,candle_reversal,1,65,1095.2499999999995,11.9875,11.825,10.961299394509954,5.016504176727682,1.0751293566550892,1.4181396265858834,17062275,16663650
NIFTY25112526000CE,buy,current,2025-11-19T10:55:00+05:30,134.25,2025-11-19T10:59:00+05:30,128.2,candle_reversal,1,65,-393.25000000000074,11.855,11.8675,5.842785980341057,5.721526902850639,1.3740906543012452,1.3709574862942433,17297625,17332350
NIFTY25112525900PE,buy,current,2025-11-19T11:05:00+05:30,108.55,2025-11-19T11:20:00+05:30,112.3,candle_reversal,1,65,243.75,11.8725,11.8375,5.446901752878335,5.984149706824967,1.3627950581110553,1.1902830067581387,15174825,14291475
NIFTY25112525900PE,buy,current,2025-11-19T11:25:00+05:30,107.8,2025-11-19T11:45:00+05:30,94.5,candle_reversal,1,65,-864.4999999999998,11.825,11.7475,5.184151129129248,4.632733992036875,1.1846114722304506,1.2724668809691277,14493525,14714625
NIFTY25112526000PE,buy,current,2025-11-19T13:30:00+05:30,123.45,2025-11-19T14:15:00+05:30,110.55,candle_reversal,1,65,-838.5000000000003,11.9,12.26,4.943313381373622,6.498616605805718,2.069415345031762,1.9084873312415542,18556350,18066975
NIFTY25112526000PE,buy,current,2025-11-20T09:45:00+05:30,91.4,2025-11-20T10:07:00+05:30,81.6,candle_reversal,1,65,-637.0000000000007,11.95,11.8725,9.838598096542412,8.066984812116717,1.6141668858223632,1.5382779379742761,15027825,15280050
NIFTY25112526100CE,buy,current,2025-11-20T10:10:00+05:30,138.8,2025-11-20T10:57:00+05:30,154.9,candle_reversal,1,65,1046.4999999999995,11.8725,11.835,7.534032822692319,4.698388474410514,1.5557822862300357,2.065668549656195,14803950,11297250
NIFTY25112526100CE,buy,current,2025-11-20T11:00:00+05:30,148.5,2025-11-20T11:39:00+05:30,158.6,candle_reversal,1,65,656.4999999999997,11.85,11.82,4.76417169477233,3.8343879627793997,2.0685550175422645,2.0599354856598855,11242575,11669700
NIFTY25112526100CE,buy,current,2025-11-20T11:40:00+05:30,158.5,2025-11-20T13:08:00+05:30,166.8,candle_reversal,1,65,539.5000000000007,11.8125,11.8225,3.8343879627793997,4.395334885182661,2.091770581012134,2.7975460413897855,11511900,8046450
NIFTY25112526000PE,buy,current,2025-11-20T14:30:00+05:30,46.45,2025-11-20T14:37:00+05:30,44.95,candle_reversal,1,65,-97.5,12.24,12.2225,6.573573415837177,7.347316346034542,3.6216505928654956,3.5930426660523884,16711500,16661250
NIFTY25112526100PE,buy,current,2025-11-21T09:45:00+05:30,100.35,2025-11-21T11:11:00+05:30,102.85,candle_reversal,1,65,162.5,13.6925,13.7125,10.87077168378236,6.75864910273937,3.2270319436826984,1.8046066281456363,16398075,12804975
NIFTY25112526000PE,buy,current,2025-11-21T11:15:00+05:30,59.0,2025-11-21T11:47:00+05:30,63.05,candle_reversal,1,65,263.24999999999983,13.685,13.665,6.8049023610491535,6.139959626388223,1.8169141027363518,1.9259059426887066,17916375,18715200
NIFTY25112526000PE,buy,current,2025-11-21T11:50:00+05:30,62.2,2025-11-21T12:05:00+05:30,55.8,candle_reversal,1,65,-416.00000000000034,13.6275,13.645,5.749506004385466,5.102480141839021,1.9296145365385762,1.9600296712958853,18757500,18978225
NIFTY25112526100CE,buy,current,2025-11-21T12:15:00+05:30,127.75,2025-11-21T13:18:00+05:30,117.0,candle_reversal,1,65,-698.75,13.6025,13.395,5.057169764057617,6.594168713512479,2.009265506032436,3.019414928239008,18204000,11013000
NIFTY25112526100CE,buy,current,2025-11-21T13:55:00+05:30,125.0,2025-11-21T15:09:00+05:30,98.2,eod_square_off,1,65,-1741.9999999999998,13.435,13.69,7.040281716416013,6.992360040959149,2.4260806189381623,2.077896749099428,13994175,13378500
NIFTY25112526100PE,buy,current,2025-11-24T09:45:00+05:30,87.75,2025-11-24T09:51:00+05:30,64.3,candle_reversal,1,65,-1524.2500000000002,13.055,13.0075,8.771354073237687,8.846530365100366,1.5998465586643584,1.521231635184125,16048950,15794325
NIFTY25112526100CE,buy,current,2025-11-24T10:05:00+05:30,97.05,2025-11-24T11:01:00+05:30,86.1,candle_reversal,1,65,-711.7500000000002,12.95,12.94,7.5805911376793516,5.66354548744395,1.605625902159466,2.1342848154936127,24335325,20169975
NIFTY25112526100CE,buy,current,2025-11-24T11:30:00+05:30,97.25,2025-11-24T11:48:00+05:30,83.4,candle_reversal,1,65,-900.2499999999997,12.865,12.785,5.607999336884055,5.63412385920626,1.8178705398897534,1.974416845871065,22832925,21227700
NIFTY25112526100PE,buy,current,2025-11-24T11:50:00+05:30,64.9,2025-11-24T12:02:00+05:30,68.65,candle_reversal,1,65,243.75,12.8275,12.915,5.4531150121202545,6.423742795324182,1.9397764457036304,1.5337369962167768,20769450,17825325
NIFTY25112526000PE,buy,current,2025-11-24T12:05:00+05:30,36.0,2025-11-24T12:36:00+05:30,34.8,candle_reversal,1,65,-78.00000000000018,12.9375,12.8425,6.187563940866211,7.273246170168405,1.536077702747699,1.3376716730344884,19351050,19150725
NIFTY25112526100CE,buy,current,2025-11-24T14:15:00+05:30,53.6,2025-11-24T15:03:00+05:30,40.9,candle_reversal,1,65,-825.5000000000002,12.825,13.22,7.0744418856725435,10.289471893542423,1.2436186619866827,1.1896584997105253,30834900,27462600
NIFTY25112525900PE,buy,current,2025-11-25T09:40:00+05:30,22.15,2025-11-25T10:10:00+05:30,14.4,stop,1,65,-503.7499999999999,12.43,12.58,12.277686253094185,7.84669656608425,1.085269354898293,1.317615726876016,22835775,25702125
NIFTY25112526100CE,buy,current,2025-11-25T10:15:00+05:30,26.6,2025-11-25T10:35:00+05:30,17.3,stop,1,65,-604.5,12.5025,12.6275,7.953141936274937,7.058808706274407,1.4915943769776174,1.4759037599487697,25860225,27798225
NIFTY25112526000PE,buy,current,2025-11-25T10:45:00+05:30,51.9,2025-11-25T11:50:00+05:30,56.3,candle_reversal,1,65,285.9999999999999,12.5875,12.5775,6.864007493688475,5.836756402728699,1.4056325568722643,1.0138352054048212,29687400,19013475
NIFTY25112525900PE,buy,current,2025-11-25T11:55:00+05:30,13.5,2025-11-25T12:36:00+05:30,12.95,candle_reversal,1,65,-35.75000000000004,12.46,12.6475,5.637044450706327,7.269986594297655,1.003473193384919,1.1202147618078573,29244450,32952750
NIFTY25112526000CE,buy,current,2025-11-25T13:10:00+05:30,33.5,2025-11-25T13:45:00+05:30,21.8,stop,1,65,-760.5,12.5225,12.4925,8.39264600620888,8.534059624273539,1.2415127788798408,1.2403154575952415,36082950,35079000
NIFTY25112526000CE,buy,current,2025-11-25T13:55:00+05:30,24.7,2025-11-25T14:24:00+05:30,16.05,stop,1,65,-562.2499999999999,12.46,12.435,7.650800035122763,7.922671204474898,1.241851494253665,1.3395907686856967,35565900,33770475
NIFTY25120226000PE,buy,current,2025-11-26T09:40:00+05:30,108.45,2025-11-26T09:45:00+05:30,93.3,candle_reversal,1,65,-984.7500000000003,11.7925,11.855,9.519782017640882,9.43867593179532,0.5909086766037346,0.6754951149921501,12739425,13855050
NIFTY25120226100CE,buy,current,2025-11-26T09:50:00+05:30,160.0,2025-11-26T10:53:00+05:30,169.0,candle_reversal,1,65,585.0,11.9725,11.875,8.335228115577156,7.776291272016712,0.7440945007429705,1.1469537725639174,6772875,7885125
NIFTY25120226200CE,buy,current,2025-11-26T10:55:00+05:30,114.0,2025-11-26T11:13:00+05:30,118.6,candle_reversal,1,65,298.99999999999966,11.6375,11.6475,7.502984752586999,6.348646567887079,1.1447260101803556,1.175128074988078,7872525,7865325
NIFTY25120226150CE,buy,current,2025-11-26T11:15:00+05:30,148.0,2025-11-26T15:09:00+05:30,180.05,eod_square_off,1,65,2083.250000000001,11.7425,12.0025,6.202314670181067,7.545336363856906,1.175128074988078,1.5370131523265675,3889200,3103425
NIFTY25120226200PE,buy,current,2025-11-27T09:40:00+05:30,92.1,2025-11-27T12:41:00+05:30,90.9,candle_reversal,1,65,-77.99999999999926,12.17,12.015,11.255523004556068,6.05669457279029,1.3915834404438199,1.227359929165232,9862350,11292225
NIFTY25120226200PE,buy,current,2025-11-27T12:45:00+05:30,79.5,2025-11-27T13:55:00+05:30,103.45,candle_reversal,1,65,1556.7500000000002,12.0425,11.8725,6.4706661721648375,7.958163872541512,1.1934325834091781,0.8572652946151678,10636650,8093325
NIFTY25120226200CE,buy,current,2025-11-27T14:25:00+05:30,133.25,2025-11-27T15:09:00+05:30,128.1,eod_square_off,1,65,-334.75000000000034,11.9,11.8675,10.247962298730013,10.621538744173211,0.9130652342987102,0.9928935570641731,11568675,9687825
NIFTY25120226200PE,buy,current,2025-11-28T09:40:00+05:30,81.05,2025-11-28T09:50:00+05:30,70.7,candle_reversal,1,65,-672.7499999999997,11.165,11.2225,12.75197904835815,11.306333221630037,1.174483709121922,1.1771665213349796,17599350,18196125
NIFTY25120226300CE,buy,current,2025-11-28T09:55:00+05:30,86.6,2025-11-28T10:15:00+05:30,78.0,candle_reversal,1,65,-558.9999999999997,11.16,11.245,10.04673399476701,7.640768775376422,1.2915107759412259,1.4782855424740555,16105950,16618425
NIFTY25120226200PE,buy,current,2025-11-28T10:25:00+05:30,75.05,2025-11-28T10:33:00+05:30,66.45,candle_reversal,1,65,-558.9999999999997,11.2925,11.19,7.1306569226471925,7.092000469374589,1.4014273398793082,1.3263131434251092,21786900,21045600
NIFTY25120226300CE,buy,current,2025-11-28T10:35:00+05:30,84.8,2025-11-28T11:24:00+05:30,76.25,candle_reversal,1,65,-555.7499999999998,11.2,11.15,6.903286150133339,7.001364879724919,1.320605881188233,1.6123475064012243,17597625,16960050
NIFTY25120226300CE,buy,current,2025-11-28T11:50:00+05:30,77.25,2025-11-28T13:03:00+05:30,61.35,candle_reversal,1,65,-1033.5,11.2425,11.2425,6.745041530374719,6.306470092910204,1.4372031474085154,1.2584676316741203,18574125,19269750
NIFTY25120226200PE,buy,current,2025-11-28T13:05:00+05:30,73.2,2025-11-28T13:31:00+05:30,64.15,candle_reversal,1,65,-588.2499999999998,11.2475,11.135,6.445293657702332,6.6101810826242895,1.266525866152061,1.2036002668509453,22432200,21513750
NIFTY25120226300PE,buy,current,2025-12-01T09:45:00+05:30,74.85,2025-12-01T12:53:00+05:30,143.3,candle_reversal,1,65,4449.250000000001,11.74,11.7775,9.30365810445156,7.726075157741842,1.2609962551609406,0.6227397030568387,17312700,5880825
NIFTY25120226200PE,buy,current,2025-12-01T12:55:00+05:30,78.4,2025-12-01T13:14:00+05:30,68.8,candle_reversal,1,65,-624.0000000000006,11.775,11.7475,7.677784075045944,6.767285602989256,0.6227397030568387,0.6390860867005005,16093725,16981800
NIFTY25120226200PE,buy,current,2025-12-01T13:35:00+05:30,75.7,2025-12-01T14:03:00+05:30,56.65,candle_reversal,1,65,-1238.2500000000002,11.8475,11.54,5.826569388475576,7.3172895646980995,0.6555247552545703,0.676135636335263,17629650,18775275
NIFTY25120226200CE,buy,current,2025-12-01T14:05:00+05:30,81.1,2025-12-01T14:39:00+05:30,61.5,candle_reversal,1,65,-1273.9999999999995,11.565,11.83,7.4267688815055335,6.569786252820829,0.6849487643778679,0.7581137592849658,28101450,25484925
NIFTY25120226100PE,buy,current,2025-12-02T09:45:00+05:30,50.1,2025-12-02T10:22:00+05:30,53.05,candle_reversal,1,65,191.74999999999972,11.2725,11.3325,10.891238123627478,7.01333023265754,0.5985369713555341,0.4581212503285555,25463775,19308975
NIFTY25120226000PE,buy,current,2025-12-02T10:25:00+05:30,16.3,2025-12-02T10:50:00+05:30,10.6,stop,1,65,-370.50000000000006,11.365,11.515,6.503075557750738,6.317071015659146,0.479081770518181,0.5798480151393147,31092525,35500875
NIFTY25120226100CE,buy,current,2025-12-02T10:55:00+05:30,42.95,2025-12-02T11:14:00+05:30,34.5,candle_reversal,1,65,-549.2500000000002,11.4625,11.74,6.108589266926155,5.353169473674827,0.5834054529847329,0.6183675137907729,38147250,37129350
NIFTY25120226000PE,buy,current,2025-12-02T11:30:00+05:30,14.75,2025-12-02T12:32:00+05:30,9.6,stop,1,65,-334.75,11.8075,11.8075,5.1505111988195456,5.212812864460261,0.5988873692690195,0.540910222593592,37688550,41361300
NIFTY25120226100CE,buy,current,2025-12-02T14:00:00+05:30,10.2,2025-12-02T14:15:00+05:30,6.65,stop,1,65,-230.74999999999994,11.6725,11.755,5.636420765705175,6.401150897689975,0.5726660302987222,0.6069055583711215,55159350,56451075
NIFTY25120926000CE,buy,current,2025-12-03T10:00:00+05:30,125.45,2025-12-03T10:04:00+05:30,112.2,candle_reversal,1,65,-861.25,11.1625,11.1925,8.674384817808944,9.470514075531513,0.7832706369448368,0.7750694150887395,14499000,14561550
NIFTY25120925900PE,buy,current,2025-12-03T10:05:00+05:30,112.3,2025-12-03T11:36:00+05:30,100.8,candle_reversal,1,65,-747.5,11.15,11.0225,9.470514075531513,6.265466385565051,0.7750694150887395,0.6781513350108929,7320000,9537900
NIFTY25120926000CE,buy,current,2025-12-03T11:40:00+05:30,122.9,2025-12-03T12:28:00+05:30,122.85,candle_reversal,1,65,-3.250000000000739,11.005,11.22,7.0385676563725665,5.872943846224315,0.7104775586448362,0.8098485970448512,17301975,16566000
NIFTY25120926000CE,buy,current,2025-12-03T12:30:00+05:30,122.5,2025-12-03T13:47:00+05:30,102.9,candle_reversal,1,65,-1273.9999999999995,11.2625,11.2225,5.789162142922629,5.844713918948975,0.8130523414592898,0.7964934768191622,16566000,16508925
NIFTY25120925900PE,buy,current,2025-12-03T13:50:00+05:30,102.9,2025-12-03T14:50:00+05:30,89.05,candle_reversal,1,65,-900.2500000000006,11.245,11.1775,6.368146185216105,6.156081888784029,0.7579174687984113,0.7810042491499316,10458750,9731925
NIFTY25120926000CE,buy,current,2025-12-04T09:45:00+05:30,141.55,2025-12-04T09:49:00+05:30,136.65,candle_reversal,1,65,-318.50000000000034,11.18,11.1675,10.611155327282134,9.427350945537134,1.078753817023652,1.1374557092556379,14634300,13957950
NIFTY25120926000CE,buy,current,2025-12-04T10:15:00+05:30,151.7,2025-12-04T10:50:00+05:30,184.05,candle_reversal,1,65,2102.7500000000014,11.1425,10.9925,7.335988017585736,6.205676610852701,1.1958726066308394,1.8796573474418212,13411725,8879550
NIFTY25120926100CE,buy,current,2025-12-04T10:55:00+05:30,120.85,2025-12-04T11:54:00+05:30,84.1,candle_reversal,1,65,-2388.75,11.055,11.07,6.047063194568885,7.532188522560588,1.8860824366256983,1.3537447562563287,8799375,11872200
NIFTY25120926000PE,buy,current,2025-12-04T11:55:00+05:30,85.0,2025-12-04T12:03:00+05:30,81.8,candle_reversal,1,65,-208.00000000000017,10.935,10.945,7.532188522560588,6.882117536134614,1.3458950444139786,1.309979237015098,14694000,14589750
NIFTY25120926000PE,buy,current,2025-12-04T12:45:00+05:30,99.55,2025-12-04T13:16:00+05:30,92.5,candle_reversal,1,65,-458.24999999999983,11.06,11.055,6.17204353716086,5.977776688640021,1.2253218289910532,1.1679827075442892,14382375,13765950
NIFTY25120926000PE,buy,current,2025-12-05T09:40:00+05:30,72.2,2025-12-05T10:04:00+05:30,46.95,stop,1,65,-1641.25,10.815,10.665,11.019521554515881,13.595075095037263,1.1648885112190612,1.15997635090669,17276850,17058675
NIFTY25120926100CE,buy,current,2025-12-05T10:05:00+05:30,115.4,2025-12-05T10:30:00+05:30,75.0,stop,1,65,-2626.0000000000005,10.7575,10.65,13.595075095037263,14.569680150856408,1.15997635090669,1.5953514073912598,18241425,14665650
NIFTY25120926000PE,buy,current,2025-12-05T10:35:00+05:30,54.65,2025-12-05T10:54:00+05:30,35.5,stop,1,65,-1244.75,10.5525,10.5625,15.034139025109472,10.893537020764779,1.2636986905339271,1.5109137919466304,18775500,19514400
NIFTY25120926100CE,buy,current,2025-12-05T10:55:00+05:30,118.9,2025-12-05T13:06:00+05:30,157.9,candle_reversal,1,65,2535.0,10.5625,10.48,10.893537020764779,6.9484729963041545,1.5947146376943582,3.4363950395392178,15169725,7807800
NIFTY25120926200CE,buy,current,2025-12-05T13:10:00+05:30,93.3,2025-12-05T14:46:00+05:30,60.65,stop,1,65,-2122.25,10.4775,10.4475,6.490304363294643,8.535784354503532,3.424996941262835,2.9707547317201883,14126325,16696800
NIFTY25120926100PE,buy,current,2025-12-08T09:40:00+05:30,54.3,2025-12-08T11:24:00+05:30,64.0,candle_reversal,1,65,630.5000000000002,10.72,10.6025,11.719103622725198,6.988895959966732,1.9280733751268173,1.113195375448214,18302025,16541100
NIFTY25120926000PE,buy,current,2025-12-08T11:25:00+05:30,28.9,2025-12-08T13:05:00+05:30,35.1,candle_reversal,1,65,403.00000000000017,10.605,10.7925,6.988895959966732,6.671894383138649,1.1217131240886788,0.8331784678361105,21639225,24330375
NIFTY25120925700PE,buy,current,2025-12-09T09:45:00+05:30,27.2,2025-12-09T10:03:00+05:30,28.85,candle_reversal,1,65,107.25000000000014,11.72,11.6225,11.958825242482545,10.487465136671075,0.3871341168747094,0.3281284447737273,16814700,19451100
NIFTY25120925700PE,buy,current,2025-12-09T10:05:00+05:30,27.0,2025-12-09T10:15:00+05:30,17.55,stop,1,65,-614.25,11.5825,11.285,10.406217626908752,10.361404577784663,0.338884296914523,0.3987408405478522,19822125,22326900
NIFTY25120925900CE,buy,current,2025-12-09T10:20:00+05:30,22.5,2025-12-09T10:35:00+05:30,14.65,stop,1,65,-510.25,11.2625,11.38,12.635712363236653,12.19876281331321,0.5076833271139699,0.5482812931635174,24736575,25287150
NIFTY25120925800PE,buy,current,2025-12-09T10:40:00+05:30,44.9,2025-12-09T11:05:00+05:30,33.4,candle_reversal,1,65,-747.5,11.375,11.3925,13.283679058492092,8.407640338151117,0.5160952738902419,0.5356900572729092,21986625,25041075
NIFTY25120925900CE,buy,current,2025-12-09T11:10:00+05:30,26.8,2025-12-09T11:44:00+05:30,17.4,stop,1,65,-611.0000000000001,11.3125,11.305,8.32054653524389,10.101917038922567,0.5837471390602664,0.7040288892527263,27344925,29201250
NIFTY25120925900CE,buy,current,2025-12-09T12:00:00+05:30,25.65,2025-12-09T13:02:00+05:30,16.65,stop,1,65,-585.0,11.18,11.16,9.430750148994857,8.888070728089202,0.6644185185932204,0.795123038345981,29887725,31459875
NIFTY25121625900PE,buy,current,2025-12-10T10:00:00+05:30,114.9,2025-12-10T13:13:00+05:30,159.6,candle_reversal,1,65,2905.499999999999,10.8375,10.905,8.987964189402893,6.280429380339041,0.7732475998427374,0.46419873937541783,9616575,4718775
NIFTY25121625800PE,buy,current,2025-12-10T13:15:00+05:30,114.3,2025-12-10T13:19:00+05:30,99.6,candle_reversal,1,65,-955.5000000000002,10.9425,10.89,6.503255853171811,6.998917816036216,0.45839448598748084,0.4662045331492398,8935350,9216750
NIFTY25121626000CE,buy,current,2025-12-10T13:20:00+05:30,65.7,2025-12-10T14:02:00+05:30,54.85,candle_reversal,1,65,-705.2500000000001,10.87,10.9525,6.998917816036216,7.657819195910512,0.4648020526423293,0.534496908189615,15772350,14876400
NIFTY25121625800PE,buy,current,2025-12-10T14:05:00+05:30,135.2,2025-12-10T14:34:00+05:30,122.35,candle_reversal,1,65,-835.2499999999997,10.9975,10.8925,7.971027776065685,9.221444914105296,0.4988493189938481,0.39768704229615637,9092400,7313025
NIFTY25121625700PE,buy,current,2025-12-11T09:40:00+05:30,106.4,2025-12-11T10:07:00+05:30,72.15,candle_reversal,1,65,-2226.25,10.8625,10.625,15.517355553983576,13.745754440530323,0.3956654619216333,0.382376030139695,6988950,8485500
NIFTY25121625800CE,buy,current,2025-12-11T10:10:00+05:30,122.6,2025-12-11T12:35:00+05:30,191.7,candle_reversal,1,65,4491.5,10.685,10.665,12.96419643086538,8.765817313042808,0.38784347560622223,0.9237038555578334,12068625,4918050
NIFTY25121626000CE,buy,current,2025-12-11T12:40:00+05:30,73.5,2025-12-11T13:10:00+05:30,59.1,candle_reversal,1,65,-935.9999999999999,10.6925,10.655,8.782524424141306,9.045416187334153,0.9305781390583605,0.911498223871412,11574900,11984700
NIFTY25121625800PE,buy,current,2025-12-11T13:15:00+05:30,64.6,2025-12-11T13:33:00+05:30,59.95,candle_reversal,1,65,-302.24999999999943,10.63,10.63,10.386157635528216,9.830794916520253,0.8475061030360023,0.7901906706983232,13078275,12468450
NIFTY25121625900CE,buy,current,2025-12-11T13:35:00+05:30,117.35,2025-12-11T14:02:00+05:30,112.8,candle_reversal,1,65,-295.74999999999983,10.7725,10.6275,9.546452422482988,7.664291866701548,0.79181235017641,0.8525236409372525,10159500,9743850
NIFTY25121626000PE,buy,current,2025-12-12T09:50:00+05:30,73.7,2025-12-12T10:15:00+05:30,76.45,candle_reversal,1,65,178.75,10.14,10.08,8.873450175861183,8.95832861599762,1.3435879847412633,1.0206697748649454,20829150,18218250
NIFTY25121626000PE,buy,current,2025-12-12T10:25:00+05:30,105.05,2025-12-12T10:31:00+05:30,95.2,candle_reversal,1,65,-640.2499999999997,10.115,10.12,9.457760247668144,9.488348906727238,0.9525994404822348,0.8306773348309148,16996275,14164800
NIFTY25121626000CE,buy,current,2025-12-12T10:35:00+05:30,90.25,2025-12-12T12:06:00+05:30,103.45,candle_reversal,1,65,858.0000000000002,10.11,10.235,9.114286642886636,6.124974364977072,0.8362390127020602,1.2263313420700994,23617125,19004550
NIFTY25121626000CE,buy,current,2025-12-12T12:10:00+05:30,94.8,2025-12-12T12:40:00+05:30,106.3,candle_reversal,1,65,747.5,10.0725,10.015,5.951792521812952,5.359748498144712,1.233309177465313,1.3127892880238765,18957750,17879625
NIFTY25121626000CE,buy,current,2025-12-12T13:05:00+05:30,106.85,2025-12-12T14:17:00+05:30,116.35,candle_reversal,1,65,617.5,10.12,10.1625,5.09113308794755,5.145096798367345,1.2742092615444567,1.52593749398669,18415725,15633600
NIFTY25121626000CE,buy,current,2025-12-15T09:50:00+05:30,47.55,2025-12-15T10:35:00+05:30,56.1,candle_reversal,1,65,555.7500000000002,10.4125,10.3975,10.419007963558133,6.451919357326233,0.764378968585639,1.0944092980063265,28436175,26656050
NIFTY25121626000CE,buy,current,2025-12-15T10:40:00+05:30,45.25,2025-12-15T11:09:00+05:30,54.8,candle_reversal,1,65,620.7499999999998,10.39,10.315,7.103478206075752,5.818439149264579,1.0910292212181056,1.2204131618080696,27057750,25811400
NIFTY25121625950PE,buy,current,2025-12-15T11:35:00+05:30,63.7,2025-12-15T11:48:00+05:30,45.85,candle_reversal,1,65,-1160.25,10.165,10.1175,6.110162656636118,6.714395119659286,1.2397823407976152,1.1710532246322871,21682275,21268275
NIFTY25121626000PE,buy,current,2025-12-15T14:00:00+05:30,53.1,2025-12-15T14:42:00+05:30,45.85,candle_reversal,1,65,-471.25,10.245,10.2425,5.017177844873672,5.180856556118295,1.6636498364717502,1.5529102641856154,32017125,29969175
NIFTY25121626000CE,buy,current,2025-12-16T09:50:00+05:30,21.25,2025-12-16T09:58:00+05:30,14.6,candle_reversal,1,65,-432.25,10.1625,10.165,9.085876503763805,9.039956842056402,0.835854690266447,0.8563922157216647,36679800,37611525
NIFTY25121625900PE,buy,current,2025-12-16T10:00:00+05:30,45.1,2025-12-16T10:20:00+05:30,36.25,candle_reversal,1,65,-575.2500000000001,10.205,10.3025,9.10495992476671,7.4205248277648606,0.8563922157216647,0.6589588785249694,34075875,26395425
NIFTY25121625900PE,buy,current,2025-12-16T11:25:00+05:30,35.05,2025-12-16T12:07:00+05:30,39.4,candle_reversal,1,65,282.7500000000001,10.1925,10.29,6.286101383747369,5.654623355873418,0.7172146624421301,0.6505145512166337,31244850,26851875
NIFTY25121625850PE,buy,current,2025-12-16T12:10:00+05:30,17.5,2025-12-16T12:20:00+05:30,13.35,candle_reversal,1,65,-269.75,10.2725,10.2625,5.50577217929887,5.203922170469171,0.6592249047365856,0.6760305473639939,31040100,32388825
NIFTY25121625900CE,buy,current,2025-12-16T13:00:00+05:30,24.05,2025-12-16T13:04:00+05:30,21.25,candle_reversal,1,65,-182.00000000000006,10.2125,10.23,8.977121733798702,7.697355008157296,0.7253442032944495,0.7253681702069297,46800675,46843725
NIFTY25121625900CE,buy,current,2025-12-16T13:40:00+05:30,31.7,2025-12-16T13:58:00+05:30,24.05,candle_reversal,1,65,-497.2499999999999,10.11,10.075,6.005779889740844,7.747814203400367,0.7317176479648483,0.8523372682113336,49369275,36906675
NIFTY25122325950PE,buy,current,2025-12-17T09:40:00+05:30,120.95,2025-12-17T10:34:00+05:30,177.4,candle_reversal,1,65,3669.25,9.99,10.13,9.852616351530216,6.833727595765405,0.25275510017972164,0.14852272817675666,3592275,2104125
NIFTY25122326000PE,buy,current,2025-12-17T10:35:00+05:30,212.7,2025-12-17T11:16:00+05:30,188.25,candle_reversal,1,65,-1589.2499999999993,10.0425,10.0325,6.833727595765405,6.300107509588462,0.14852272817675666,0.14668865454249025,3790950,3886125
NIFTY25122326000PE,buy,current,2025-12-17T11:30:00+05:30,210.1,2025-12-17T11:43:00+05:30,195.2,candle_reversal,1,65,-968.5000000000003,10.0275,9.94,5.952586268282537,5.679272566349995,0.1487909684403548,0.1414291400885281,4031700,3868725
NIFTY25122326000CE,buy,current,2025-12-17T11:50:00+05:30,68.05,2025-12-17T13:32:00+05:30,54.65,candle_reversal,1,65,-870.9999999999999,10.0175,9.9225,5.919673056442174,6.157464152233343,0.14382667316105913,0.12432024153889924,15091275,16590450
NIFTY25122326000CE,buy,current,2025-12-17T14:20:00+05:30,53.75,2025-12-17T15:09:00+05:30,57.05,eod_square_off,1,65,214.49999999999983,9.88,9.805,5.784616283850461,6.212315944255045,0.12326914629308937,0.1232208836629825,16479750,15182550
NIFTY25122326000PE,buy,current,2025-12-18T09:45:00+05:30,254.3,2025-12-18T10:08:00+05:30,240.15,candle_reversal,1,65,-919.7500000000003,9.88,9.87,11.633969154713574,9.195420734586634,0.11974465610131542,0.10787247017570606,3224925,2854050
NIFTY25122326000CE,buy,current,2025-12-18T10:10:00+05:30,37.95,2025-12-18T11:16:00+05:30,50.8,candle_reversal,1,65,835.2499999999997,9.8775,9.8075,9.077890682116108,6.549312560511111,0.10920329451836173,0.14030897424493396,15485250,13473525
NIFTY25122326000CE,buy,current,2025-12-18T11:25:00+05:30,62.05,2025-12-18T12:01:00+05:30,62.1,candle_reversal,1,65,3.250000000000277,9.81,9.755,6.41825166935641,6.269283079469763,0.14131407798802476,0.15134770054554267,13172700,13023750
NIFTY25122326000PE,buy,current,2025-12-18T13:20:00+05:30,152.5,2025-12-18T14:33:00+05:30,194.3,candle_reversal,1,65,2717.000000000001,9.7925,9.72,6.046789218509638,8.61490194832516,0.17211351005414577,0.12294310618265891,4237800,3323250
NIFTY25122326000PE,buy,current,2025-12-19T09:50:00+05:30,107.95,2025-12-19T10:01:00+05:30,99.3,candle_reversal,1,65,-562.2500000000003,9.7025,9.6825,9.523842385173314,8.118181177230438,0.39029492517773695,0.36877905486866297,12865725,12396750
NIFTY25122325950PE,buy,current,2025-12-19T10:15:00+05:30,88.35,2025-12-19T12:09:00+05:30,80.65,candle_reversal,1,65,-500.49999999999926,9.6325,9.535,8.0361859658824,7.280407520950992,0.3645575088980486,0.2703523002160068,13068900,11677425
NIFTY25122326000CE,buy,current,2025-12-19T12:40:00+05:30,63.85,2025-12-19T15:09:00+05:30,67.45,eod_square_off,1,65,234.00000000000009,9.515,9.5025,6.5855583775044195,6.008793305035753,0.28675451048854034,0.40823620892278056,23651700,18834525
NIFTY25122326100PE,buy,current,2025-12-22T09:40:00+05:30,56.75,2025-12-22T11:29:00+05:30,45.15,candle_reversal,1,65,-754.0000000000001,9.695,9.6925,9.381970915507917,4.728314829104876,0.8677445736531498,0.9893143709134528,20282700,29243025
NIFTY25122326100CE,buy,current,2025-12-22T11:30:00+05:30,79.45,2025-12-22T12:35:00+05:30,79.35,candle_reversal,1,65,-6.500000000000554,9.69,9.6975,4.728314829104876,4.53228700326703,0.9893143709134528,1.0923852122794802,17126100,15245100
NIFTY25122326200CE,buy,current,2025-12-22T12:40:00+05:30,30.75,2025-12-22T14:21:00+05:30,27.45,candle_reversal,1,65,-214.50000000000006,9.715,9.7275,4.319951298946143,5.341728856659466,1.0859126728602952,1.0953095896101162,18252750,17486325
NIFTY25122326100PE,buy,current,2025-12-23T09:45:00+05:30,31.45,2025-12-23T09:56:00+05:30,20.45,stop,1,65,-715.0,9.5775,9.53,7.977639084383874,7.822049405510272,0.8431685358789328,0.8014905969427744,32362650,34205325
NIFTY25122326200CE,buy,current,2025-12-23T10:00:00+05:30,26.75,2025-12-23T10:21:00+05:30,21.6,candle_reversal,1,65,-334.7499999999999,9.5075,9.465,7.600726145738136,5.9602172023871205,0.8799888251713016,1.2084288895345432,36887925,33676200
NIFTY25122326200CE,buy,current,2025-12-23T10:45:00+05:30,23.35,2025-12-23T10:56:00+05:30,20.8,candle_reversal,1,65,-165.75000000000006,9.49,9.475,5.525019693843738,5.197872971129961,1.061759007859913,1.0929085346146827,40777050,41256225
NIFTY25122326200CE,buy,current,2025-12-23T11:15:00+05:30,22.9,2025-12-23T11:36:00+05:30,14.9,stop,1,65,-519.9999999999999,9.4925,9.4775,5.253155610576817,5.23466218780679,1.0835511559890953,1.1152255186929938,42956925,42967125
NIFTY25122326150PE,buy,current,2025-12-23T11:40:00+05:30,21.15,2025-12-23T11:58:00+05:30,13.75,stop,1,65,-480.9999999999999,9.46,9.47,5.005576831855689,5.742682916591546,1.1055605424536143,1.0282582408165597,42684600,42941325
NIFTY25123026200PE,buy,current,2025-12-24T09:50:00+05:30,81.45,2025-12-24T10:29:00+05:30,70.65,candle_reversal,1,65,-701.9999999999998,9.345,9.385,8.910646076227584,6.529725860305355,2.3230475105442427,2.692312900199845,16184700,18995775
NIFTY25123026200PE,buy,current,2025-12-24T11:05:00+05:30,81.0,2025-12-24T14:46:00+05:30,95.8,candle_reversal,1,65,961.9999999999998,9.2625,9.2175,6.961678406944777,7.05279842213536,2.309874751794715,1.5933737275648483,16615050,10403925
NIFTY25123026100PE,buy,current,2025-12-26T09:40:00+05:30,72.4,2025-12-26T15:09:00+05:30,86.85,eod_square_off,1,65,939.2499999999993,9.17,9.1825,9.120812668410764,6.732726128177755,1.4948391277703295,0.9033290661630454,15849450,8823825
NIFTY25123026000PE,buy,current,2025-12-29T09:55:00+05:30,27.4,2025-12-29T12:58:00+05:30,59.95,candle_reversal,1,65,2115.7500000000005,9.52,9.6575,7.18158402754242,5.614539095873598,1.1920265246045774,0.6387134836160803,25174700,20534000
NIFTY25123026000PE,buy,current,2025-12-29T13:15:00+05:30,68.1,2025-12-29T13:45:00+05:30,85.25,candle_reversal,1,65,1114.7500000000005,9.72,9.685,5.830386059632461,6.300421979533177,0.6276438925208091,0.5525808523607203,19718750,15074575
NIFTY25123026000CE,buy,current,2025-12-29T14:25:00+05:30,35.9,2025-12-29T14:42:00+05:30,28.35,candle_reversal,1,65,-490.74999999999983,9.6375,9.675,7.272439431315477,6.372976492170918,0.5997467789153339,0.6342508336358544,34448075,33579025
NIFTY25123026000CE,buy,current,2025-12-30T09:45:00+05:30,18.4,2025-12-30T09:48:00+05:30,11.95,stop,1,65,-419.24999999999994,9.9025,9.945,8.643911431518411,9.108743867024168,0.8896868683807097,0.9371496643011419,29430075,29762650
NIFTY25123025900PE,buy,current,2025-12-30T09:50:00+05:30,31.95,2025-12-30T09:52:00+05:30,20.75,stop,1,65,-728.0,9.9225,9.8675,8.843833590808,9.56153513083264,0.9251287795945372,0.8980583041205861,32679600,32717850
NIFTY25123026000CE,buy,current,2025-12-30T09:55:00+05:30,24.6,2025-12-30T10:00:00+05:30,17.8,candle_reversal,1,65,-442.00000000000006,9.91,9.8825,9.419384883218047,8.883769747402576,0.9142536623471142,0.9626911277109969,31791925,30766525
NIFTY25123026000CE,buy,current,2025-12-30T10:15:00+05:30,21.05,2025-12-30T10:39:00+05:30,18.0,candle_reversal,1,65,-198.25000000000006,9.87,9.85,7.975565926732375,6.688329745530766,0.9458840244352398,1.1160187037743152,33937650,33969825
NIFTY25123025900PE,buy,current,2025-12-30T10:55:00+05:30,20.85,2025-12-30T11:43:00+05:30,21.9,candle_reversal,1,65,68.24999999999982,9.79,9.825,6.289189181099331,6.027505267220238,0.9911549925125713,0.7260549265774839,38819025,32831475
NIFTY25123025900PE,buy,current,2025-12-30T11:45:00+05:30,19.2,2025-12-30T12:40:00+05:30,22.9,candle_reversal,1,65,240.49999999999994,9.775,9.8725,5.7969691767044536,5.969900888074476,0.7249114875770044,0.7036395982874278,32831475,30612525
NIFTY26010626050PE,buy,current,2025-12-31T09:45:00+05:30,116.95,2025-12-31T10:10:00+05:30,102.9,candle_reversal,1,65,-913.2499999999998,9.5225,9.4725,11.42014847022922,8.928771349523153,0.2354141373471447,0.22019551089509037,3290170,3643575
NIFTY26010626100CE,buy,current,2025-12-31T10:20:00+05:30,80.6,2025-12-31T10:37:00+05:30,88.6,candle_reversal,1,65,520.0,9.4275,9.3675,7.417258206056012,5.996651814182038,0.22874611381015475,0.29169827928053893,9974705,9357075
NIFTY26010626100CE,buy,current,2025-12-31T10:45:00+05:30,99.05,2025-12-31T11:24:00+05:30,92.7,candle_reversal,1,65,-412.74999999999966,9.43,9.3775,6.350074796918589,5.583036111180156,0.3273674098791648,0.40600696222819693,8211320,9064185
NIFTY26010626200PE,buy,current,2026-01-01T09:40:00+05:30,92.3,2026-01-01T09:51:00+05:30,84.3,candle_reversal,1,65,-520.0,9.3225,9.345,12.492318957974954,10.94672917757705,0.5624656557271632,0.5842566534715385,8182785,8593065
NIFTY26010626200PE,buy,current,2026-01-01T10:00:00+05:30,97.75,2026-01-01T10:26:00+05:30,104.65,candle_reversal,1,65,448.50000000000034,9.305,9.2475,10.661786715381586,9.079713329989401,0.6292579138454919,0.49205850614681595,9435985,7129135
NIFTY26010626200CE,buy,current,2026-01-01T10:50:00+05:30,81.7,2026-01-01T10:57:00+05:30,80.55,candle_reversal,1,65,-74.75000000000037,9.25,9.2675,7.662121966413842,6.534198922568106,0.5487077713321,0.5927343948934135,14608295,14195025
NIFTY26010626200PE,buy,current,2026-01-01T11:10:00+05:30,89.4,2026-01-01T12:28:00+05:30,97.1,candle_reversal,1,65,500.49999999999926,9.265,9.2425,6.672786272002412,7.124241866361413,0.6137462192560066,0.4998942152906989,9279010,7322640
NIFTY26010626200CE,buy,current,2026-01-01T12:50:00+05:30,64.45,2026-01-01T13:24:00+05:30,59.7,candle_reversal,1,65,-308.75,9.2075,9.195,7.893290793924043,7.050754102557767,0.5094102211133098,0.5346756133410407,15407340,15202525
NIFTY26010626200CE,buy,current,2026-01-01T13:30:00+05:30,64.55,2026-01-01T15:09:00+05:30,64.6,eod_square_off,1,65,3.2499999999998153,9.195,9.1675,7.193268788676031,8.503712627567078,0.5096006586199497,0.5282512907053668,15416115,14199055
NIFTY26010626200CE,buy,current,2026-01-02T09:45:00+05:30,110.55,2026-01-02T10:07:00+05:30,121.05,candle_reversal,1,65,682.5,9.2425,9.3625,10.729623046795727,7.394314460005659,0.944203503695862,1.2452877088890983,14203800,10704915
NIFTY26010626300CE,buy,current,2026-01-02T10:15:00+05:30,65.7,2026-01-02T11:59:00+05:30,71.8,candle_reversal,1,65,396.49999999999966,9.37,9.415,7.08217629448113,5.322810774778375,1.222053178225546,1.435911013569984,14232855,15157675
NIFTY26010626300PE,buy,current,2026-01-02T12:50:00+05:30,67.45,2026-01-02T12:58:00+05:30,66.75,candle_reversal,1,65,-45.500000000000185,9.4025,9.41,4.9893909316214,4.778839999333658,1.5478006802293043,1.5130368620129713,20836790,21175310
NIFTY26010626300CE,buy,current,2026-01-05T09:50:00+05:30,66.0,2026-01-05T12:03:00+05:30,63.65,candle_reversal,1,65,-152.75000000000009,10.05,10.1275,12.108728281442385,7.529504811748533,0.9947368917812454,1.285440022901167,24240190,14869400
NIFTY26010626350CE,buy,current,2026-01-05T12:05:00+05:30,39.55,2026-01-05T13:12:00+05:30,32.45,candle_reversal,1,65,-461.49999999999966,10.12,10.0625,7.2952544680522085,5.011918634036588,1.2778087772359732,1.2613986980118483,21257145,22070425
NIFTY26010626300PE,buy,current,2026-01-05T13:30:00+05:30,59.15,2026-01-05T15:09:00+05:30,96.2,eod_square_off,1,65,2408.2500000000005,10.06,10.04,5.611937075794293,7.49161003091511,1.048204143202373,0.6715122098849081,27004640,10382125
NIFTY26010626200PE,buy,current,2026-01-06T09:40:00+05:30,37.4,2026-01-06T09:48:00+05:30,30.25,candle_reversal,1,65,-464.7499999999999,10.2425,10.205,13.892886244703377,11.605392395241749,0.5994416046380283,0.5818792970015795,27880970,27306565
NIFTY26010626250CE,buy,current,2026-01-06T09:50:00+05:30,29.5,2026-01-06T10:36:00+05:30,19.2,stop,1,65,-669.5,10.19,10.2075,11.41572150986739,8.817505386975387,0.6338051421513572,0.836298148478895,28686060,30916015
NIFTY26010626200PE,buy,current,2026-01-06T11:00:00+05:30,29.05,2026-01-06T11:30:00+05:30,48.4,candle_reversal,1,65,1257.7499999999998,10.1875,10.1725,7.541061900072536,8.071483134757349,0.7287820253285197,0.4618067165556641,39370305,18833295
NIFTY26010626150PE,buy,current,2026-01-06T11:35:00+05:30,20.2,2026-01-06T11:44:00+05:30,13.15,stop,1,65,-458.24999999999994,10.1725,10.13,7.613430076316993,7.247273744662139,0.4931547408194592,0.5186609722261949,26367055,29214510
NIFTY26010626200CE,buy,current,2026-01-06T11:45:00+05:30,21.1,2026-01-06T11:58:00+05:30,18.35,candle_reversal,1,65,-178.75,10.14,10.16,7.247273744662139,7.539321199065442,0.5186609722261949,0.5931781963582389,43631250,42279120
NIFTY26010626200CE,buy,current,2026-01-06T13:00:00+05:30,19.2,2026-01-06T13:14:00+05:30,12.5,stop,1,65,-435.49999999999994,10.175,10.17,5.907106824168161,6.504323289717566,0.5566819493032568,0.5964861550446787,52394615,52759980
NIFTY26011326000PE,buy,current,2026-01-07T09:45:00+05:30,51.25,2026-01-07T09:57:00+05:30,47.6,candle_reversal,1,65,-237.24999999999991,10.1325,10.1075,12.379788532096105,11.059608106997254,8.536056431351978,7.694216476626238,7848490,8033025
NIFTY26011326000CE,buy,current,2026-01-07T10:00:00+05:30,210.6,2026-01-07T10:30:00+05:30,207.95,candle_reversal,1,65,-172.25000000000037,10.08,10.06,10.638386582053844,8.91490295153024,7.722830778208698,9.814190920802915,2640430,2287025
NIFTY26011326050CE,buy,current,2026-01-07T10:45:00+05:30,174.0,2026-01-07T13:27:00+05:30,134.3,candle_reversal,1,65,-2580.499999999999,10.0225,9.9775,8.003215959632593,6.340394754899237,9.247433819556996,6.9287019066103435,1106430,1778140
NIFTY26011326000PE,buy,current,2026-01-07T13:30:00+05:30,52.9,2026-01-07T13:50:00+05:30,47.55,candle_reversal,1,65,-347.7500000000001,9.99,9.9775,6.259830171316335,5.755536351089725,6.596405051382255,6.0818268315889625,8933600,8842730
NIFTY26011326050CE,buy,current,2026-01-07T14:05:00+05:30,145.95,2026-01-07T14:16:00+05:30,144.45,candle_reversal,1,65,-97.5,9.96,9.9475,5.823302569341188,4.924279854832501,6.186512453133369,6.582540811577403,2362620,2199730
NIFTY26011326050CE,buy,current,2026-01-08T09:40:00+05:30,120.85,2026-01-08T10:10:00+05:30,102.7,candle_reversal,1,65,-1179.7499999999995,10.0625,10.0275,11.33137108139981,8.904682144829767,4.454774584825296,4.3578260167220915,3710655,4007965
NIFTY26011326000PE,buy,current,2026-01-08T10:15:00+05:30,57.05,2026-01-08T12:16:00+05:30,118.9,candle_reversal,1,65,4020.2500000000005,10.0275,10.68,9.014078163746422,8.853173647714767,4.062732068554288,1.2664731750219878,9557210,7071415
NIFTY26011325900PE,buy,current,2026-01-08T12:20:00+05:30,83.15,2026-01-08T13:46:00+05:30,74.75,candle_reversal,1,65,-546.0000000000003,10.815,10.7325,8.811670008756941,6.869546950972169,1.30080889698277,1.1533098001891486,6746155,7959185
NIFTY26011325800PE,buy,current,2026-01-09T09:40:00+05:30,64.8,2026-01-09T09:58:00+05:30,45.0,candle_reversal,1,65,-1286.9999999999998,10.6725,10.6175,15.392253193041773,15.202179183083286,1.34274620263522,1.6123443128967576,16786640,18410470
NIFTY26011325900CE,buy,current,2026-01-09T10:00:00+05:30,107.95,2026-01-09T10:55:00+05:30,75.95,candle_reversal,1,65,-2080.0,10.6125,10.5525,14.462737812863208,9.405185158950983,1.6123443128967576,1.3669085484472852,13851565,16264820
NIFTY26011325800PE,buy,current,2026-01-09T11:00:00+05:30,69.05,2026-01-09T13:22:00+05:30,120.6,candle_reversal,1,65,3350.75,10.64,10.86,9.957983478883722,7.660204409962456,1.2362271921033023,0.7033294188249132,17560790,7943325
NIFTY26011325700PE,buy,current,2026-01-09T13:25:00+05:30,78.1,2026-01-09T13:37:00+05:30,68.0,candle_reversal,1,65,-656.4999999999997,10.9175,10.87,7.6434925779779395,8.44739963721728,0.6922618560866617,0.7169748255990295,16628495,16862170
NIFTY26011325600PE,buy,current,2026-01-12T09:45:00+05:30,88.55,2026-01-12T12:21:00+05:30,57.55,stop,1,65,-2015.0,11.825,11.435,15.321401308945568,16.260743296836544,0.4779662360690671,0.370371520332224,18099770,15745405
NIFTY26011325700CE,buy,current,2026-01-12T12:25:00+05:30,74.15,2026-01-12T14:36:00+05:30,83.35,candle_reversal,1,65,597.9999999999993,11.5625,11.535,16.67452734079793,10.342406751493275,0.4292841488743269,0.7779167577811794,15554175,10735335
NIFTY26011325700PE,buy,current,2026-01-13T09:40:00+05:30,50.8,2026-01-13T09:45:00+05:30,33.0,stop,1,65,-1156.9999999999998,11.6425,11.5275,14.618105989935382,15.812646125229348,0.5407318660069206,0.5459130056890013,18568485,18912400
NIFTY26011325700PE,buy,current,2026-01-13T10:00:00+05:30,54.5,2026-01-13T10:04:00+05:30,38.05,candle_reversal,1,65,-1069.2500000000002,11.63,11.62,15.485383124838165,14.809471884055627,0.513673214337998,0.5151602478259004,18097040,19527495
NIFTY26011325800CE,buy,current,2026-01-13T10:05:00+05:30,38.15,2026-01-13T10:42:00+05:30,32.4,candle_reversal,1,65,-373.75,11.63,11.465,14.809471884055627,13.647607475202483,0.5151602478259004,0.7077978048452933,29335215,26127920
NIFTY26011325800CE,buy,current,2026-01-13T10:50:00+05:30,49.8,2026-01-13T11:06:00+05:30,32.35,stop,1,65,-1134.2499999999998,11.4225,11.4,13.343403518462628,11.906113625988732,0.6884851479131009,0.6946407979416878,28250885,29149835
NIFTY26011325700PE,buy,current,2026-01-13T11:50:00+05:30,13.05,2026-01-13T12:29:00+05:30,22.0,candle_reversal,1,65,581.75,11.3375,11.385,8.538110986846691,9.179177120172568,0.7899104465042748,0.6278886653346236,29377530,30169620
NIFTY26012025500PE,buy,current,2026-01-14T09:45:00+05:30,60.75,2026-01-14T09:53:00+05:30,50.35,candle_reversal,1,65,-675.9999999999999,11.2975,11.2975,16.310638526621442,14.906034787960722,19.5248050756765,18.471880712570343,6270680,6149585
NIFTY26012025500CE,buy,current,2026-01-14T09:55:00+05:30,332.1,2026-01-14T10:46:00+05:30,254.7,candle_reversal,1,65,-5031.000000000002,11.255,11.3225,15.394889445963528,12.688926771830948,18.565341517379203,17.903468151938085,994240,1077570
NIFTY26012025500PE,buy,current,2026-01-14T10:50:00+05:30,54.15,2026-01-14T11:49:00+05:30,36.0,candle_reversal,1,65,-1179.75,11.2725,11.185,12.879308351935977,8.796158761768696,17.90761503564485,19.774994083240355,6720350,7226895
NIFTY26012025500CE,buy,current,2026-01-14T11:50:00+05:30,333.15,2026-01-14T13:40:00+05:30,238.0,candle_reversal,1,65,-6184.749999999998,11.2075,11.2575,8.796158761768696,9.094722751209856,19.77566269948607,19.85385437238968,990600,1055665
NIFTY26012025500PE,buy,current,2026-01-14T13:45:00+05:30,58.75,2026-01-14T14:42:00+05:30,55.7,candle_reversal,1,65,-198.24999999999983,11.2675,11.37,9.451907447347647,10.180237503077308,18.088758667239368,15.091561100272045,6845020,5658445
NIFTY26012025500PE,buy,current,2026-01-16T09:40:00+05:30,34.0,2026-01-16T09:50:00+05:30,25.7,candle_reversal,1,65,-539.5,11.29,11.205,13.217749767794032,12.049524927491637,22.97357120212122,24.885079383992135,8664760,9791535
NIFTY26012025500CE,buy,current,2026-01-16T09:55:00+05:30,306.0,2026-01-16T11:45:00+05:30,342.7,candle_reversal,1,65,2385.499999999999,11.1475,11.305,11.05599311365289,7.432931346369207,26.359106103751394,32.66013295867315,1102270,952770
NIFTY26012025500CE,buy,current,2026-01-16T11:55:00+05:30,352.0,2026-01-16T12:00:00+05:30,327.95,candle_reversal,1,65,-1563.2500000000007,11.31,11.315,8.00792310074552,7.6632797418041125,32.34112117933459,31.85176494250947,966355,984100
NIFTY26012025500PE,buy,current,2026-01-16T12:30:00+05:30,29.1,2026-01-16T13:47:00+05:30,29.8,candle_reversal,1,65,45.49999999999996,11.3825,11.4075,9.737577547279674,10.241496741206147,32.239204525491026,24.942411178831573,10314395,10182705
NIFTY26012025400PE,buy,current,2026-01-16T13:50:00+05:30,16.55,2026-01-16T15:09:00+05:30,18.1,eod_square_off,1,65,100.75000000000004,11.4,11.3675,10.166137496243929,8.166749072637481,25.29037163189587,26.185804924553732,7961200,8141835
NIFTY26012025500PE,buy,current,2026-01-19T09:40:00+05:30,58.5,2026-01-19T10:59:00+05:30,58.35,candle_reversal,1,65,-9.749999999999908,12.0025,11.905,16.815765858454427,8.565715018507788,9.157668162806523,4.481249979153673,17335500,20427225
NIFTY26012025500PE,buy,current,2026-01-19T11:00:00+05:30,58.1,2026-01-19T11:36:00+05:30,61.45,candle_reversal,1,65,217.75000000000009,11.9325,11.895,8.565715018507788,7.020408078952323,4.481249979153673,4.881542483749246,20427225,22301110
NIFTY26012025500PE,buy,current,2026-01-19T11:40:00+05:30,55.2,2026-01-19T12:16:00+05:30,54.75,candle_reversal,1,65,-29.250000000000185,11.925,11.88,7.002819442222305,6.6033208215886585,4.8695947802197805,4.805041570446279,21983325,23252515
NIFTY26012025500CE,buy,current,2026-01-19T12:55:00+05:30,97.4,2026-01-19T13:26:00+05:30,88.05,candle_reversal,1,65,-607.7500000000006,11.9175,11.8825,8.18655362385067,7.681506315882698,4.964384988445139,5.863535038300977,14544530,12921415
NIFTY26012025500CE,buy,current,2026-01-19T13:35:00+05:30,103.35,2026-01-19T14:12:00+05:30,136.5,candle_reversal,1,65,2154.7500000000005,11.84,11.7675,7.07977600283935,9.900557791950561,5.699488812837916,11.907706477875001,13321685,5478915
NIFTY26012025500CE,buy,current,2026-01-19T14:15:00+05:30,131.6,2026-01-19T14:28:00+05:30,131.95,candle_reversal,1,65,22.74999999999963,11.7875,11.81,9.563236055304168,8.483914861945713,12.049959202704278,11.66674036181778,5511480,5680805
NIFTY26012025500PE,buy,current,2026-01-20T09:40:00+05:30,77.2,2026-01-20T10:37:00+05:30,50.2,stop,1,65,-1755.0,12.2625,12.2525,13.495310455291968,11.010672053770435,2.555321359433744,2.4920348268461816,18488405,21732295
NIFTY26012025500CE,buy,current,2026-01-20T10:40:00+05:30,48.8,2026-01-20T10:52:00+05:30,33.9,candle_reversal,1,65,-968.4999999999999,12.195,12.2275,10.954099883098076,8.767640804057033,2.719428058596416,2.620462042585298,35032205,36444135
NIFTY26012025450PE,buy,current,2026-01-20T10:55:00+05:30,40.0,2026-01-20T11:42:00+05:30,26.0,stop,1,65,-910.0,12.2375,12.195,9.080261713702386,7.5821191279757185,2.502361354321762,1.917077733634941,23984740,26499525
NIFTY26012025400PE,buy,current,2026-01-20T12:05:00+05:30,17.85,2026-01-20T14:25:00+05:30,30.85,candle_reversal,1,65,845.0,12.2525,12.4975,7.492584264601828,9.221808301140673,1.9417510336811752,0.9761674170524254,31646030,20511400
NIFTY26012725200PE,buy,current,2026-01-21T09:40:00+05:30,124.6,2026-01-21T11:12:00+05:30,233.35,candle_reversal,1,65,7068.75,13.0725,13.885,26.630414140089947,16.513642726066294,1.829700997988245,0.626579013444726,12480715,4330105
NIFTY26012725000PE,buy,current,2026-01-21T11:15:00+05:30,128.4,2026-01-21T12:01:00+05:30,111.2,candle_reversal,1,65,-1118.0000000000002,13.935,13.8075,18.65334500359803,12.558812067763066,0.6411945976970012,0.7782301451129787,11260145,13003380
NIFTY26012725200CE,buy,current,2026-01-21T12:05:00+05:30,141.5,2026-01-21T15:09:00+05:30,149.25,eod_square_off,1,65,503.75,13.68,13.825,13.390728904109114,14.53560840817862,0.7981130553784348,1.1217248943935545,8407230,6869915
NIFTY26012725400PE,buy,current,2026-01-22T09:45:00+05:30,130.6,2026-01-22T10:36:00+05:30,159.85,candle_reversal,1,65,1901.25,13.62,13.445,14.27206610450005,16.492367519821173,1.939227582726151,1.50661104370018,6510140,5244005
NIFTY26012725300PE,buy,current,2026-01-22T10:40:00+05:30,124.6,2026-01-22T13:35:00+05:30,150.15,candle_reversal,1,65,1660.7500000000007,13.58,13.9375,17.57920242020686,12.168374509505481,1.5105415203554873,0.9648262758012991,8646495,5403710
NIFTY26012725200PE,buy,current,2026-01-22T13:40:00+05:30,121.4,2026-01-22T14:29:00+05:30,91.2,candle_reversal,1,65,-1963.0000000000002,14.0375,13.6825,12.322152081580583,10.98880147731081,0.9641827145515675,0.9798263715473374,9163635,9053915
NIFTY26012725300CE,buy,current,2026-01-22T14:30:00+05:30,116.4,2026-01-22T15:09:00+05:30,142.15,eod_square_off,1,65,1673.75,13.66,13.435,10.98880147731081,13.945348569951777,0.9798263715473374,1.274572447828683,10586030,7781735
NIFTY26012725300PE,buy,current,2026-01-23T09:40:00+05:30,105.85,2026-01-23T10:31:00+05:30,86.75,candle_reversal,1,65,-1241.4999999999995,13.69,13.415,16.168792724267774,10.992619920075125,1.4918392321316762,1.3346933611354401,15928575,16147755
NIFTY26012725300PE,buy,current,2026-01-23T10:45:00+05:30,94.65,2026-01-23T11:12:00+05:30,95.8,candle_reversal,1,65,74.74999999999945,13.4275,13.4375,9.965826082081774,8.673255239119475,1.4221482546066253,1.3312771567887367,17837430,17108000
NIFTY26012725300CE,buy,current,2026-01-23T12:00:00+05:30,76.4,2026-01-23T12:50:00+05:30,77.75,candle_reversal,1,65,87.74999999999963,13.735,13.6775,9.38532406489112,10.557043406365848,0.9168437995113179,0.975735366018337,19781125,19268080
NIFTY26012725200CE,buy,current,2026-01-23T14:30:00+05:30,69.7,2026-01-23T14:38:00+05:30,68.9,candle_reversal,1,65,-51.999999999999815,14.1,14.0675,12.802231071023494,12.341526726077731,0.5356651356067724,0.5390146458765278,15871180,16089190
NIFTY26012725100CE,buy,current,2026-01-27T09:40:00+05:30,90.45,2026-01-27T09:56:00+05:30,102.35,candle_reversal,1,65,773.4999999999994,15.365,15.42,27.76746575591637,22.923117190256203,0.5093123357118655,0.7350659671801686,15500810,10901865
NIFTY26012725200CE,buy,current,2026-01-27T10:00:00+05:30,61.65,2026-01-27T10:08:00+05:30,40.05,stop,1,65,-1404.0,15.3825,15.4225,21.064390840740877,19.139530312921618,0.7161953971500434,0.7172283349984436,16653325,17624620
NIFTY26012725200CE,buy,current,2026-01-27T10:15:00+05:30,54.5,2026-01-27T10:40:00+05:30,35.45,stop,1,65,-1238.2499999999998,15.29,15.2075,19.29415702643288,14.981392861115552,0.7145903445876695,0.7672078172974467,17674280,19374485
NIFTY26012725000PE,buy,current,2026-01-27T10:45:00+05:30,62.85,2026-01-27T11:21:00+05:30,40.85,stop,1,65,-1430.0,15.49,15.255,16.707402163325998,14.678910716110964,0.6471300002754827,0.4347860810234833,23981685,22850295
NIFTY26012725000PE,buy,current,2026-01-27T11:50:00+05:30,28.85,2026-01-27T12:24:00+05:30,18.75,stop,1,65,-656.5000000000001,15.12,15.0325,17.473852568378135,13.655577269821148,0.7112509956291604,0.7169506102580311,27310530,27452815
NIFTY26012725000PE,buy,current,2026-01-27T12:30:00+05:30,23.25,2026-01-27T12:54:00+05:30,21.65,candle_reversal,1,65,-104.00000000000009,15.09,15.1475,12.801989593703311,12.128657466557781,0.7194965163201459,0.6683449577418561,28173730,29202550
NIFTY26020325700PE,buy,current,2026-01-28T09:45:00+05:30,463.15,2026-01-28T12:06:00+05:30,409.25,candle_reversal,1,65,-3503.4999999999986,14.2325,13.625,17.178020934698345,6.963706142089911,0.13498646323665708,0.1181002165184942,515970,565760
NIFTY26020325700CE,buy,current,2026-01-28T12:10:00+05:30,82.1,2026-01-28T12:40:00+05:30,68.25,candle_reversal,1,65,-900.2499999999997,13.7025,13.765,7.462522738400457,7.953094083507565,0.1193114031295928,0.1167456946087904,2991820,3087240
NIFTY26020325600PE,buy,current,2026-01-28T12:45:00+05:30,384.15,2026-01-28T13:17:00+05:30,370.45,candle_reversal,1,65,-890.4999999999993,13.705,13.605,8.257173316301825,7.566640113073873,0.11735041425055985,0.11282565624511876,545285,542555
NIFTY26020325700PE,buy,current,2026-01-28T13:25:00+05:30,500.4,2026-01-28T13:55:00+05:30,509.95,candle_reversal,1,65,620.7500000000007,13.8125,13.7425,11.854237247612177,9.455003467669254,0.1136722568220164,0.11342636712437745,564200,564265
NIFTY26020325600CE,buy,current,2026-01-28T14:30:00+05:30,87.25,2026-01-28T15:09:00+05:30,108.0,eod_square_off,1,65,1348.75,13.5875,13.525,9.971534780588268,10.479657239036369,0.11331080547552475,0.12556977707156466,3757715,3268005
NIFTY26020325600PE,buy,current,2026-01-29T09:40:00+05:30,408.85,2026-01-29T10:15:00+05:30,440.25,candle_reversal,1,65,2040.9999999999986,13.71,13.8625,16.405428414442735,13.690481401376514,0.11506076876894715,0.10375363138668635,557050,572260
NIFTY26020325600PE,buy,current,2026-01-29T10:30:00+05:30,465.0,2026-01-29T13:04:00+05:30,314.25,candle_reversal,1,65,-9798.75,14.035,13.32,16.19154342209169,9.163265739541313,0.10183628106580586,0.10362250903773122,573300,557895
NIFTY26020325600CE,buy,current,2026-01-29T13:05:00+05:30,92.7,2026-01-29T14:08:00+05:30,109.9,candle_reversal,1,65,1118.0000000000002,13.345,13.405,9.163265739541313,8.10239110243095,0.10596546764252252,0.1370874377311308,3873935,3675295
NIFTY26020325600CE,buy,current,2026-01-29T14:15:00+05:30,114.15,2026-01-29T15:09:00+05:30,122.15,eod_square_off,1,65,520.0,13.3925,13.3675,9.157986766347326,11.493357454317714,0.13546575162827293,0.14424461138866376,3635125,3799965
NIFTY26020325600CE,buy,current,2026-01-30T09:40:00+05:30,80.55,2026-01-30T10:26:00+05:30,83.5,candle_reversal,1,65,191.75000000000017,13.7925,13.8025,20.4561167528621,11.034089517963709,0.09714513805178572,0.08756980639695944,5141435,5905770
NIFTY26020325600CE,buy,current,2026-01-30T10:40:00+05:30,87.25,2026-01-30T11:06:00+05:30,84.85,candle_reversal,1,65,-156.00000000000037,13.76,13.75,10.391096299325243,7.931143241412779,0.08690629731396848,0.08597343528375569,5919485,5991960
NIFTY26020325600PE,buy,current,2026-01-30T11:10:00+05:30,412.75,2026-01-30T11:41:00+05:30,397.75,candle_reversal,1,65,-975.0,13.895,13.8775,9.085940853274117,8.958902735337082,0.0844571038820997,0.08140167795942116,651820,633295
NIFTY26020325600CE,buy,current,2026-01-30T11:55:00+05:30,84.7,2026-01-30T12:19:00+05:30,83.55,candle_reversal,1,65,-74.75000000000037,13.8425,13.8525,9.022052840244251,8.635185770040076,0.08131651092179347,0.08078244149685623,6272240,6237400
NIFTY26020325600PE,buy,current,2026-01-30T13:05:00+05:30,399.25,2026-01-30T13:42:00+05:30,385.4,candle_reversal,1,65,-900.2500000000015,13.895,13.725,9.070555014429557,9.932967747214304,0.08192360889456325,0.08091266507611143,629330,602615
NIFTY26020325600PE,buy,current,2026-01-30T14:25:00+05:30,348.25,2026-01-30T14:39:00+05:30,354.75,candle_reversal,1,65,422.5,13.75,13.6875,8.852657280204083,9.196196393735546,0.09044932835668448,0.08924392307916776,664365,672165
NIFTY26020325700PE,buy,current,2026-02-02T09:45:00+05:30,847.35,2026-02-02T11:33:00+05:30,899.15,candle_reversal,1,65,3366.9999999999973,15.33,14.855,26.627049795217783,17.714395061717074,0.03838133776925574,0.037645463295126434,455260,430235
NIFTY26020325600PE,buy,current,2026-02-02T11:35:00+05:30,793.15,2026-02-02T13:00:00+05:30,651.05,candle_reversal,1,65,-9236.500000000002,14.8475,14.67,18.24193827159432,11.686186816944582,0.03774119532241071,0.03852249486515508,360295,342160
NIFTY26020325700CE,buy,current,2026-02-02T13:05:00+05:30,2.35,2026-02-02T13:15:00+05:30,2.25,candle_reversal,1,65,-6.500000000000005,14.6175,14.6225,11.641613694261483,11.21553433360465,0.039047145167309366,0.03919459140100179,7741955,7501065
NIFTY26020325600PE,buy,current,2026-02-02T13:20:00+05:30,733.55,2026-02-02T13:38:00+05:30,710.15,candle_reversal,1,65,-1520.9999999999986,14.63,14.495,12.377411133436107,12.587757709119824,0.03897321196545352,0.039124921773806234,335010,331630
NIFTY26020325600CE,buy,current,2026-02-02T13:40:00+05:30,2.8,2026-02-02T15:09:00+05:30,3.35,eod_square_off,1,65,35.750000000000014,14.42,13.89,13.088632158468565,13.283444889532719,0.03911855452547627,0.038547644363457916,10455250,9849385
NIFTY26020325700PE,buy,current,2026-02-03T09:45:00+05:30,124.2,2026-02-03T09:51:00+05:30,81.25,candle_reversal,1,65,-2791.75,14.48,14.495,31.070501727245574,29.534156566227043,0.5505844978951816,0.43864200642580053,8714420,7743125
NIFTY26020325700PE,buy,current,2026-02-03T10:00:00+05:30,98.05,2026-02-03T10:16:00+05:30,91.6,candle_reversal,1,65,-419.25000000000017,14.495,14.5275,25.768386366929754,23.122517497947715,0.49362413344872363,0.40898467589545745,9729460,8732945
NIFTY26020325800CE,buy,current,2026-02-03T10:20:00+05:30,89.05,2026-02-03T11:47:00+05:30,91.05,candle_reversal,1,65,130.0,14.62,13.675,21.731895387387777,10.391449588817823,0.45716232844297205,0.8679053628554876,18552300,16662750
NIFTY26020326000CE,buy,current,2026-02-03T11:50:00+05:30,21.9,2026-02-03T12:18:00+05:30,16.65,candle_reversal,1,65,-341.25,13.66,13.59,9.993647859745732,8.65238339851292,0.8732491107567767,0.8440064638837645,32940245,36141430
NIFTY26020325800PE,buy,current,2026-02-03T12:25:00+05:30,66.3,2026-02-03T13:02:00+05:30,56.85,candle_reversal,1,65,-614.2499999999998,13.495,13.575,8.157785461068345,8.291490614804593,0.8570835384296853,0.7184298395634824,21816275,18596825
NIFTY26020325800CE,buy,current,2026-02-03T13:45:00+05:30,51.45,2026-02-03T13:58:00+05:30,33.45,stop,1,65,-1170.0,13.21,13.1,12.198871047383085,11.206254630847228,0.708223259879707,0.7294992042488981,27157715,27263470
NIFTY26021025800PE,buy,current,2026-02-04T09:40:00+05:30,197.3,2026-02-04T09:44:00+05:30,175.4,candle_reversal,1,65,-1423.5000000000005,12.9275,12.8475,17.835804696041755,16.95987476015849,0.379808960895034,0.3663003188263045,6774040,6627335
NIFTY26021025800CE,buy,current,2026-02-04T09:45:00+05:30,183.65,2026-02-04T09:53:00+05:30,157.05,candle_reversal,1,65,-1728.9999999999995,12.8725,12.8375,16.95987476015849,14.040658271930281,0.3663003188263045,0.42805514637323117,9102080,9103575
NIFTY26021025800PE,buy,current,2026-02-04T09:55:00+05:30,183.85,2026-02-04T12:11:00+05:30,178.35,candle_reversal,1,65,-357.5,12.835,12.205,14.219896966792613,7.8457437257787745,0.40207779629553586,0.3001711443302761,7433985,7085845
NIFTY26021025750PE,buy,current,2026-02-04T12:15:00+05:30,150.95,2026-02-04T13:08:00+05:30,152.3,candle_reversal,1,65,87.75000000000148,12.2275,12.0825,7.520371343125346,7.3009387719731205,0.30311331453027857,0.29734463672668676,5015725,5093855
NIFTY26021025800CE,buy,current,2026-02-04T13:30:00+05:30,148.5,2026-02-04T14:56:00+05:30,162.9,candle_reversal,1,65,936.0000000000003,12.1625,12.17,6.100052863786656,7.304347867614331,0.3226622690779967,0.4470200629678002,11064170,10160800
NIFTY26021025800PE,buy,current,2026-02-05T09:40:00+05:30,206.75,2026-02-05T10:13:00+05:30,213.95,candle_reversal,1,65,467.99999999999926,12.2875,12.3,15.386979472524034,11.629056392226685,0.2613784163196512,0.1995644422935422,6466200,5452460
NIFTY26021025800CE,buy,current,2026-02-05T10:25:00+05:30,102.85,2026-02-05T10:30:00+05:30,93.5,candle_reversal,1,65,-607.7499999999997,12.2075,12.2325,11.010490641931899,10.210476492162258,0.21583238852247838,0.2215628920240017,12603955,12491830
NIFTY26021025800PE,buy,current,2026-02-05T10:35:00+05:30,216.55,2026-02-05T11:06:00+05:30,221.0,candle_reversal,1,65,289.24999999999926,12.2425,12.2675,10.27035009091634,8.928417487932414,0.21988113275868695,0.18865299785484274,5992220,5372965
NIFTY26021025800CE,buy,current,2026-02-05T11:15:00+05:30,88.7,2026-02-05T11:19:00+05:30,82.85,candle_reversal,1,65,-380.25000000000057,12.17,12.2725,8.126368050407942,8.2763042789836,0.1926349293866065,0.195031757565773,13499720,13199875
NIFTY26021025800CE,buy,current,2026-02-05T11:40:00+05:30,88.4,2026-02-05T11:48:00+05:30,79.75,candle_reversal,1,65,-562.2500000000003,12.155,12.2725,7.809976264559194,8.513130089982848,0.19425373754393557,0.19729513794177447,13349570,13310180
NIFTY26021025800PE,buy,current,2026-02-06T09:40:00+05:30,274.0,2026-02-06T09:48:00+05:30,262.75,candle_reversal,1,65,-731.25,12.205,12.2,13.353448075490698,12.124665969633869,0.12288060595128304,0.11489214193544108,3895970,3704480
NIFTY26021025800CE,buy,current,2026-02-06T09:50:00+05:30,39.75,2026-02-06T09:56:00+05:30,37.95,candle_reversal,1,65,-116.99999999999982,12.21,12.1925,11.958618400374254,10.558822885181844,0.1144898456199678,0.11283366453839488,14533870,14818050
NIFTY26021025750PE,buy,current,2026-02-06T10:05:00+05:30,238.0,2026-02-06T11:00:00+05:30,253.0,candle_reversal,1,65,975.0,12.1075,12.0625,11.602209945505027,9.977309917061236,0.10542335727356007,0.09625229350842343,1651455,1518725
NIFTY26021025800CE,buy,current,2026-02-06T11:10:00+05:30,35.7,2026-02-06T12:05:00+05:30,44.65,candle_reversal,1,65,581.7499999999998,12.0475,11.9875,9.282578982180487,10.270831285459776,0.10295435692198501,0.12655591727307544,16378050,14361035
NIFTY26021025800CE,buy,current,2026-02-06T12:10:00+05:30,41.1,2026-02-06T15:09:00+05:30,52.3,eod_square_off,1,65,727.9999999999998,11.995,11.9225,9.41336584610605,9.222360172130115,0.12028776127135603,0.13147733255807467,14337570,13124085
NIFTY26021025800PE,buy,current,2026-02-09T09:40:00+05:30,81.95,2026-02-09T09:49:00+05:30,73.15,candle_reversal,1,65,-571.9999999999998,12.2675,12.21,14.47721269380518,11.937543813376363,0.3066860089152534,0.29921402290578997,15360670,16514940
NIFTY26021025800CE,buy,current,2026-02-09T09:50:00+05:30,95.6,2026-02-09T11:04:00+05:30,116.75,candle_reversal,1,65,1374.7500000000005,12.2125,12.1575,11.937543813376363,6.36466701258365,0.29921402290578997,0.5913296206624601,23517520,15802410
NIFTY26021026000CE,buy,current,2026-02-09T11:05:00+05:30,31.95,2026-02-09T12:53:00+05:30,20.75,stop,1,65,-728.0,12.1575,12.0725,6.36466701258365,6.009093105404963,0.5913296206624601,0.5300079705358296,24444875,28297425
NIFTY26021025800PE,buy,current,2026-02-09T12:55:00+05:30,59.15,2026-02-09T13:01:00+05:30,50.85,candle_reversal,1,65,-539.4999999999998,12.0775,12.01,5.9548721693046085,5.750299960130475,0.5300079705358296,0.4982058528421615,26734825,25740390
NIFTY26021026000CE,buy,current,2026-02-09T13:05:00+05:30,23.15,2026-02-09T14:41:00+05:30,21.7,candle_reversal,1,65,-94.24999999999996,12.035,12.055,5.566202263996318,5.448136138219774,0.48424636020367684,0.5293795907154525,28642250,28051205
NIFTY26021026000CE,buy,current,2026-02-10T10:20:00+05:30,25.5,2026-02-10T11:23:00+05:30,16.6,stop,1,65,-578.4999999999999,11.9375,11.9325,7.998479564895841,5.293241891421028,1.0562956363927465,1.0727385463644319,38472525,44127265
NIFTY26021026000CE,buy,current,2026-02-10T12:50:00+05:30,21.25,2026-02-10T13:00:00+05:30,13.8,stop,1,65,-484.24999999999994,11.8325,11.785,5.293906725492435,6.270497251564485,1.1134369673790738,1.1352631156639612,47794240,48932845
NIFTY26021025950PE,buy,current,2026-02-10T13:20:00+05:30,23.4,2026-02-10T14:07:00+05:30,42.4,candle_reversal,1,65,1235.0,11.745,11.77,6.949095520935958,7.839548520679787,1.0027526865179817,0.6935304042706024,44104515,17596085
NIFTY26021025900PE,buy,current,2026-02-10T14:10:00+05:30,18.95,2026-02-10T14:15:00+05:30,12.3,stop,1,65,-432.2499999999999,11.7925,11.795,7.983335204055782,7.759391111610753,0.6923174066713629,0.7146867034262444,44216445,47392540
NIFTY26021025950CE,buy,current,2026-02-10T14:20:00+05:30,9.6,2026-02-10T14:27:00+05:30,6.25,stop,1,65,-217.74999999999997,11.7875,11.815,7.331881756006017,7.215734946311543,0.7559627951590302,0.8165664448713257,50702535,50815310
NIFTY26021025900PE,buy,current,2026-02-10T14:30:00+05:30,10.15,2026-02-10T14:45:00+05:30,6.6,stop,1,65,-230.75000000000006,11.785,11.745,7.109485744523729,7.105676070331568,0.804587872624114,0.8076987257673007,58287970,60917220
NIFTY26021726000PE,buy,current,2026-02-11T09:40:00+05:30,144.3,2026-02-11T09:55:00+05:30,131.9,candle_reversal,1,65,-806.0000000000003,11.6075,11.5525,10.155599997179175,8.682609461902581,1.4525707666447722,1.2882769772363742,8486920,8275085
NIFTY26021725900PE,buy,current,2026-02-11T10:05:00+05:30,102.85,2026-02-11T10:18:00+05:30,90.0,candle_reversal,1,65,-835.2499999999997,11.5575,11.435,9.202062399920525,8.898025338594612,1.3294493603576627,1.2739324599586805,8787480,9222655
NIFTY26021726000CE,buy,current,2026-02-11T10:20:00+05:30,118.05,2026-02-11T11:40:00+05:30,115.55,candle_reversal,1,65,-162.5,11.485,11.3725,8.712452100123777,6.317041318591339,1.2857864855108136,1.8195127289062605,17940195,16117400
NIFTY26021726000CE,buy,current,2026-02-11T11:45:00+05:30,111.3,2026-02-11T12:24:00+05:30,101.85,candle_reversal,1,65,-614.2500000000002,11.385,11.3725,6.429572758753656,6.40517384167926,1.8163468573902184,1.5918505374057406,16125850,17427735
NIFTY26021725900PE,buy,current,2026-02-11T12:25:00+05:30,92.35,2026-02-11T12:50:00+05:30,99.4,candle_reversal,1,65,458.25000000000074,11.365,11.4925,6.40517384167926,7.965436134379205,1.5585307373107258,1.209385123839331,10098335,9155120
NIFTY26021726000CE,buy,current,2026-02-11T13:25:00+05:30,97.65,2026-02-11T13:51:00+05:30,94.1,candle_reversal,1,65,-230.75000000000074,11.4075,11.375,7.0001873395215535,7.055030992449844,1.2456206430805719,1.5942752648733185,19412965,17003610
NIFTY26021725900CE,buy,current,2026-02-12T09:50:00+05:30,105.45,2026-02-12T10:08:00+05:30,100.85,candle_reversal,1,65,-299.00000000000057,11.615,11.53,11.548592351365826,9.18280381930219,0.8701517439787371,1.1038942338812483,12106380,11448190
NIFTY26021726000CE,buy,current,2026-02-12T10:10:00+05:30,63.05,2026-02-12T11:17:00+05:30,54.7,candle_reversal,1,65,-542.7499999999997,11.5775,11.61,9.609032117923306,6.847762479457834,1.1080809153415274,1.0572784635478945,15863575,16716440
NIFTY26021725900PE,buy,current,2026-02-12T11:20:00+05:30,123.75,2026-02-12T12:08:00+05:30,134.35,candle_reversal,1,65,688.9999999999997,11.5825,11.6975,6.578682954226646,6.705317996967266,1.019967656412507,0.7841423312079479,8276060,6908590
NIFTY26021725800PE,buy,current,2026-02-12T12:10:00+05:30,85.8,2026-02-12T12:17:00+05:30,83.05,candle_reversal,1,65,-178.75,11.6925,11.69,6.762080997183889,6.641467860460613,0.7880659259282052,0.7862536841933856,8511945,8656960
NIFTY26021725900CE,buy,current,2026-02-12T12:55:00+05:30,95.95,2026-02-12T13:08:00+05:30,89.55,candle_reversal,1,65,-416.00000000000034,11.615,11.6425,5.712946379253845,6.355682515353114,0.8988865269653743,0.9617095492097352,14212510,13711360
NIFTY26021725800PE,buy,current,2026-02-12T13:50:00+05:30,82.15,2026-02-12T14:24:00+05:30,77.75,candle_reversal,1,65,-286.00000000000034,11.7675,11.7675,8.812517527054222,6.454543488579906,0.9344964446911227,0.794285672714877,9385025,8766485
NIFTY26021725500PE,buy,current,2026-02-13T09:40:00+05:30,81.0,2026-02-13T10:27:00+05:30,72.2,candle_reversal,1,65,-571.9999999999998,12.305,12.24,14.018219976112956,9.198238793446581,0.4075817689458347,0.35812386756875236,10344620,12519845
NIFTY26021725600CE,buy,current,2026-02-13T10:35:00+05:30,99.15,2026-02-13T13:24:00+05:30,84.0,candle_reversal,1,65,-984.7500000000003,12.18,12.62,9.164201266382985,8.389189894151079,0.3817481025844536,0.44469744483338536,19997380,19257290
NIFTY26021725500PE,buy,current,2026-02-13T13:30:00+05:30,66.4,2026-02-13T15:09:00+05:30,114.45,eod_square_off,1,65,3123.25,12.6475,13.375,7.690881744528091,10.114668921552223,0.42923771125065274,0.2732721660139104,15899845,10194990
NIFTY26021725500PE,buy,current,2026-02-16T09:40:00+05:30,91.35,2026-02-16T10:03:00+05:30,70.15,candle_reversal,1,65,-1377.9999999999993,13.54,13.415,13.896938366278459,13.080721199975086,0.32215615881727777,0.27959927316029554,19249685,17429945
NIFTY26021725500CE,buy,current,2026-02-16T10:05:00+05:30,105.9,2026-02-16T10:23:00+05:30,115.4,candle_reversal,1,65,617.5,13.385,13.465,12.774955399977074,10.690689083525372,0.33336857648255747,0.4359561293114138,18120050,13546520
NIFTY26021725600CE,buy,current,2026-02-16T11:10:00+05:30,55.65,2026-02-16T12:40:00+05:30,68.9,candle_reversal,1,65,861.2500000000005,13.36,13.3375,8.356338104025768,7.331429388136942,0.39538844428262426,0.5389240350783775,20399990,19167785
NIFTY26021725500PE,buy,current,2026-02-16T12:50:00+05:30,52.5,2026-02-16T14:01:00+05:30,45.2,candle_reversal,1,65,-474.49999999999983,13.3475,13.4025,8.04081843875101,8.549901351013363,0.5605363402144492,0.5368222906526274,28816255,27615445
NIFTY26021725600CE,buy,current,2026-02-17T09:45:00+05:30,81.0,2026-02-17T10:35:00+05:30,119.55,candle_reversal,1,65,2505.75,13.12,12.935,14.502782259639542,9.281975783051044,0.6275997118376785,1.069079115989625,26452985,8512335
NIFTY26021725700CE,buy,current,2026-02-17T10:40:00+05:30,45.2,2026-02-17T10:44:00+05:30,29.4,stop,1,65,-1027.0000000000002,12.975,12.9525,8.67175292429496,9.644777489513672,0.982158162403622,0.9711724461210505,22109880,23100805
NIFTY26021725600PE,buy,current,2026-02-17T10:45:00+05:30,22.85,2026-02-17T11:16:00+05:30,14.85,stop,1,65,-520.0000000000001,12.95,12.96,9.644777489513672,7.719698833880761,0.9711724461210505,0.7769106313261248,37637015,35748570
NIFTY26021725700CE,buy,current,2026-02-17T11:20:00+05:30,37.65,2026-02-17T12:30:00+05:30,54.2,candle_reversal,1,65,1075.7500000000002,12.93,12.77,7.67040026896333,7.020875086776592,0.7991540750092556,1.1352014670965795,31697380,16696160
NIFTY26021725700PE,buy,current,2026-02-17T13:05:00+05:30,24.15,2026-02-17T13:07:00+05:30,15.7,stop,1,65,-549.25,12.6875,12.6525,7.522593935065573,8.607904109088398,1.1552281565055464,1.1552281565055464,43467775,43467775
NIFTY26021725700PE,buy,current,2026-02-17T13:15:00+05:30,18.2,2026-02-17T13:22:00+05:30,13.75,candle_reversal,1,65,-289.24999999999994,12.685,12.6775,9.094038424844316,8.200672658531952,1.168588112564246,1.0959873633069528,44952180,43478435
NIFTY26022425500PE,buy,current,2026-02-18T09:50:00+05:30,56.2,2026-02-18T10:49:00+05:30,68.35,candle_reversal,1,65,789.7499999999994,12.3625,12.4025,10.92340919932245,7.60051743405535,3.104306721577014,2.5689712702501057,8705710,9295845
NIFTY26022425600PE,buy,current,2026-02-18T10:50:00+05:30,97.95,2026-02-18T12:34:00+05:30,75.3,candle_reversal,1,65,-1472.2500000000005,12.395,12.31,7.60051743405535,6.4913905209993485,2.5689712702501057,3.397050584642076,7976670,8701485
NIFTY26022425650CE,buy,current,2026-02-18T12:35:00+05:30,182.55,2026-02-18T13:10:00+05:30,181.0,candle_reversal,1,65,-100.75000000000074,12.2825,12.315,6.4913905209993485,6.891073712771672,3.3799484888872877,3.8068386322735455,2958800,2472730
NIFTY26022425600CE,buy,current,2026-02-18T13:15:00+05:30,229.0,2026-02-18T13:28:00+05:30,219.0,candle_reversal,1,65,-650.0,12.29,12.2875,6.837971322117396,7.884616582915365,3.839320244119839,4.018035707975993,3680820,3496935
NIFTY26022425600PE,buy,current,2026-02-18T13:55:00+05:30,78.75,2026-02-18T14:00:00+05:30,74.05,candle_reversal,1,65,-305.50000000000017,12.3375,12.34,9.242563609692764,8.863882404485432,4.140982035187533,4.026542233630268,9083815,8890245
NIFTY26022425650CE,buy,current,2026-02-18T14:05:00+05:30,185.95,2026-02-18T15:09:00+05:30,252.55,eod_square_off,1,65,4329.000000000002,12.26,12.1525,8.160568392193635,8.494691277265812,4.032221123577367,4.623920170528914,2272010,1087450
NIFTY26022425500PE,buy,current,2026-02-19T09:40:00+05:30,37.3,2026-02-19T09:49:00+05:30,32.95,candle_reversal,1,65,-282.74999999999966,12.1875,12.12,13.770135366402423,11.54858442698529,4.5980440686582735,4.564226523904317,9599330,9658610
NIFTY26022425500PE,buy,current,2026-02-19T09:55:00+05:30,37.25,2026-02-19T12:21:00+05:30,87.3,candle_reversal,1,65,3253.25,12.1775,13.0925,10.990162409353866,10.688767041255137,4.5074147096908534,1.929367328895361,9677655,8339305
NIFTY26022425600PE,buy,current,2026-02-19T12:25:00+05:30,127.8,2026-02-19T13:24:00+05:30,123.15,candle_reversal,1,65,-302.24999999999943,13.12,13.0925,10.212525943745414,9.505438660655475,1.9041009223021628,1.8289703808180535,6512610,7602010
NIFTY26022425600CE,buy,current,2026-02-19T14:20:00+05:30,138.95,2026-02-19T14:44:00+05:30,107.35,candle_reversal,1,65,-2053.9999999999995,13.0975,13.345,9.273351333360353,11.463455179451271,1.5847678305086415,1.5498242249920102,10277280,9997130
NIFTY26022425500CE,buy,current,2026-02-20T09:45:00+05:30,125.15,2026-02-20T10:38:00+05:30,188.7,candle_reversal,1,65,4130.749999999999,14.27,14.2125,18.128889564672964,10.858833984738583,1.0985967979586664,1.7137178824062944,15161250,10133240
NIFTY26022425600CE,buy,current,2026-02-20T10:40:00+05:30,149.5,2026-02-20T11:10:00+05:30,130.9,candle_reversal,1,65,-1208.9999999999995,14.2625,14.4525,10.986774414400216,9.335482772199883,1.7752193032771213,2.0175252046011214,12910560,13254540
NIFTY26022425600CE,buy,current,2026-02-20T11:30:00+05:30,145.4,2026-02-20T12:40:00+05:30,163.15,candle_reversal,1,65,1153.75,14.3925,14.2475,9.78826704453625,7.767968162347117,1.9086576264747144,2.699349543541112,13547300,9545445
NIFTY26022425600PE,buy,current,2026-02-20T13:05:00+05:30,130.8,2026-02-20T13:28:00+05:30,143.0,candle_reversal,1,65,792.9999999999993,14.3925,14.495,10.154185499097592,11.215912353810968,2.3332109434469173,2.1003426782961516,13159705,10476180
NIFTY26022425500PE,buy,current,2026-02-20T13:30:00+05:30,99.7,2026-02-20T13:59:00+05:30,83.35,candle_reversal,1,65,-1062.7500000000005,14.4225,14.4175,11.082632899967223,10.608803026095472,1.9685613649583145,2.026110104780681,15695745,15509325
NIFTY26022425600PE,buy,current,2026-02-20T14:25:00+05:30,115.55,2026-02-20T15:09:00+05:30,133.45,eod_square_off,1,65,1163.4999999999995,14.2225,14.3825,10.116411880507728,11.165220141410163,2.0897093277721996,2.4706239865895214,11965915,10314525
NIFTY26022425600PE,buy,current,2026-02-23T09:40:00+05:30,56.1,2026-02-23T12:08:00+05:30,63.7,candle_reversal,1,65,494.0000000000001,14.305,14.185,16.495931349872734,7.38662212943445,3.5110397347868147,2.9645396772898014,13510770,15235350
NIFTY26022425600PE,buy,current,2026-02-23T12:25:00+05:30,72.35,2026-02-23T12:45:00+05:30,59.1,candle_reversal,1,65,-861.2499999999995,14.22,14.11,7.9146891828818795,6.97392330038535,3.0937944958496257,2.9756331538521943,15614300,15770820
NIFTY26022425650CE,buy,current,2026-02-23T13:30:00+05:30,100.0,2026-02-23T13:35:00+05:30,89.05,candle_reversal,1,65,-711.7500000000002,14.1875,14.2325,7.271760890121533,8.232081553270465,2.83165123214566,3.0015339283988545,11862565,11081330
NIFTY26022425650CE,buy,current,2026-02-23T14:25:00+05:30,84.9,2026-02-23T15:09:00+05:30,112.35,eod_square_off,1,65,1784.2499999999993,14.24,14.1625,7.931997253932437,9.690622740746955,2.7025190392501464,3.758784922232833,12558520,6190145
NIFTY26022425500PE,buy,current,2026-02-24T09:45:00+05:30,61.4,2026-02-24T10:08:00+05:30,45.0,candle_reversal,1,65,-1066.0,14.1125,13.885,13.422070238496392,9.922682675602903,1.1846591271691447,1.2281341891753645,20827430,25577565
NIFTY26022425500PE,buy,current,2026-02-24T10:15:00+05:30,66.65,2026-02-24T11:12:00+05:30,43.3,stop,1,65,-1517.7500000000005,14.0425,14.0425,9.943193337908761,7.107275024928208,1.1599019756048867,1.1186914828204244,23607220,24689340
NIFTY26022425500CE,buy,current,2026-02-24T11:20:00+05:30,62.45,2026-02-24T11:45:00+05:30,42.45,candle_reversal,1,65,-1300.0,14.085,14.07,6.854903821196886,7.238605947746665,1.2076693466716557,1.2395066790452491,26527215,25497875
NIFTY26022425500PE,buy,current,2026-02-24T11:55:00+05:30,50.25,2026-02-24T12:38:00+05:30,82.75,candle_reversal,1,65,2112.5,14.075,14.3175,7.105871301855708,7.633484934119771,1.209915438073334,0.8356360873138081,29862820,16049410
NIFTY26022425500CE,buy,current,2026-02-24T13:05:00+05:30,13.6,2026-02-24T13:24:00+05:30,8.85,stop,1,65,-308.75,14.3625,14.595,8.00352944266305,7.528509091453132,0.7738203057759616,0.8582830702283134,37993215,38117885
NIFTY26022425400CE,buy,current,2026-02-24T13:40:00+05:30,25.45,2026-02-24T14:44:00+05:30,16.55,stop,1,65,-578.4999999999999,14.665,14.5275,11.039928207045508,10.622126735486384,0.6576832845306417,0.990944282105985,26987025,21626280
NIFTY26031024400CE,buy,current,2026-03-04T09:45:00+05:30,331.8,2026-03-04T09:59:00+05:30,290.0,candle_reversal,1,65,-2717.000000000001,20.315,20.775,23.412293151857487,16.536308922110106,1.5440369621715275,1.4788224970212218,4198740,4419805
NIFTY26031024300PE,buy,current,2026-03-04T10:00:00+05:30,300.65,2026-03-04T11:10:00+05:30,240.75,candle_reversal,1,65,-3893.4999999999986,20.9525,20.605,16.536308922110106,11.770042952085264,1.4788224970212218,1.6695752593462516,4726540,5505240
NIFTY26031024400CE,buy,current,2026-03-04T11:15:00+05:30,340.15,2026-03-04T11:19:00+05:30,330.0,candle_reversal,1,65,-659.7499999999985,20.76,20.745,12.386419636466844,11.500527042457785,1.718464084479294,1.785751955343524,4053920,3922685
NIFTY26031024400PE,buy,current,2026-03-04T11:20:00+05:30,289.85,2026-03-04T12:57:00+05:30,285.0,candle_reversal,1,65,-315.2500000000015,20.725,20.7475,11.500527042457785,8.48719638706565,1.785751955343524,1.3632558370755796,6455345,5893355
NIFTY26031024400CE,buy,current,2026-03-04T13:10:00+05:30,334.25,2026-03-04T14:23:00+05:30,415.0,candle_reversal,1,65,5248.75,20.805,21.155,8.255394823659163,12.329497666375813,1.4797932989743607,2.04586884062951,5036135,2920645
NIFTY26031024500PE,buy,current,2026-03-05T09:40:00+05:30,226.15,2026-03-05T09:45:00+05:30,197.2,candle_reversal,1,65,-1881.7500000000011,19.3025,19.0275,20.44468736120159,20.171858798102914,1.667512248581743,1.695356753105025,6435975,6538415
NIFTY26031024600CE,buy,current,2026-03-05T09:50:00+05:30,251.85,2026-03-05T10:14:00+05:30,233.3,candle_reversal,1,65,-1205.7499999999989,19.0125,19.13,18.35646499199884,12.375092742953877,1.7654016578550595,2.0920332512754647,6506110,5797155
NIFTY26031024600PE,buy,current,2026-03-05T10:25:00+05:30,244.25,2026-03-05T10:38:00+05:30,221.05,candle_reversal,1,65,-1507.9999999999993,19.155,18.9175,10.634331855005225,14.188341867851966,2.0317915070220534,1.7241669325135582,7060300,5791045
NIFTY26031024600CE,buy,current,2026-03-05T10:40:00+05:30,245.0,2026-03-05T11:23:00+05:30,251.55,candle_reversal,1,65,425.75000000000074,18.845,18.7575,14.221317448719526,9.845927157859322,1.764923379496845,2.2767486991146155,6486285,5571020
NIFTY26031024600PE,buy,current,2026-03-05T11:30:00+05:30,219.2,2026-03-05T12:30:00+05:30,199.0,candle_reversal,1,65,-1312.9999999999993,18.8725,18.6225,10.027249257975535,11.385451050583665,2.3167859763676937,1.9357627254938752,7725055,7095205
NIFTY26031024650CE,buy,current,2026-03-06T09:45:00+05:30,225.75,2026-03-06T10:34:00+05:30,200.0,candle_reversal,1,65,-1673.75,18.3175,18.655,17.142149492217737,8.729933241374196,3.3882801098275905,3.3524004398922496,4160650,5043545
NIFTY26031024600PE,buy,current,2026-03-06T10:35:00+05:30,202.1,2026-03-06T11:02:00+05:30,195.75,candle_reversal,1,65,-412.74999999999966,18.6775,18.585,8.729933241374196,11.381577961661822,3.3524261316391475,2.1234062530415017,11779755,9243325
NIFTY26031024600PE,buy,current,2026-03-06T11:20:00+05:30,202.9,2026-03-06T11:49:00+05:30,191.35,candle_reversal,1,65,-750.7500000000007,18.715,18.6525,9.393096126372289,9.16735111732007,2.5850988189343704,2.7016441224561016,10328695,11252020
NIFTY26031024600CE,buy,current,2026-03-06T11:50:00+05:30,222.7,2026-03-06T12:04:00+05:30,211.65,candle_reversal,1,65,-718.2499999999989,18.655,18.72,9.16735111732007,7.7367610706624825,2.701679042984276,2.6970626777894973,7157995,7138365
NIFTY26031024600PE,buy,current,2026-03-06T12:05:00+05:30,202.45,2026-03-06T14:11:00+05:30,219.05,candle_reversal,1,65,1079.0000000000014,18.725,19.085,7.7367610706624825,9.833564025519989,2.6970626777894973,1.586049817694066,11276005,8097505
NIFTY26031024600CE,buy,current,2026-03-06T14:20:00+05:30,226.4,2026-03-06T14:41:00+05:30,198.4,candle_reversal,1,65,-1820.0,18.965,19.315,10.023003269978888,9.276742780984721,1.90001632964102,1.929620135825253,9782890,9463805
NIFTY26031024200PE,buy,current,2026-03-09T09:45:00+05:30,519.8,2026-03-09T10:09:00+05:30,454.8,candle_reversal,1,65,-4224.999999999996,24.455,24.1675,28.091291068403898,16.66432623016223,0.3822354290370792,0.331571427866823,1807000,1651780
NIFTY26031024200CE,buy,current,2026-03-09T10:10:00+05:30,72.4,2026-03-09T10:32:00+05:30,52.8,candle_reversal,1,65,-1274.0000000000005,24.1,24.23,16.66432623016223,14.531744078543536,0.3281905535255109,0.3111319831410125,4270565,4674280
NIFTY26031024300PE,buy,current,2026-03-09T10:35:00+05:30,572.0,2026-03-09T11:21:00+05:30,483.4,candle_reversal,1,65,-5759.000000000002,24.265,23.76,15.086299741193164,16.524479899856537,0.31343076185912794,0.28691592552624073,1608750,1401790
NIFTY26031024200CE,buy,current,2026-03-09T11:25:00+05:30,67.9,2026-03-09T12:09:00+05:30,64.0,candle_reversal,1,65,-253.50000000000037,23.745,23.8125,15.88807665451326,11.70495482580641,0.2850360799309239,0.27995202606418984,4598750,4744220
NIFTY26031024200CE,buy,current,2026-03-09T12:15:00+05:30,66.3,2026-03-09T14:01:00+05:30,82.55,candle_reversal,1,65,1056.25,23.8,24.31,12.03494459551486,11.878462472581019,0.2761427542231637,0.27253274573089525,4832490,5078840
NIFTY26031024150PE,buy,current,2026-03-10T09:40:00+05:30,119.55,2026-03-10T09:44:00+05:30,81.2,candle_reversal,1,65,-2492.7499999999995,20.4875,20.415,22.33425432330996,21.05828689397401,0.16933430634862834,0.16507633172729078,6344585,6140095
NIFTY26031024200CE,buy,current,2026-03-10T09:45:00+05:30,60.75,2026-03-10T09:58:00+05:30,42.7,candle_reversal,1,65,-1173.2499999999998,20.4025,20.8125,21.05828689397401,16.670306314238,0.16507633172729078,0.1707447493467792,23167560,24237590
NIFTY26031024150PE,buy,current,2026-03-10T10:00:00+05:30,109.5,2026-03-10T10:15:00+05:30,71.2,stop,1,65,-2489.5,20.755,20.435,16.500998720363807,15.78545782427687,0.1707447493467792,0.18633877059615142,7511985,9174555
NIFTY26031024200CE,buy,current,2026-03-10T10:20:00+05:30,84.0,2026-03-10T10:55:00+05:30,68.0,candle_reversal,1,65,-1040.0,20.3225,20.1675,15.570234041002712,11.629118897616767,0.2914359228880414,0.3509383196711413,17476810,19588920
NIFTY26031024200CE,buy,current,2026-03-10T11:10:00+05:30,77.4,2026-03-10T11:48:00+05:30,70.05,candle_reversal,1,65,-477.75000000000057,20.045,19.775,10.981168292666293,8.436139689765524,0.3355458302393135,0.49671066470094954,20270055,15328885
NIFTY26031024200PE,buy,current,2026-03-10T12:15:00+05:30,71.95,2026-03-10T12:48:00+05:30,61.95,candle_reversal,1,65,-650.0,19.92,19.805,10.614254040230142,10.92147972141442,0.39428386600404086,0.29224536084289904,23612745,17001530
NIFTY26031723800PE,buy,current,2026-03-11T09:40:00+05:30,126.05,2026-03-11T11:29:00+05:30,191.5,candle_reversal,1,65,4254.25,19.1175,20.2075,16.872638692891307,9.956026564606661,10.591040928134063,8.879534676340644,1956435,2162875
NIFTY26031723800PE,buy,current,2026-03-11T11:35:00+05:30,223.1,2026-03-11T12:03:00+05:30,207.25,candle_reversal,1,65,-1030.2499999999995,20.7825,20.4425,9.781808028746394,10.20975594291713,8.55284742468416,8.619534883720931,2158910,2305550
NIFTY26031723800CE,buy,current,2026-03-11T12:45:00+05:30,433.05,2026-03-11T13:47:00+05:30,410.0,candle_reversal,1,65,-1498.2500000000007,20.44,20.985,9.325080677493174,10.273572542614398,8.749828402153101,8.744782698532957,544570,612040
NIFTY26031723800CE,buy,current,2026-03-11T14:30:00+05:30,397.45,2026-03-11T14:59:00+05:30,360.9,candle_reversal,1,65,-2375.750000000001,20.8325,21.2,14.018832499000881,12.401804258279412,7.506722411044605,7.396558328667826,687960,714935
NIFTY26031723600PE,buy,current,2026-03-12T09:40:00+05:30,284.8,2026-03-12T09:52:00+05:30,255.6,candle_reversal,1,65,-1898.0000000000011,22.35,22.1,20.23571069583378,16.85624005388353,1.901960567979964,1.919838199816987,4269980,5143255
NIFTY26031723600CE,buy,current,2026-03-12T09:55:00+05:30,331.55,2026-03-12T10:07:00+05:30,319.1,candle_reversal,1,65,-809.2499999999993,22.0825,22.1175,15.92068657707289,14.710794239015192,2.032761806262558,2.2554092549906493,3006510,2620670
NIFTY26031723600PE,buy,current,2026-03-12T10:10:00+05:30,252.45,2026-03-12T11:00:00+05:30,196.9,candle_reversal,1,65,-3610.749999999999,22.1275,21.71,15.151399114252836,15.28640173177853,2.1344423536109045,1.912091548571454,5259215,5255770
NIFTY26031723700CE,buy,current,2026-03-12T11:05:00+05:30,311.6,2026-03-12T11:09:00+05:30,301.35,candle_reversal,1,65,-666.25,21.5875,21.6775,14.528475631542141,14.024300519616423,2.0466883466298573,2.142112879884226,3419065,3315520
NIFTY26031723700PE,buy,current,2026-03-12T11:10:00+05:30,227.7,2026-03-12T13:11:00+05:30,235.4,candle_reversal,1,65,500.50000000000114,21.6575,21.355,14.024300519616423,11.717954356251397,2.122376646176706,1.887030291814228,4775745,4735770
NIFTY26031723700CE,buy,current,2026-03-12T13:25:00+05:30,286.8,2026-03-12T13:51:00+05:30,306.3,candle_reversal,1,65,1267.5,21.035,21.1025,11.59748424390331,13.911887260016512,1.9239743241407417,2.355334869781106,3875950,2992730
NIFTY26031723400PE,buy,current,2026-03-13T09:45:00+05:30,217.1,2026-03-13T10:29:00+05:30,254.55,candle_reversal,1,65,2434.250000000001,21.6475,21.815,16.509964633778864,13.193235163648897,0.7763731481232221,0.3982967318672051,5396365,3483870
NIFTY26031723350PE,buy,current,2026-03-13T10:30:00+05:30,234.05,2026-03-13T10:52:00+05:30,219.25,candle_reversal,1,65,-962.0000000000007,21.7825,21.55,13.193235163648897,11.810224308414814,0.3982967318672051,0.3968638055104529,2509000,2841995
NIFTY26031723350PE,buy,current,2026-03-13T11:10:00+05:30,237.55,2026-03-13T13:29:00+05:30,333.35,candle_reversal,1,65,6227.000000000001,21.8325,22.4225,12.238157330808917,14.28722063645284,0.4129687758348212,0.2885080157898977,3335020,1402440
NIFTY26031723500CE,buy,current,2026-03-13T14:05:00+05:30,118.4,2026-03-13T14:55:00+05:30,114.0,candle_reversal,1,65,-286.00000000000034,22.6425,22.66,14.119007938713196,16.615069896153692,0.26792189959476204,0.29114172988267434,8318050,7147530
NIFTY26031723500CE,buy,current,2026-03-16T09:40:00+05:30,86.4,2026-03-16T10:03:00+05:30,56.15,stop,1,65,-1966.2500000000005,21.7475,22.0925,23.724429838264978,19.698753290291798,0.2098061996694347,0.18790982261262326,8075600,8998730
NIFTY26031723350PE,buy,current,2026-03-16T10:05:00+05:30,247.6,2026-03-16T11:16:00+05:30,292.65,candle_reversal,1,65,2928.249999999999,21.9825,21.9525,20.355985198127943,16.29289268824396,0.18519918822774317,0.15654348279303407,940095,637845
NIFTY26031723500PE,buy,current,2026-03-16T11:20:00+05:30,360.95,2026-03-16T13:39:00+05:30,395.1,candle_reversal,1,65,2219.7500000000023,21.915,22.0575,18.913824794486988,12.638633046006758,0.16303452129370588,0.15581034910903127,1551095,1445990
NIFTY26031723500PE,buy,current,2026-03-16T13:40:00+05:30,388.6,2026-03-16T14:21:00+05:30,302.15,candle_reversal,1,65,-5619.250000000003,22.0425,21.665,12.638633046006758,18.84102467637724,0.15581034910903127,0.15395639557570467,1445990,1436435
NIFTY26031723500CE,buy,current,2026-03-16T14:25:00+05:30,85.15,2026-03-16T15:09:00+05:30,116.5,eod_square_off,1,65,2037.7499999999995,21.64,21.5425,21.357518663994494,24.902498468147005,0.1940145814928768,0.3921483237192301,11380655,8826480
NIFTY26031723500CE,buy,current,2026-03-17T09:40:00+05:30,58.0,2026-03-17T10:27:00+05:30,83.6,candle_reversal,1,65,1663.9999999999995,20.68,20.085,22.847651374268953,13.506342065177236,0.38320985706661803,0.9705311268296472,19519500,13058370
NIFTY26031723600CE,buy,current,2026-03-17T10:30:00+05:30,24.35,2026-03-17T10:36:00+05:30,18.75,candle_reversal,1,65,-364.0000000000001,20.2425,20.36,14.893988821504815,16.47563306892824,0.9408892301811121,0.7469635551387293,15181400,15414165
NIFTY26031723500CE,buy,current,2026-03-17T10:50:00+05:30,74.45,2026-03-17T11:13:00+05:30,48.4,stop,1,65,-1693.2500000000002,20.28,20.335,16.699042236353826,14.22072951532202,0.5936941654772813,0.6821570184140147,19784310,17980625
NIFTY26031723400PE,buy,current,2026-03-17T11:15:00+05:30,47.85,2026-03-17T12:45:00+05:30,31.1,stop,1,65,-1088.75,20.3825,20.2575,14.212105978513202,14.103024132561146,0.6821570184140147,0.35766790852590735,22866935,19434480
NIFTY26031723500PE,buy,current,2026-03-17T13:40:00+05:30,41.0,2026-03-17T13:46:00+05:30,26.65,stop,1,65,-932.7500000000001,20.04,20.0625,13.351406480893115,13.749863503163658,0.939332708863018,0.876279470582044,27340690,25741365
NIFTY26031723500PE,buy,current,2026-03-17T14:20:00+05:30,12.8,2026-03-17T14:31:00+05:30,8.3,stop,1,65,-292.5,19.93,19.955,15.587835196339244,16.647885765703716,1.045799482381519,0.9464560616827778,32169410,31849610
NIFTY26032423200PE,buy,current,2026-03-18T09:40:00+05:30,82.3,2026-03-18T10:17:00+05:30,90.5,candle_reversal,1,65,533.0000000000002,18.8325,19.06,16.012143362493042,12.755319862367895,9.808025392844547,10.423279807617718,2190240,2553720
NIFTY26032423200CE,buy,current,2026-03-18T10:25:00+05:30,606.15,2026-03-18T12:00:00+05:30,671.2,candle_reversal,1,65,4228.250000000005,18.8675,18.9825,11.656364445244696,8.53513381266357,10.554584812200163,12.010066582117945,358670,310505
NIFTY26032423100CE,buy,current,2026-03-18T12:05:00+05:30,749.3,2026-03-18T13:32:00+05:30,771.25,candle_reversal,1,65,1426.750000000003,18.9825,18.885,8.645296408358115,9.664904946937842,12.203913491246139,11.738431677018633,342030,339040
NIFTY26032423200CE,buy,current,2026-03-18T13:35:00+05:30,699.0,2026-03-18T14:31:00+05:30,675.1,candle_reversal,1,65,-1553.4999999999986,18.8925,18.7225,10.407749673635234,10.569691740004247,11.75232426965418,11.99496479288777,336245,314665
NIFTY26032423200PE,buy,current,2026-03-19T09:40:00+05:30,225.5,2026-03-19T10:24:00+05:30,223.7,candle_reversal,1,65,-117.00000000000074,21.6175,21.4575,25.684845646411578,13.449961425500232,4.782616170931087,3.080260282714211,3464890,3952260
NIFTY26032423200CE,buy,current,2026-03-19T10:35:00+05:30,267.35,2026-03-19T11:40:00+05:30,251.2,candle_reversal,1,65,-1049.7500000000023,21.38,21.5675,11.59744103175021,10.089073595359022,3.479572854250388,3.0442135718043137,3254160,3965130
NIFTY26032423200PE,buy,current,2026-03-19T11:45:00+05:30,230.6,2026-03-19T12:13:00+05:30,219.3,candle_reversal,1,65,-734.4999999999989,21.575,21.53,9.489190206087244,9.854603871010937,3.0214785560867456,2.9587250071468207,4722640,4716985
NIFTY26032423200CE,buy,current,2026-03-19T12:15:00+05:30,261.1,2026-03-19T12:23:00+05:30,247.65,candle_reversal,1,65,-874.2500000000011,21.425,21.55,10.393560737367403,10.829681870224736,2.9591230932239023,3.167222541690627,4184310,3962985
NIFTY26032423200PE,buy,current,2026-03-19T12:25:00+05:30,217.0,2026-03-19T13:39:00+05:30,245.1,candle_reversal,1,65,1826.4999999999995,21.535,21.7925,10.577561736637204,10.205662477239704,3.1905690855967586,2.269712090610273,4957940,4908735
NIFTY26032423200CE,buy,current,2026-03-19T14:20:00+05:30,196.3,2026-03-19T14:59:00+05:30,141.0,candle_reversal,1,65,-3594.500000000001,22.3725,23.1375,12.910363233078966,18.64917092901957,1.6701768810743576,1.2105309485247517,5337085,4726735
NIFTY26032423200PE,buy,current,2026-03-20T09:40:00+05:30,215.0,2026-03-20T10:26:00+05:30,218.95,candle_reversal,1,65,256.74999999999926,22.0675,22.2175,19.791323061542812,14.42837138706919,3.3448055076579775,3.0543452696752738,5372445,6087315
NIFTY26032423200PE,buy,current,2026-03-20T10:30:00+05:30,217.1,2026-03-20T10:42:00+05:30,201.05,candle_reversal,1,65,-1043.2499999999989,22.25,22.095,13.688349831410731,11.348391858493077,3.0656109215017064,3.346071469476578,6152575,6633835
NIFTY26032423200CE,buy,current,2026-03-20T10:45:00+05:30,298.4,2026-03-20T10:58:00+05:30,296.2,candle_reversal,1,65,-142.99999999999926,22.095,22.1525,10.571062367782146,11.69554715128308,3.425373307095729,4.094168356997971,4230655,3515200
NIFTY26032423200PE,buy,current,2026-03-20T11:05:00+05:30,201.65,2026-03-20T13:06:00+05:30,213.15,candle_reversal,1,65,747.5,22.1525,22.29,12.376352593272463,12.748582046240417,4.21258502313141,3.0963457273384445,7684235,6990230
NIFTY26032423200CE,buy,current,2026-03-20T13:30:00+05:30,276.95,2026-03-20T13:47:00+05:30,255.3,candle_reversal,1,65,-1407.2499999999986,22.405,22.5775,12.65685357106438,12.087074642144387,3.31125519864574,3.6247823167502826,4854005,4503265
NIFTY26032422700PE,buy,current,2026-03-23T09:45:00+05:30,223.4,2026-03-23T11:06:00+05:30,308.9,candle_reversal,1,65,5557.499999999998,25.4725,26.175,20.992883651156713,12.966902121066143,0.7516517567592226,0.327640412057555,8866130,3824210
NIFTY26032422700PE,buy,current,2026-03-23T11:10:00+05:30,293.0,2026-03-23T11:41:00+05:30,303.9,candle_reversal,1,65,708.4999999999985,26.0625,26.2575,15.762020393579709,12.91524834689653,0.3244026951446107,0.3144086310936099,3846050,3848520
NIFTY26032422700CE,buy,current,2026-03-23T11:55:00+05:30,150.15,2026-03-23T12:16:00+05:30,141.55,candle_reversal,1,65,-558.9999999999997,26.4225,26.6175,12.289295506483331,11.754118441379429,0.3154941403728716,0.3143236292127976,9282000,8948420
NIFTY26032422700CE,buy,current,2026-03-23T12:30:00+05:30,139.6,2026-03-23T12:56:00+05:30,137.7,candle_reversal,1,65,-123.50000000000037,26.8025,26.9975,13.119572314255118,13.517387422593519,0.3028014089850398,0.30633437420123893,8853780,8661835
NIFTY26032422700CE,buy,current,2026-03-23T13:25:00+05:30,137.7,2026-03-23T14:32:00+05:30,131.75,candle_reversal,1,65,-386.74999999999926,27.0225,26.6175,11.67613495035925,18.93625534063523,0.2900709422246066,0.3376366263883141,9206990,6709430
NIFTY26032422800PE,buy,current,2026-03-24T09:40:00+05:30,117.2,2026-03-24T09:55:00+05:30,126.7,candle_reversal,1,65,617.5,25.295,25.3425,24.852955383699165,20.327038544362157,0.4079470642765205,0.3035040732235835,11650015,8014045
NIFTY26032422700PE,buy,current,2026-03-24T10:00:00+05:30,78.45,2026-03-24T11:19:00+05:30,73.0,candle_reversal,1,65,-354.25000000000017,25.395,25.54,20.034679505037776,14.94145579178172,0.3185303843405774,0.24501410530673562,11373050,13634920
NIFTY26032422700PE,buy,current,2026-03-24T11:20:00+05:30,66.35,2026-03-24T11:47:00+05:30,43.15,stop,1,65,-1507.9999999999998,25.5275,25.4625,14.94145579178172,15.387459955605456,0.24501410530673562,0.3686971359421163,13634920,17104360
NIFTY26032422800CE,buy,current,2026-03-24T11:50:00+05:30,61.5,2026-03-24T12:05:00+05:30,58.55,candle_reversal,1,65,-191.75000000000017,25.55,25.235,15.412656798455677,14.051024683621858,0.3756831430950865,0.48170575404717525,17964180,15951520
NIFTY26032423000CE,buy,current,2026-03-24T12:25:00+05:30,45.35,2026-03-24T12:28:00+05:30,29.5,stop,1,65,-1030.25,25.17,25.1575,19.45062551115795,24.851831664519597,0.45553872959353603,0.6671964692993131,25237680,19564545
NIFTY26032423000CE,buy,current,2026-03-24T12:35:00+05:30,60.35,2026-03-24T13:05:00+05:30,39.25,stop,1,65,-1371.5,25.145,25.0025,24.252810365046155,20.594177777118308,0.7542230057091506,1.2213318132475814,19713070,15928835
NIFTY26040722900PE,buy,current,2026-04-01T09:40:00+05:30,325.95,2026-04-01T09:51:00+05:30,286.45,candle_reversal,1,65,-2567.5,25.1725,25.05,23.101756354337276,19.306379917636946,0.353708884734894,0.36265710206660895,2596490,2855710
NIFTY26040723000CE,buy,current,2026-04-01T09:55:00+05:30,267.0,2026-04-01T10:08:00+05:30,272.35,candle_reversal,1,65,347.7500000000015,25.0775,25.285,19.141369052131136,14.025868785443441,0.42618445843481456,0.4872751465860832,4675125,4485000
NIFTY26040722900PE,buy,current,2026-04-01T10:15:00+05:30,305.0,2026-04-01T12:00:00+05:30,334.55,candle_reversal,1,65,1920.7500000000007,25.1825,25.0525,13.173345234872224,12.791593729493773,0.46646798518919896,0.28382373680393264,3568305,2133690
NIFTY26040722900PE,buy,current,2026-04-01T12:05:00+05:30,313.7,2026-04-01T12:40:00+05:30,301.5,candle_reversal,1,65,-792.9999999999993,24.9775,24.8,14.05800209569084,11.313409527377283,0.3040362177638242,0.32675902671448936,2169895,2538965
NIFTY26040723000CE,buy,current,2026-04-01T12:50:00+05:30,254.3,2026-04-01T13:22:00+05:30,222.3,candle_reversal,1,65,-2080.0,24.66,24.6375,11.734598121338866,12.444565467088093,0.3431222264877301,0.3687885905762399,5878080,5741385
NIFTY26040723000CE,buy,current,2026-04-01T13:50:00+05:30,182.6,2026-04-01T14:39:00+05:30,170.65,candle_reversal,1,65,-776.7499999999993,25.1,25.0775,19.868487286762058,12.030683619869112,0.2792754294429077,0.2808079017756437,6435195,6290440
NIFTY26040723000PE,buy,current,2026-04-02T09:50:00+05:30,803.65,2026-04-02T10:14:00+05:30,812.7,candle_reversal,1,65,588.2500000000044,26.1525,25.99,18.762949895190282,14.610455681981634,0.20870844383582943,0.18853259644523848,1759355,1707615
NIFTY26040723000PE,buy,current,2026-04-02T10:20:00+05:30,817.6,2026-04-02T12:36:00+05:30,712.8,candle_reversal,1,65,-6812.000000000005,26.0425,25.975,14.818481829613175,13.903456148401832,0.1841716602284981,0.15783194772132955,1700920,1500330
NIFTY26040723000CE,buy,current,2026-04-02T12:40:00+05:30,68.0,2026-04-02T13:06:00+05:30,67.65,candle_reversal,1,65,-22.74999999999963,26.04,25.9625,14.020806544474938,15.193833396040661,0.1587057514885821,0.154235279119663,6081660,5896670
NIFTY26040723000CE,buy,current,2026-04-02T13:20:00+05:30,78.3,2026-04-02T14:38:00+05:30,124.95,candle_reversal,1,65,3032.2500000000005,26.085,25.6675,14.760654007273883,20.835338724274372,0.15214747244393767,0.15572523720003204,5877950,6047795
NIFTY26040723000CE,buy,current,2026-04-06T09:40:00+05:30,86.05,2026-04-06T09:50:00+05:30,63.0,candle_reversal,1,65,-1498.2499999999998,26.27,26.4575,26.409528643919096,24.077193715770278,0.112382209638617,0.09920393636778206,9443395,9996870
NIFTY26040723000PE,buy,current,2026-04-06T09:55:00+05:30,480.0,2026-04-06T11:20:00+05:30,451.1,candle_reversal,1,65,-1878.4999999999986,26.52,26.2475,22.49035895762503,15.189758699287399,0.09319441789332823,0.07893511342674005,1675375,1663090
NIFTY26040723000CE,buy,current,2026-04-06T11:25:00+05:30,60.05,2026-04-06T15:09:00+05:30,172.0,eod_square_off,1,65,7276.75,26.2275,25.3575,16.88591467644617,14.67380434398272,0.07889466034092212,0.31211213522523834,12605775,8081840
NIFTY26040722900PE,buy,current,2026-04-07T09:45:00+05:30,151.45,2026-04-07T10:01:00+05:30,98.45,stop,1,65,-3444.999999999999,25.61,25.52,22.15268365451784,21.450728462312096,0.15882265194375217,0.17208997054903477,6509360,7539480
NIFTY26040723000CE,buy,current,2026-04-07T10:05:00+05:30,59.85,2026-04-07T10:54:00+05:30,38.9,stop,1,65,-1361.7500000000002,25.5025,25.43,20.411680186479536,17.048302278446304,0.19061769657568647,0.26669703362656977,17364945,21778315
NIFTY26040722900PE,buy,current,2026-04-07T10:55:00+05:30,102.4,2026-04-07T11:22:00+05:30,66.55,stop,1,65,-2330.2500000000005,25.435,25.3525,17.048302278446304,16.64965085981664,0.21041569658720272,0.17913099505002064,12149280,11675950
NIFTY26040723000CE,buy,current,2026-04-07T11:25:00+05:30,46.9,2026-04-07T12:58:00+05:30,30.5,stop,1,65,-1066.0,25.3525,25.525,16.181841812801334,10.67244563215499,0.19681030678613226,0.26861027535827675,24585210,29691870
NIFTY26040723000CE,buy,current,2026-04-07T13:05:00+05:30,28.5,2026-04-07T13:57:00+05:30,43.25,candle_reversal,1,65,958.75,25.495,25.145,10.923343680048584,19.645590243897125,0.2704861119731732,0.5327894837228778,30341155,18416450
NIFTY26042124500PE,buy,current,2026-04-15T09:40:00+05:30,411.0,2026-04-15T09:55:00+05:30,371.8,candle_reversal,1,65,-2547.999999999999,18.67,18.74,18.729091479188266,13.773397502456413,0.06393850314184478,0.07022306246520678,562640,680160
NIFTY26042124500CE,buy,current,2026-04-15T10:00:00+05:30,109.05,2026-04-15T10:53:00+05:30,104.0,candle_reversal,1,65,-328.24999999999983,18.7575,18.7,13.133188152531787,9.014332613333911,0.07293670774744665,0.09731027857829011,5180305,4988490
NIFTY26042124500PE,buy,current,2026-04-15T11:10:00+05:30,401.2,2026-04-15T11:38:00+05:30,387.0,candle_reversal,1,65,-922.9999999999993,18.915,18.8675,9.717334339308426,7.487734411724572,0.08459155772570666,0.08269062034931915,783640,752375
NIFTY26042124500CE,buy,current,2026-04-15T11:45:00+05:30,106.45,2026-04-15T13:07:00+05:30,98.55,candle_reversal,1,65,-513.5000000000003,18.77,18.695,7.024912663691552,6.922628604143072,0.08252957255685922,0.08289417983364415,6054620,6469190
NIFTY26042124500CE,buy,current,2026-04-15T13:15:00+05:30,101.9,2026-04-15T15:09:00+05:30,99.25,eod_square_off,1,65,-172.25000000000037,18.65,18.69,5.874490752169163,8.414470443240583,0.08339145757236467,0.09179016605397973,6502990,5406765
NIFTY26042124400PE,buy,current,2026-04-16T09:40:00+05:30,247.55,2026-04-16T12:42:00+05:30,340.45,candle_reversal,1,65,6038.499999999998,18.2275,18.425,15.746859285363005,10.630047044223815,0.2137312547302925,0.11577846307444227,2738125,1497470
NIFTY26042124400PE,buy,current,2026-04-16T12:55:00+05:30,363.45,2026-04-16T13:41:00+05:30,360.0,candle_reversal,1,65,-224.24999999999926,18.4975,18.3925,12.04481730448517,8.232759086333894,0.11424820939885559,0.10218553160473581,1473160,1426880
NIFTY26042124400CE,buy,current,2026-04-16T13:50:00+05:30,92.9,2026-04-16T15:08:00+05:30,88.25,candle_reversal,1,65,-302.25000000000034,18.16,18.0675,7.185379722563897,15.326212872741094,0.10150490811016646,0.0888334864191051,7611305,6772545
NIFTY26042124400CE,buy,current,2026-04-17T09:50:00+05:30,89.0,2026-04-17T12:20:00+05:30,108.2,candle_reversal,1,65,1248.0000000000002,18.065,17.61,14.27433471929684,8.065809591858411,0.07774332316746402,0.11352213306887847,8335730,7799285
NIFTY26042124500CE,buy,current,2026-04-17T12:25:00+05:30,73.5,2026-04-17T13:53:00+05:30,75.1,candle_reversal,1,65,103.99999999999963,17.6075,17.445,7.061437623726129,5.104216237041912,0.11526781267399325,0.12658465222941448,10180495,10638420
NIFTY26042124350PE,buy,current,2026-04-20T09:40:00+05:30,141.35,2026-04-20T09:55:00+05:30,149.85,candle_reversal,1,65,552.5,18.2175,18.2925,19.97262539357542,16.346051007558156,0.28969956142749337,0.20610084894032585,6484595,4906785
NIFTY26042124400CE,buy,current,2026-04-20T10:05:00+05:30,112.65,2026-04-20T12:05:00+05:30,156.8,candle_reversal,1,65,2869.7500000000005,18.28,18.075,14.894271148710184,6.305548336001628,0.23281584187624457,0.5239984181670867,10319725,7213635
NIFTY26042124500CE,buy,current,2026-04-20T12:10:00+05:30,102.3,2026-04-20T13:00:00+05:30,97.7,candle_reversal,1,65,-298.99999999999966,18.14,18.2275,6.865686589560107,9.539885244110142,0.5358650308258371,0.5357400648721086,12602850,12421240
NIFTY26042124400PE,buy,current,2026-04-20T13:10:00+05:30,133.95,2026-04-20T15:00:00+05:30,131.05,candle_reversal,1,65,-188.49999999999852,18.39,18.5775,9.621829631625937,9.23772330597104,0.5067898402004931,0.35117630481891415,11133590,8458060
NIFTY26042124500CE,buy,current,2026-04-21T09:50:00+05:30,68.9,2026-04-21T10:22:00+05:30,52.3,candle_reversal,1,65,-1079.0000000000005,17.905,17.9475,13.08393626040356,8.19057239037569,0.7927125704512126,0.9129308441278627,20990125,22656010
NIFTY26042124500CE,buy,current,2026-04-21T10:35:00+05:30,73.95,2026-04-21T11:22:00+05:30,71.7,candle_reversal,1,65,-146.25,17.71,17.63,9.58292240957189,7.0773421136420955,0.8369152295939649,1.190453015769415,24981385,16088605
NIFTY26042124600CE,buy,current,2026-04-21T11:25:00+05:30,21.9,2026-04-21T11:34:00+05:30,16.0,candle_reversal,1,65,-383.4999999999999,17.63,17.69,6.913371516354464,6.470564486633139,1.1557235501727383,1.071196103636609,23564580,24259430
NIFTY26042124500PE,buy,current,2026-04-21T11:35:00+05:30,41.95,2026-04-21T11:46:00+05:30,27.25,stop,1,65,-955.5000000000002,17.705,17.6625,6.470564486633139,6.572920053450059,1.071196103636609,0.9623798829630013,39401765,37815245
NIFTY26042124500PE,buy,current,2026-04-21T12:50:00+05:30,24.7,2026-04-21T13:14:00+05:30,16.05,stop,1,65,-562.2499999999999,17.7425,17.6575,7.757918268288201,7.19779458230443,1.0559561719397652,1.0488164462704774,44888935,49576410
NIFTY26042124500PE,buy,current,2026-04-21T13:45:00+05:30,18.45,2026-04-21T13:51:00+05:30,12.0,stop,1,65,-419.24999999999994,17.775,17.64,8.139712605217207,7.8727512168039935,1.0207199055522522,0.9912528569051994,46933250,48989330
NIFTY26042824200PE,buy,current,2026-04-22T09:40:00+05:30,148.75,2026-04-22T10:40:00+05:30,162.45,candle_reversal,1,65,890.4999999999993,18.215,18.475,16.08082719451402,7.892678625594738,3.302047244094488,3.19640283977085,2881125,2898350
NIFTY26042824100PE,buy,current,2026-04-22T10:45:00+05:30,126.1,2026-04-22T10:54:00+05:30,113.2,candle_reversal,1,65,-838.4999999999994,18.41,18.2675,7.4389705910459805,8.198599494097508,3.2146012226580445,3.426647185060043,1910350,1994200
NIFTY26042824200CE,buy,current,2026-04-22T10:55:00+05:30,367.35,2026-04-22T11:45:00+05:30,341.15,candle_reversal,1,65,-1703.000000000003,18.2525,18.285,8.198599494097508,7.115496632105398,3.4653662566550394,3.6743724004753417,1314365,1325805
NIFTY26042824200PE,buy,current,2026-04-22T11:50:00+05:30,148.45,2026-04-22T12:45:00+05:30,137.4,candle_reversal,1,65,-718.2499999999989,18.2475,18.1875,8.0076426309235,6.87903203995142,3.6068536632765436,3.681451315692489,3086460,3109275
NIFTY26042824200CE,buy,current,2026-04-22T13:35:00+05:30,343.8,2026-04-22T15:09:00+05:30,321.0,eod_square_off,1,65,-1482.0000000000007,18.11,18.3825,7.724728461618611,7.19840714570355,3.662606566214969,3.585870740305523,1364740,1376050
NIFTY26042824200CE,buy,current,2026-04-23T09:45:00+05:30,215.4,2026-04-23T10:10:00+05:30,236.5,candle_reversal,1,65,1371.4999999999995,18.61,18.615,16.00367514973844,11.860634490233823,2.184980329026093,2.6013483452126933,5679310,4866030
NIFTY26042824200CE,buy,current,2026-04-23T10:15:00+05:30,227.35,2026-04-23T10:32:00+05:30,214.6,candle_reversal,1,65,-828.75,18.575,18.6225,10.95478398780629,9.590875911857834,2.617005126899862,2.5398745500211115,4835480,5087745
NIFTY26042824200PE,buy,current,2026-04-23T10:35:00+05:30,196.6,2026-04-23T11:55:00+05:30,195.35,candle_reversal,1,65,-81.25,18.69,18.69,8.961775658693696,7.472759715997094,2.480385233579267,1.7636776565107886,7526610,7349225
NIFTY26042824200PE,buy,current,2026-04-23T12:30:00+05:30,213.8,2026-04-23T13:21:00+05:30,163.05,candle_reversal,1,65,-3298.75,18.735,18.2925,7.738212823794561,8.220823058064136,1.9108614776090505,2.0387237756035956,7937085,7845825
NIFTY26042824200CE,buy,current,2026-04-23T13:25:00+05:30,221.7,2026-04-23T13:34:00+05:30,206.0,candle_reversal,1,65,-1020.4999999999993,18.3,18.31,8.496081726883137,8.598410887898421,2.1692532537920415,2.509929783571585,6740565,5897450
NIFTY26042824000PE,buy,current,2026-04-24T09:40:00+05:30,161.6,2026-04-24T11:06:00+05:30,192.7,candle_reversal,1,65,2021.4999999999995,19.0975,19.2675,15.947550319871949,8.706533280331668,0.908521384752119,0.6313651362824176,9795760,9225905
NIFTY26042823900PE,buy,current,2026-04-24T11:10:00+05:30,150.1,2026-04-24T11:22:00+05:30,144.7,candle_reversal,1,65,-351.00000000000034,19.2675,19.2875,9.146357003239219,8.771425321668497,0.6356667318773206,0.6064599849557138,6416605,6213285
NIFTY26042823900PE,buy,current,2026-04-24T11:50:00+05:30,161.15,2026-04-24T12:34:00+05:30,153.15,candle_reversal,1,65,-520.0,19.205,19.27,7.61132640489484,8.858330716189567,0.6278907525313987,0.5955448433678504,6825910,7032740
NIFTY26042824000CE,buy,current,2026-04-24T12:55:00+05:30,135.2,2026-04-24T13:01:00+05:30,128.55,candle_reversal,1,65,-432.2499999999985,19.28,19.3125,8.47908361655247,8.535559388175221,0.6008588976665172,0.6167699862146118,15643745,15671370
NIFTY26042824000CE,buy,current,2026-04-24T13:55:00+05:30,117.15,2026-04-24T14:05:00+05:30,111.0,candle_reversal,1,65,-399.75000000000034,19.7275,19.7975,8.731691810720173,8.027976842490459,0.5336940952359938,0.532929212165447,15498210,15487095
NIFTY26042824000CE,buy,current,2026-04-24T14:20:00+05:30,121.9,2026-04-24T15:03:00+05:30,126.8,candle_reversal,1,65,318.49999999999943,19.6325,19.615,8.965653102647499,10.130258401824578,0.5274651370692902,0.6783300894935972,16197090,13155285
NIFTY26042824000CE,buy,current,2026-04-27T09:45:00+05:30,163.5,2026-04-27T10:05:00+05:30,167.95,candle_reversal,1,65,289.24999999999926,18.91,18.765,18.888071998460912,12.578022597443734,0.7930776137388408,1.3072996102355532,15417415,9775025
NIFTY26042824100CE,buy,current,2026-04-27T10:10:00+05:30,111.2,2026-04-27T11:08:00+05:30,78.6,candle_reversal,1,65,-2119.0000000000005,18.7675,18.5425,12.115314020345718,10.211777545193181,1.214545951093642,1.0537973749251364,11691095,14173835
NIFTY26042824000PE,buy,current,2026-04-27T11:10:00+05:30,80.2,2026-04-27T12:26:00+05:30,70.6,candle_reversal,1,65,-624.0000000000006,18.5825,18.7475,10.314507720536628,7.527779289359493,1.000826850659003,0.946639394805312,15915640,16557580
NIFTY26042824100CE,buy,current,2026-04-27T12:30:00+05:30,82.0,2026-04-27T15:03:00+05:30,99.7,candle_reversal,1,65,1150.5000000000002,18.7375,18.41,7.379293403324731,8.05389107665277,0.9555526114071031,1.4952303416819341,15246010,12234495
NIFTY26042824100CE,buy,current,2026-04-28T09:45:00+05:30,77.85,2026-04-28T10:35:00+05:30,64.35,candle_reversal,1,65,-877.5,17.84,17.485,12.244956069780743,7.456997427103587,1.6286103718028604,2.061207975312975,18487495,13746070
NIFTY26042824200CE,buy,current,2026-04-28T10:40:00+05:30,17.95,2026-04-28T11:23:00+05:30,11.65,stop,1,65,-409.49999999999994,17.4825,17.5325,7.582062253110722,7.296913863835049,1.8347834657056727,1.6180228324058779,26224900,29668860
NIFTY26042824100PE,buy,current,2026-04-28T11:25:00+05:30,48.25,2026-04-28T11:38:00+05:30,56.4,candle_reversal,1,65,529.7499999999999,17.5825,17.7725,7.982848587846675,10.487249709261192,1.5620589109278658,0.9518679259517532,30688060,15074605
NIFTY26042824000PE,buy,current,2026-04-28T11:40:00+05:30,15.4,2026-04-28T12:16:00+05:30,18.9,candle_reversal,1,65,227.4999999999999,17.765,17.9225,10.109589015742587,7.511038120804716,0.946224063782494,0.8541125195292819,27987570,30815200
NIFTY26042824100CE,buy,current,2026-04-28T12:45:00+05:30,13.55,2026-04-28T12:54:00+05:30,8.8,stop,1,65,-308.75,18.0325,18.035,8.460835348502787,8.067076058542614,0.7340802623856671,0.8033632914750198,37497785,37344060
NIFTY26050524100CE,buy,current,2026-04-29T09:45:00+05:30,226.4,2026-04-29T11:46:00+05:30,323.65,candle_reversal,1,65,6321.249999999998,17.1525,17.0275,15.437355956197711,7.769941718623396,0.8171913937734723,2.2954318587386857,6889805,2509455
NIFTY26050524300CE,buy,current,2026-04-29T11:50:00+05:30,197.5,2026-04-29T12:06:00+05:30,192.95,candle_reversal,1,65,-295.75000000000074,17.0225,16.945,7.5855364270463355,5.956052017204449,2.272961593068106,2.234039728304984,5261880,5400915
NIFTY26050524300PE,buy,current,2026-04-29T13:30:00+05:30,167.1,2026-04-29T14:42:00+05:30,217.15,candle_reversal,1,65,3253.250000000001,17.12,17.3925,6.7761215038043545,9.870293114194522,2.5474322811284207,1.5496496829949329,7307040,4253730
NIFTY26050524000CE,buy,current,2026-04-30T09:45:00+05:30,151.55,2026-04-30T09:58:00+05:30,128.7,candle_reversal,1,65,-1485.2500000000014,18.235,18.6775,17.082199716999984,13.961300935583983,0.6895018335996749,0.6935120762484371,7231510,7243990
NIFTY26050523900PE,buy,current,2026-04-30T10:00:00+05:30,213.15,2026-04-30T11:27:00+05:30,238.65,candle_reversal,1,65,1657.5,18.77,19.2425,13.596208011613854,8.171944589766873,0.6935120762484371,0.4009640855136948,5565300,3279510
NIFTY26050523900PE,buy,current,2026-04-30T11:30:00+05:30,235.2,2026-04-30T11:57:00+05:30,223.9,candle_reversal,1,65,-734.4999999999989,19.295,19.2525,8.913054263625378,9.069792957766992,0.39731652519435484,0.42740700953404054,3287310,3461510
NIFTY26050524000CE,buy,current,2026-04-30T12:10:00+05:30,128.7,2026-04-30T14:14:00+05:30,199.35,candle_reversal,1,65,4592.25,18.9375,18.4775,10.2933697386468,12.329339870833309,0.43290370008827667,0.7957534846197785,8166340,6530680
NIFTY26050524000PE,buy,current,2026-04-30T14:20:00+05:30,172.6,2026-04-30T14:37:00+05:30,152.4,candle_reversal,1,65,-1312.9999999999993,18.51,18.46,12.491228708018555,12.695858383060695,0.8199904251282775,0.7821201276795543,7189585,6644170
NIFTY26050524300CE,buy,current,2026-05-04T09:40:00+05:30,120.35,2026-05-04T10:17:00+05:30,78.25,stop,1,65,-2736.4999999999995,17.7375,18.2075,21.662971179814182,14.098477565211029,1.093476685911464,0.9910833824792294,12726285,17442165
NIFTY26050524200PE,buy,current,2026-05-04T10:20:00+05:30,122.6,2026-05-04T10:38:00+05:30,95.4,candle_reversal,1,65,-1767.9999999999993,18.1875,18.1325,13.325217900615383,14.814502484081386,0.9824034903881721,0.8585258088118819,11531455,10496720
NIFTY26050524300CE,buy,current,2026-05-04T10:40:00+05:30,95.9,2026-05-04T10:58:00+05:30,85.2,candle_reversal,1,65,-695.5000000000002,18.1125,18.125,14.334895163789755,10.674442976068999,0.8773424027683224,1.0477673280394069,18832190,17246710
NIFTY26050524200PE,buy,current,2026-05-04T11:00:00+05:30,108.55,2026-05-04T11:04:00+05:30,102.3,candle_reversal,1,65,-406.25,18.1275,18.0775,10.708411334921056,9.933676109241999,1.0477673280394069,0.9493906602387702,12643410,11918205
NIFTY26050524300CE,buy,current,2026-05-04T11:10:00+05:30,88.35,2026-05-04T11:56:00+05:30,89.7,candle_reversal,1,65,87.75000000000055,18.07,17.91,9.780125103433095,8.435246189452078,0.9271571130907676,1.111286551272635,18510050,18380895
NIFTY26050524000PE,buy,current,2026-05-04T12:15:00+05:30,67.15,2026-05-04T12:53:00+05:30,61.4,candle_reversal,1,65,-373.75000000000045,18.465,18.295,12.09183632286528,12.037933658604071,0.8880323589161211,0.6817897392132821,11893050,12302420
NIFTY26050524000PE,buy,current,2026-05-05T09:40:00+05:30,55.25,2026-05-05T09:53:00+05:30,35.9,stop,1,65,-1257.75,18.705,18.5075,20.283694172373835,16.063357126023675,0.8222362154564585,0.7347797664647856,27643070,29817450
NIFTY26050524000PE,buy,current,2026-05-05T10:05:00+05:30,52.8,2026-05-05T12:03:00+05:30,110.25,candle_reversal,1,65,3734.25,18.5675,18.6575,14.978189052919301,10.51250901212609,0.739372053818009,0.2788771256610911,30322500,8541845
NIFTY26050523900PE,buy,current,2026-05-05T12:05:00+05:30,35.1,2026-05-05T12:13:00+05:30,25.0,candle_reversal,1,65,-656.5000000000001,18.6075,18.575,10.133044082688565,9.56077796317775,0.28672975280753144,0.32835760235147204,21672300,25233650
NIFTY26050524000CE,buy,current,2026-05-05T12:15:00+05:30,26.35,2026-05-05T12:27:00+05:30,23.65,candle_reversal,1,65,-175.50000000000017,18.4975,18.4375,9.785008108665107,9.95217681070402,0.32916816567186596,0.47098223366837577,46218575,40538290
NIFTY26050524000CE,buy,current,2026-05-05T12:35:00+05:30,26.15,2026-05-05T14:53:00+05:30,17.0,stop,1,65,-594.7499999999999,18.4325,18.0475,11.028954409327806,12.580440856936137,0.4813958119654465,0.7573127334640042,42200275,24588200
NIFTY26051223500PE,buy,current,2026-05-06T09:40:00+05:30,29.05,2026-05-06T09:55:00+05:30,24.85,candle_reversal,1,65,-272.99999999999994,17.5875,17.3275,14.028941492661106,11.368700194207927,21.665159781761496,22.105036855036854,3674905,3735745
NIFTY26051223500PE,buy,current,2026-05-06T10:05:00+05:30,30.3,2026-05-06T10:14:00+05:30,25.15,candle_reversal,1,65,-334.7500000000001,17.4975,17.395,10.965669066573911,10.517754455368307,23.587461773700305,23.44317234058685,3915470,4009005
NIFTY26051223500CE,buy,current,2026-05-06T10:15:00+05:30,710.0,2026-05-06T10:52:00+05:30,671.4,candle_reversal,1,65,-2509.0000000000014,17.4125,17.4225,10.517754455368307,8.890031769832348,23.44317234058685,23.55910129474486,660465,653510
NIFTY26051223500CE,buy,current,2026-05-06T11:30:00+05:30,686.75,2026-05-06T11:36:00+05:30,661.75,candle_reversal,1,65,-1625.0,17.345,17.4025,7.6102479775137315,7.311220096063358,23.906617100371747,24.29168232023443,670540,661570
NIFTY26051223500CE,buy,current,2026-05-06T11:50:00+05:30,675.0,2026-05-06T12:02:00+05:30,660.0,candle_reversal,1,65,-975.0,17.34,17.2875,7.361665512878373,7.725917583009162,25.603160270880363,26.11557370849406,661310,657540
NIFTY26051223500CE,buy,current,2026-05-07T09:45:00+05:30,922.9,2026-05-07T09:49:00+05:30,880.0,candle_reversal,1,65,-2788.4999999999986,16.69,16.69,14.620886565814088,14.310220045369194,34.15781198278716,34.63947324830214,589095,588510
NIFTY26051223500PE,buy,current,2026-05-07T09:50:00+05:30,10.2,2026-05-07T10:17:00+05:30,10.7,candle_reversal,1,65,32.5,16.6575,16.8175,14.310220045369194,12.297942754161076,34.64808218043244,35.89011270491803,6331585,6336525
NIFTY26051223500PE,buy,current,2026-05-07T11:00:00+05:30,10.3,2026-05-07T11:32:00+05:30,10.7,candle_reversal,1,65,25.999999999999908,16.7925,16.885,8.713590899009809,10.051421338310996,37.124128919860624,39.56220646468367,6620445,6748170
NIFTY26051223500CE,buy,current,2026-05-07T11:55:00+05:30,851.4,2026-05-07T13:10:00+05:30,910.0,candle_reversal,1,65,3809.0000000000014,16.97,16.81,8.801538782668347,14.126912484229015,41.071123755334284,42.14520367936925,487045,477815
NIFTY26051223500PE,buy,current,2026-05-08T09:40:00+05:30,10.25,2026-05-08T09:55:00+05:30,10.75,candle_reversal,1,65,32.5,17.035,17.2875,16.48510750332732,13.444539658126269,56.558258258258256,60.03600671845476,9731410,9726210
NIFTY26051223600CE,buy,current,2026-05-08T10:25:00+05:30,664.05,2026-05-08T10:35:00+05:30,665.2,candle_reversal,1,65,74.75000000000591,17.0025,17.0025,11.281193738911584,8.94213437296411,60.03913361933661,60.496760710553815,72605,70265
NIFTY26051223500PE,buy,current,2026-05-08T10:55:00+05:30,10.05,2026-05-08T11:04:00+05:30,9.1,candle_reversal,1,65,-61.75000000000007,17.09,17.0575,7.458942267450106,7.95219721356233,63.1490813648294,63.191406660363484,10250110,10184395
NIFTY26051223500CE,buy,current,2026-05-08T11:05:00+05:30,754.2,2026-05-08T12:33:00+05:30,695.0,candle_reversal,1,65,-3848.0000000000027,17.06,17.175,7.95219721356233,7.988944859869979,63.191406660363484,63.1147077309868,429650,434850
NIFTY26051223500PE,buy,current,2026-05-08T12:35:00+05:30,10.05,2026-05-08T13:29:00+05:30,8.8,candle_reversal,1,65,-81.25,17.15,16.9325,8.111163084165032,7.503379505941373,63.047424623115575,63.48972675280661,10162880,10179650
NIFTY26051223500CE,buy,current,2026-05-08T14:10:00+05:30,695.95,2026-05-08T15:02:00+05:30,718.0,candle_reversal,1,65,1433.249999999997,17.1275,16.815,12.260181093876563,11.31047662385198,63.47701088679844,63.45113952195664,425165,407615
NIFTY26051223500PE,buy,current,2026-05-11T09:40:00+05:30,16.7,2026-05-11T10:04:00+05:30,14.35,candle_reversal,1,65,-152.74999999999997,18.8475,18.595,18.304423777038803,11.755344111564005,46.797633996431166,37.73166386725709,9939735,10165285
NIFTY26051223500CE,buy,current,2026-05-11T10:10:00+05:30,419.05,2026-05-11T12:29:00+05:30,456.25,candle_reversal,1,65,2417.999999999999,18.6,18.2875,10.811528643599129,7.106104237706707,38.40197388711833,57.449637442320366,646230,479115
NIFTY26051223500CE,buy,current,2026-05-11T12:30:00+05:30,452.35,2026-05-11T13:06:00+05:30,429.7,candle_reversal,1,65,-1472.2500000000023,18.3175,18.405,7.106104237706707,8.939801108346634,57.60136027469625,50.787803727294175,477815,454480
NIFTY26051223600CE,buy,current,2026-05-11T13:10:00+05:30,373.75,2026-05-11T13:59:00+05:30,398.35,candle_reversal,1,65,1599.0000000000014,18.2475,18.16,9.838226324722308,9.031812045339592,52.31432061068702,64.53678620901955,341705,184600
NIFTY26051223500PE,buy,current,2026-05-11T14:15:00+05:30,6.25,2026-05-11T15:09:00+05:30,11.25,eod_square_off,1,65,325.0,18.1275,18.5825,8.426097633714045,9.663281294904477,64.75,29.30509838638284,11318255,11061310
NIFTY26051223650CE,buy,current,2026-05-12T10:15:00+05:30,62.15,2026-05-12T10:25:00+05:30,44.25,candle_reversal,1,65,-1163.5,18.715,18.8125,10.832111844115962,11.09117996682034,2.8438373059727193,3.3057938268211773,22481875,20805330
NIFTY26051223600PE,buy,current,2026-05-12T10:30:00+05:30,45.15,2026-05-12T10:43:00+05:30,36.6,candle_reversal,1,65,-555.7499999999998,18.9175,18.58,11.266896372145762,10.08662043545947,2.74647404492168,2.481890388122035,24379225,24860290
NIFTY26051223600PE,buy,current,2026-05-12T10:50:00+05:30,44.0,2026-05-12T13:16:00+05:30,71.3,candle_reversal,1,65,1774.4999999999998,18.7525,19.0325,10.160910353235517,9.9256303825149,2.4377807970065395,1.1296652366931481,25772370,12048985
NIFTY26051223500PE,buy,current,2026-05-12T13:20:00+05:30,19.8,2026-05-12T15:09:00+05:30,131.25,eod_square_off,1,65,7244.25,19.1275,19.4025,10.941202605825323,13.38191348981442,1.223845903974553,0.8045983774335952,33254390,6763315
NIFTY26051923400PE,buy,current,2026-05-13T09:40:00+05:30,280.6,2026-05-13T09:53:00+05:30,237.7,candle_reversal,1,65,-2788.5000000000023,19.775,19.825,22.675007351765135,18.7394002798526,0.5391677325453182,0.5379460583207086,3855085,3698305
NIFTY26051923500CE,buy,current,2026-05-13T09:55:00+05:30,200.75,2026-05-13T10:11:00+05:30,201.3,candle_reversal,1,65,35.75000000000074,19.8275,19.8625,18.236585974148895,15.560506876202458,0.5633269984028837,0.6342354382447934,6121505,6067425
NIFTY26051923500CE,buy,current,2026-05-13T10:20:00+05:30,232.55,2026-05-13T10:59:00+05:30,193.95,candle_reversal,1,65,-2509.0000000000014,19.6625,19.7775,14.022408288105561,12.85681890038722,0.649329452769767,0.7638095457212207,6125535,6414980
NIFTY26051923400PE,buy,current,2026-05-13T11:00:00+05:30,224.35,2026-05-13T11:04:00+05:30,214.7,candle_reversal,1,65,-627.2500000000003,19.765,19.695,12.85681890038722,12.97684960132255,0.7583150189886804,0.7049340616362206,5864625,5690230
NIFTY26051923400PE,buy,current,2026-05-13T12:00:00+05:30,180.05,2026-05-13T12:53:00+05:30,167.55,candle_reversal,1,65,-812.5,19.475,19.41,11.667486305185083,11.235835129453738,0.8430801104972375,0.7975748284387872,6279195,5997095
NIFTY26051923500PE,buy,current,2026-05-14T09:40:00+05:30,179.55,2026-05-14T10:27:00+05:30,178.6,candle_reversal,1,65,-61.75000000000111,18.8525,18.74,15.994780560918501,12.915449169016853,0.848006479051356,0.6581501267210896,6661850,7342335
NIFTY26051923500CE,buy,current,2026-05-14T10:40:00+05:30,209.65,2026-05-14T10:45:00+05:30,189.0,candle_reversal,1,65,-1342.2500000000005,18.705,18.8625,10.651609348992212,11.626601070796502,0.6948866611416068,0.7258119315763686,8577205,8244145
NIFTY26051923500PE,buy,current,2026-05-14T10:50:00+05:30,214.1,2026-05-14T11:18:00+05:30,187.4,candle_reversal,1,65,-1735.4999999999993,18.96,18.9,12.329299072860419,11.351509661907894,0.6248466357959366,0.584870650115108,6695065,6546605
NIFTY26051923500CE,buy,current,2026-05-14T11:20:00+05:30,200.05,2026-05-14T15:09:00+05:30,285.45,eod_square_off,1,65,5550.999999999998,18.81,18.6925,11.369258971771512,14.870191998322962,0.607981976182813,1.7815876698707325,9051380,3815630
NIFTY26051923800CE,buy,current,2026-05-15T09:40:00+05:30,161.45,2026-05-15T11:04:00+05:30,158.05,candle_reversal,1,65,-220.99999999999852,18.485,18.33,19.481237556186095,9.573670960217571,1.877497661116731,2.616792263491272,9490650,9019725
NIFTY26051923800CE,buy,current,2026-05-15T11:05:00+05:30,152.1,2026-05-15T11:09:00+05:30,135.2,candle_reversal,1,65,-1098.5000000000005,18.3025,18.4,9.573670960217571,10.156713649506447,2.5982032448861014,2.323403663381325,8978320,9503585
NIFTY26051923700PE,buy,current,2026-05-15T11:10:00+05:30,150.0,2026-05-15T12:02:00+05:30,144.25,candle_reversal,1,65,-373.75,18.4075,18.4775,10.156713649506447,9.372132273992198,2.282754981939202,1.5677695500149234,12068225,10768095
NIFTY26051923700PE,buy,current,2026-05-15T12:20:00+05:30,151.8,2026-05-15T15:09:00+05:30,192.0,eod_square_off,1,65,2612.999999999999,18.4575,18.7775,8.822880375001036,12.583118083997297,1.7967245110102252,1.3526725374857285,11790740,7214220
NIFTY26051923400PE,buy,current,2026-05-18T09:40:00+05:30,148.7,2026-05-18T10:02:00+05:30,144.6,candle_reversal,1,65,-266.49999999999966,19.925,19.84,18.67865520425635,12.950727842070776,0.6367413989502562,0.455586609583308,12235015,9669140
NIFTY26051923400PE,buy,current,2026-05-18T10:10:00+05:30,148.1,2026-05-18T10:36:00+05:30,110.25,candle_reversal,1,65,-2460.2499999999995,19.8225,19.6475,11.5281903242732,12.098976493711628,0.48769224966999813,0.5301325819603584,10824190,12117430
NIFTY26051923500CE,buy,current,2026-05-18T10:40:00+05:30,89.0,2026-05-18T11:57:00+05:30,114.4,candle_reversal,1,65,1651.0000000000005,19.625,19.57,11.446483730570346,9.459129194357141,0.5875090630952371,1.0939252819418108,14298050,11925745
NIFTY26051923500CE,buy,current,2026-05-18T12:00:00+05:30,98.3,2026-05-18T13:08:00+05:30,184.25,candle_reversal,1,65,5586.75,19.57,19.575,9.837208335950892,11.443030939506286,1.0812702351054495,1.5783003545314849,11851580,6760455
NIFTY26051923700CE,buy,current,2026-05-18T13:10:00+05:30,74.0,2026-05-18T14:01:00+05:30,88.25,candle_reversal,1,65,926.25,19.5725,19.5925,11.043528729541448,9.606695998772992,1.5430150619704097,1.6063341880437583,8672690,9292985
NIFTY26051923500PE,buy,current,2026-05-18T14:10:00+05:30,83.5,2026-05-18T15:00:00+05:30,54.3,stop,1,65,-1898.0000000000002,19.6425,19.695,9.859865624051972,14.235941700680453,1.6299698434411163,1.4159786074019314,20113535,16977870
NIFTY26051923700CE,buy,current,2026-05-19T09:40:00+05:30,79.25,2026-05-19T09:59:00+05:30,51.5,stop,1,65,-1803.75,18.8325,18.955,19.63344229840797,14.422324504005799,1.2477519879465282,1.3382653900237944,19476535,19908460
NIFTY26051923700PE,buy,current,2026-05-19T10:00:00+05:30,69.9,2026-05-19T10:06:00+05:30,45.45,stop,1,65,-1589.2500000000002,18.9275,18.7175,14.422324504005799,15.314529668031502,1.3299769956368725,1.3522900880931674,17364685,18761210
NIFTY26051923800CE,buy,current,2026-05-19T10:10:00+05:30,30.9,2026-05-19T11:08:00+05:30,26.6,candle_reversal,1,65,-279.49999999999983,18.6925,18.61,15.149989679542639,10.430470823207282,1.422771419619985,1.9003583842019975,25968605,29172975
NIFTY26051923800CE,buy,current,2026-05-19T11:10:00+05:30,26.05,2026-05-19T11:17:00+05:30,16.95,stop,1,65,-591.5000000000001,18.62,18.7275,10.021151478692529,11.859747667531161,1.8379185459859495,1.5309647888999722,29847025,30037865
NIFTY26051923700PE,buy,current,2026-05-19T11:20:00+05:30,53.5,2026-05-19T11:40:00+05:30,34.8,stop,1,65,-1215.5000000000002,18.68,18.5775,11.296415080677173,10.470211151701479,1.4686392415952652,1.4051003177423056,23866830,25867075
NIFTY26051923700PE,buy,current,2026-05-19T12:05:00+05:30,25.75,2026-05-19T13:18:00+05:30,16.75,stop,1,65,-585.0,18.5025,18.485,8.934732846851091,8.720528738559588,1.849883559552376,1.4962081604804338,33456800,39099710
NIFTY26052623700CE,buy,current,2026-05-20T10:00:00+05:30,139.85,2026-05-20T10:46:00+05:30,133.35,candle_reversal,1,65,-422.5,19.2175,19.0125,11.581325809209067,10.714338096030366,0.3580064154461151,0.3463848693409974,5338515,5304975
NIFTY26052623700PE,buy,current,2026-05-20T10:50:00+05:30,329.3,2026-05-20T10:54:00+05:30,305.75,candle_reversal,1,65,-1530.7500000000007,19.055,18.975,10.051366908519592,10.218149010764032,0.34120990393137807,0.33747127865445137,3337750,3338140
NIFTY26052623700CE,buy,current,2026-05-20T10:55:00+05:30,144.1,2026-05-20T12:02:00+05:30,167.3,candle_reversal,1,65,1508.0000000000011,18.9825,19.0175,10.218149010764032,8.84168089610078,0.33659767428633475,0.37894169234210257,5388760,5412615
NIFTY26052623700CE,buy,current,2026-05-20T12:05:00+05:30,161.0,2026-05-20T12:28:00+05:30,156.3,candle_reversal,1,65,-305.49999999999926,19.0475,18.7475,8.415275874699095,8.009266391916492,0.37347720813443336,0.3643250700435164,5475210,5747560
NIFTY26052623700PE,buy,current,2026-05-20T13:20:00+05:30,277.9,2026-05-20T13:34:00+05:30,274.2,candle_reversal,1,65,-240.49999999999926,19.0,19.05,7.968739155347044,9.029625465158977,0.3690368047203149,0.36825380056774226,3659370,3606850
NIFTY26052623800CE,buy,current,2026-05-21T09:40:00+05:30,165.35,2026-05-21T09:59:00+05:30,157.85,candle_reversal,1,65,-487.5,18.1175,17.6925,16.36600583235302,13.1226241816793,0.45580658533696555,0.5139766183434825,8357050,8250645
NIFTY26052623800CE,buy,current,2026-05-21T10:05:00+05:30,160.45,2026-05-21T10:36:00+05:30,149.7,candle_reversal,1,65,-698.75,17.64,17.7175,12.139505489320412,10.262986322993438,0.5024381976800381,0.4824757914350579,8739055,9823060
NIFTY26052623700PE,buy,current,2026-05-21T10:40:00+05:30,162.05,2026-05-21T10:44:00+05:30,146.8,candle_reversal,1,65,-991.25,17.7675,17.6575,10.996239413854488,10.290388994705244,0.46061230744893317,0.4475683623674811,5748145,5768100
NIFTY26052623800CE,buy,current,2026-05-21T10:45:00+05:30,154.3,2026-05-21T11:17:00+05:30,106.35,candle_reversal,1,65,-3116.750000000001,17.64,18.31,10.290388994705244,11.379474635072745,0.4477033162985043,0.3806170122744297,10302565,10880870
NIFTY26052623700PE,buy,current,2026-05-21T11:20:00+05:30,200.3,2026-05-21T11:24:00+05:30,179.75,candle_reversal,1,65,-1335.7500000000007,18.095,17.9125,12.539700067996254,12.176748541059029,0.35921519334193064,0.362749650638638,5704790,5900895
NIFTY26052623700PE,buy,current,2026-05-21T11:50:00+05:30,169.15,2026-05-21T12:53:00+05:30,233.3,candle_reversal,1,65,4169.75,17.825,17.955,8.239099325347452,11.08350111692978,0.40836556481518405,0.32607725457093584,6650280,6180135
NIFTY26052623700PE,buy,current,2026-05-22T09:40:00+05:30,137.4,2026-05-22T10:09:00+05:30,114.35,candle_reversal,1,65,-1498.2500000000007,18.295,18.6275,14.864325033924137,10.252022593505123,0.5342172864014183,0.6038987621836318,10775700,11661845
NIFTY26052623800CE,buy,current,2026-05-22T10:10:00+05:30,151.9,2026-05-22T10:17:00+05:30,144.05,candle_reversal,1,65,-510.24999999999966,18.62,18.6925,10.252022593505123,9.981730681134925,0.6185309095215538,0.6791090152852975,10868195,10806510
NIFTY26052623700PE,buy,current,2026-05-22T10:20:00+05:30,119.1,2026-05-22T10:34:00+05:30,113.5,candle_reversal,1,65,-363.99999999999966,18.6825,18.64,9.910522883223422,9.49064874018911,0.6478612923031712,0.6374214973826551,12034360,12123410
NIFTY26052623800CE,buy,current,2026-05-22T10:45:00+05:30,150.35,2026-05-22T11:03:00+05:30,144.6,candle_reversal,1,65,-373.75,18.755,18.58,9.07337597447723,7.519496776843694,0.6886650991250713,0.6792257197057402,11970790,12191660
NIFTY26052623700PE,buy,current,2026-05-22T11:15:00+05:30,115.95,2026-05-22T11:42:00+05:30,104.85,candle_reversal,1,65,-721.5000000000006,18.635,18.335,6.820435219157824,8.178182666326606,0.6676458358884465,0.6396159913604954,12362740,11945765
NIFTY26052623800CE,buy,current,2026-05-22T11:45:00+05:30,165.75,2026-05-22T13:58:00+05:30,141.5,candle_reversal,1,65,-1576.25,18.36,17.8475,8.367667707190078,7.45981884665916,0.7063414918136236,0.7440293924593037,11582480,10854545
NIFTY26052624000PE,buy,current,2026-05-25T09:40:00+05:30,128.7,2026-05-25T10:37:00+05:30,97.05,candle_reversal,1,65,-2057.2499999999995,16.76,17.3575,13.793075788072073,7.207676984043481,0.8530461068947217,1.105084206619895,10712455,14958190
NIFTY26052624000CE,buy,current,2026-05-25T10:40:00+05:30,99.0,2026-05-25T11:33:00+05:30,83.3,candle_reversal,1,65,-1020.5000000000002,17.41,16.8825,6.790292909711012,5.800748647175411,1.1545618492950462,1.1585525555925456,24509225,26772915
NIFTY26052624000PE,buy,current,2026-05-25T11:35:00+05:30,107.35,2026-05-25T12:37:00+05:30,107.8,candle_reversal,1,65,29.250000000000185,16.9425,17.085,6.025695172376959,5.288977674661028,1.1635840115005174,1.0534148296593187,17263025,16511625
NIFTY26052624000PE,buy,current,2026-05-25T12:50:00+05:30,122.2,2026-05-25T14:28:00+05:30,87.6,candle_reversal,1,65,-2249.0000000000005,17.0375,16.885,6.501000192280849,5.620362757209756,1.0204456486106022,1.117382249740952,15229240,16960515
NIFTY26052624000CE,buy,current,2026-05-25T14:30:00+05:30,79.15,2026-05-25T15:09:00+05:30,105.75,eod_square_off,1,65,1728.9999999999995,16.895,16.8025,5.615336845980436,6.319647469427062,1.128236695281718,1.6795074781957775,26693355,17543500
NIFTY26052624100CE,buy,current,2026-05-26T09:40:00+05:30,41.2,2026-05-26T09:49:00+05:30,32.4,candle_reversal,1,65,-572.0000000000002,15.88,15.91,11.82921977357197,9.706547654068842,2.256598345418288,2.107309174559647,15271555,18341375
NIFTY26052624000PE,buy,current,2026-05-26T09:55:00+05:30,38.35,2026-05-26T10:11:00+05:30,26.5,candle_reversal,1,65,-770.2500000000001,16.1775,16.23,9.316855417612597,9.71667225376109,1.9257542992482752,1.7829281632323282,35586655,35024340
NIFTY26052624100CE,buy,current,2026-05-26T10:15:00+05:30,34.1,2026-05-26T10:44:00+05:30,29.95,candle_reversal,1,65,-269.7500000000001,16.26,15.6,9.151814483058699,6.734635745135792,1.876490435523587,2.419054369866309,20820735,21156460
NIFTY26052624000PE,buy,current,2026-05-26T11:25:00+05:30,23.85,2026-05-26T11:38:00+05:30,17.55,candle_reversal,1,65,-409.50000000000006,15.605,15.415,6.759651210070758,8.56563468768066,2.0549531787269117,1.8621067891906817,42941015,41288975
NIFTY26052624000PE,buy,current,2026-05-26T12:00:00+05:30,25.85,2026-05-26T12:20:00+05:30,20.6,candle_reversal,1,65,-341.25,15.57,15.58,8.244913637724588,7.658588605073047,1.7889087193812887,1.5486635457785591,41151500,41567370
NIFTY26060223850CE,buy,current,2026-05-27T09:45:00+05:30,200.45,2026-05-27T10:01:00+05:30,184.35,candle_reversal,1,65,-1046.4999999999995,15.9675,15.78,13.20673414766881,10.963736992057678,4.3787728512499156,4.173087389785558,1268605,1549340
NIFTY26060223850CE,buy,current,2026-05-27T10:10:00+05:30,222.9,2026-05-27T10:45:00+05:30,215.55,candle_reversal,1,65,-477.74999999999966,15.65,15.0975,12.66880280797743,9.295618919260104,4.6924622557726465,5.979850457651154,1339845,972790
NIFTY26060223800CE,buy,current,2026-05-27T10:50:00+05:30,260.45,2026-05-27T11:26:00+05:30,276.2,candle_reversal,1,65,1023.75,15.0725,14.9575,9.489253747214386,7.519701137997102,5.704876200101062,6.398087372895034,1837940,1705860
NIFTY26060223800PE,buy,current,2026-05-27T11:40:00+05:30,81.95,2026-05-27T12:19:00+05:30,89.8,candle_reversal,1,65,510.24999999999966,14.905,15.2225,7.617195991803547,7.487584540374539,6.362392295995945,5.894749311088667,5483725,5302375
NIFTY26060223800PE,buy,current,2026-05-27T12:30:00+05:30,99.15,2026-05-27T14:58:00+05:30,95.6,candle_reversal,1,65,-230.75000000000074,15.255,15.09,7.622930416460622,8.642711112406124,5.736229127556566,4.67671130177638,5075915,4364230
NIFTY26060223800CE,buy,current,2026-05-29T09:40:00+05:30,237.3,2026-05-29T10:19:00+05:30,252.2,candle_reversal,1,65,968.4999999999985,14.93,15.1975,16.008637472032177,10.25968534944371,5.777956126270733,6.893384422612454,3128125,2667145
NIFTY26060223800CE,buy,current,2026-05-29T10:20:00+05:30,251.0,2026-05-29T10:28:00+05:30,241.05,candle_reversal,1,65,-646.7499999999993,15.215,15.16,10.25968534944371,9.892587467982649,6.918547015543004,7.024104797075089,2666690,2660645
NIFTY26060223800PE,buy,current,2026-05-29T10:30:00+05:30,71.25,2026-05-29T12:25:00+05:30,89.3,candle_reversal,1,65,1173.2499999999998,15.18,15.12,9.753831220269655,8.038441126007672,6.855709166301755,3.7225556394751957,7895615,8933990
NIFTY26060223800PE,buy,current,2026-05-29T12:30:00+05:30,89.1,2026-05-29T13:57:00+05:30,138.05,candle_reversal,1,65,3181.750000000001,15.1,15.7825,6.9751527228215275,8.507120755328161,3.9294169636225167,1.7344544405282245,9357660,6848010
NIFTY26060223700PE,buy,current,2026-05-29T14:00:00+05:30,100.05,2026-05-29T14:30:00+05:30,87.6,candle_reversal,1,65,-809.2500000000002,15.845,15.7375,8.400782692094024,8.52907258355549,1.7777708715794895,1.6837012909682367,7182760,7453160
NIFTY26060223600PE,buy,current,2026-06-01T09:45:00+05:30,95.65,2026-06-01T10:08:00+05:30,109.5,candle_reversal,1,65,900.2499999999997,16.01,15.96,18.530728177897988,13.220695209201741,0.9735857906238927,0.7509423694287868,11838255,9557210
NIFTY26060223500PE,buy,current,2026-06-01T10:10:00+05:30,66.3,2026-06-01T10:49:00+05:30,61.05,candle_reversal,1,65,-341.25,15.92,15.9525,13.26921697997315,11.10195367356873,0.7719262075392342,0.7329357413733264,12826970,14589250
NIFTY26060223600CE,buy,current,2026-06-01T10:55:00+05:30,117.7,2026-06-01T11:24:00+05:30,108.8,candle_reversal,1,65,-578.5000000000003,16.1425,16.1325,10.19862517351431,8.8801172837674,0.8129491945962943,1.0259567601347448,14848795,13006370
NIFTY26060223500PE,buy,current,2026-06-01T11:30:00+05:30,61.2,2026-06-01T11:50:00+05:30,60.1,candle_reversal,1,65,-71.50000000000009,16.2375,16.28,8.601450077798383,8.722353612639255,0.9475818835924024,0.8050673586295356,16815760,16890575
NIFTY26060223600CE,buy,current,2026-06-01T12:15:00+05:30,79.1,2026-06-01T13:53:00+05:30,51.4,stop,1,65,-1800.4999999999998,16.35,16.5,10.59918263309859,8.152438252706519,0.620688158655825,0.6459453461381146,17771390,17703335
NIFTY26060223400CE,buy,current,2026-06-02T09:45:00+05:30,18.95,2026-06-02T10:12:00+05:30,12.3,stop,1,65,-432.2499999999999,16.19,16.0725,16.404634987838076,11.931777682448784,0.203273626345514,0.2040962817847142,18932290,22188205
NIFTY26060223350PE,buy,current,2026-06-02T10:15:00+05:30,96.7,2026-06-02T10:20:00+05:30,62.85,stop,1,65,-2200.25,16.1975,16.025,11.592961369050228,11.689963136212086,0.19890779995522367,0.1927862572360074,8285030,8042580
NIFTY26060223400CE,buy,current,2026-06-02T10:25:00+05:30,36.35,2026-06-02T10:49:00+05:30,23.65,stop,1,65,-825.5000000000002,15.97,16.0825,12.983213690476612,10.918653898891518,0.2848218568482097,0.3037989246767694,18764070,25503205
NIFTY26060223350PE,buy,current,2026-06-02T10:50:00+05:30,51.1,2026-06-02T11:24:00+05:30,33.2,stop,1,65,-1163.5,16.09,15.88,10.918653898891518,10.500298237476002,0.2986305448050015,0.25131111550898283,18711745,15285270
NIFTY26060223400CE,buy,current,2026-06-02T11:25:00+05:30,26.1,2026-06-02T11:36:00+05:30,16.95,stop,1,65,-594.7500000000001,15.93,15.94,10.500298237476002,10.099071609503635,0.2713232457985025,0.25056413447392,25506130,27326585
NIFTY26060223350PE,buy,current,2026-06-02T11:40:00+05:30,66.3,2026-06-02T12:33:00+05:30,43.1,stop,1,65,-1507.9999999999998,16.0225,15.9725,10.43706644536409,11.646671079103447,0.20409052956100068,0.17500833594666215,12253735,10832185
NIFTY26060923300CE,buy,current,2026-06-03T09:40:00+05:30,205.85,2026-06-03T09:56:00+05:30,185.6,candle_reversal,1,65,-1316.25,16.6675,16.425,20.31831437723226,16.04315760895978,0.7779905975408695,0.7528378681435086,8950175,9472255
NIFTY26060923300CE,buy,current,2026-06-03T10:05:00+05:30,205.0,2026-06-03T10:34:00+05:30,180.1,candle_reversal,1,65,-1618.5000000000005,16.2375,16.405,14.477412301309903,11.634889404493654,0.7060575270254784,0.6763721220648766,9873825,10159435
NIFTY26060923200PE,buy,current,2026-06-03T10:35:00+05:30,172.8,2026-06-03T12:30:00+05:30,150.5,candle_reversal,1,65,-1449.5000000000007,16.35,16.4325,11.634889404493654,11.318986184555584,0.670016476572418,0.5920610841673811,4603040,5683210
NIFTY26060923300CE,buy,current,2026-06-03T12:35:00+05:30,244.9,2026-06-03T13:06:00+05:30,216.1,candle_reversal,1,65,-1872.0000000000007,16.4075,16.49,11.9242975431355,12.962002448016333,0.6954847162931405,0.8372045517956076,9500270,8476520
NIFTY26060923300PE,buy,current,2026-06-03T13:45:00+05:30,149.7,2026-06-03T15:05:00+05:30,97.3,stop,1,65,-3405.9999999999995,16.34,16.3675,11.81257814674527,16.367920679527508,0.9943993506493507,1.4409229257308602,8932040,8108880
NIFTY26060923300PE,buy,current,2026-06-04T09:40:00+05:30,154.75,2026-06-04T10:05:00+05:30,106.95,candle_reversal,1,65,-3107.0,16.22,16.1575,19.422086360493022,14.507034937055533,1.146318099863637,1.316124480833052,9168380,9456850
NIFTY26060923500CE,buy,current,2026-06-04T10:10:00+05:30,167.55,2026-06-04T10:29:00+05:30,158.75,candle_reversal,1,65,-572.0000000000007,16.36,16.185,12.959156987641402,10.14414457790076,1.393982488766799,1.509408812276299,8246225,8124155
NIFTY26060923400PE,buy,current,2026-06-04T10:35:00+05:30,159.7,2026-06-04T11:36:00+05:30,137.45,candle_reversal,1,65,-1446.25,16.155,16.0475,10.671717183990424,12.786815049325222,1.442661242780363,1.1967296919518533,7094035,6618170
NIFTY26060923500CE,buy,current,2026-06-04T11:40:00+05:30,163.85,2026-06-04T12:34:00+05:30,135.7,candle_reversal,1,65,-1829.7500000000005,16.0525,16.195,12.635580416679037,9.409759066195805,1.2886810967900209,1.311380230532597,8773895,8852805
NIFTY26060923400PE,buy,current,2026-06-04T12:35:00+05:30,157.85,2026-06-04T14:01:00+05:30,144.15,candle_reversal,1,65,-890.4999999999993,16.19,15.9925,9.409759066195805,12.582637281946761,1.301506264231635,1.014855592079865,7261605,5715060
NIFTY26060923500CE,buy,current,2026-06-04T14:10:00+05:30,135.75,2026-06-04T14:14:00+05:30,133.25,candle_reversal,1,65,-162.5,15.9975,15.9975,12.920849534632655,11.04774403199248,1.0620871098058475,1.0982883425063292,9262370,9208875
NIFTY26060923500PE,buy,current,2026-06-05T09:50:00+05:30,156.5,2026-06-05T10:10:00+05:30,128.05,candle_reversal,1,65,-1849.2499999999993,15.745,15.6875,13.05203343472059,15.749769098922444,1.5084069009471766,1.5472702249916845,9352135,9936615
NIFTY26060923500CE,buy,current,2026-06-05T10:15:00+05:30,153.45,2026-06-05T10:38:00+05:30,114.75,candle_reversal,1,65,-2515.499999999999,15.74,15.96,15.97224217082288,16.475437588416533,1.6874852322291831,1.142648036424298,12814815,16467295
NIFTY26060923400PE,buy,current,2026-06-05T10:40:00+05:30,153.3,2026-06-05T11:02:00+05:30,127.3,candle_reversal,1,65,-1690.000000000001,15.98,15.9125,16.680763474958106,13.251221404488803,1.0384421220864855,0.9734287402294356,8272095,9267960
NIFTY26060923500CE,buy,current,2026-06-05T11:05:00+05:30,156.75,2026-06-05T11:58:00+05:30,120.35,candle_reversal,1,65,-2366.0000000000005,15.7725,15.6625,13.807685802850088,10.150472384634877,1.0812459149145386,1.1428790495714354,16301350,16246880
NIFTY26060923400PE,buy,current,2026-06-05T12:00:00+05:30,128.15,2026-06-05T12:25:00+05:30,106.3,candle_reversal,1,65,-1420.2500000000005,15.8525,15.5425,9.968295785732282,8.63554148154162,1.129472182596291,1.2249686605643464,10393955,11286015
NIFTY26060923500CE,buy,current,2026-06-05T12:30:00+05:30,129.3,2026-06-05T12:44:00+05:30,109.65,candle_reversal,1,65,-1277.2500000000005,15.7525,15.7725,8.617930035774398,10.874354747650216,1.2771288778731673,1.0412284732998986,15445300,16395470
NIFTY26060923100PE,buy,current,2026-06-08T09:40:00+05:30,83.2,2026-06-08T09:55:00+05:30,77.6,candle_reversal,1,65,-364.00000000000057,17.14,16.945,18.148464562825094,15.200824753063056,0.6374342178184436,0.6218011561230142,14494675,14884155
NIFTY26060923200CE,buy,current,2026-06-08T10:00:00+05:30,122.9,2026-06-08T10:45:00+05:30,116.75,candle_reversal,1,65,-399.75000000000034,16.94,16.995,13.677402794987758,9.866184074248135,0.6975309562771022,0.7346242321957448,9809475,10085595
NIFTY26060923200CE,buy,current,2026-06-08T11:00:00+05:30,125.8,2026-06-08T11:25:00+05:30,112.6,candle_reversal,1,65,-858.0000000000002,16.9775,16.9975,8.542694843843696,8.004049594466874,0.7306947242577875,0.6916555103517803,10790455,12406550
NIFTY26060923200PE,buy,current,2026-06-08T11:30:00+05:30,115.7,2026-06-08T11:40:00+05:30,107.35,candle_reversal,1,65,-542.7500000000006,16.9325,16.925,7.887357102966521,7.03356808682761,0.6936220012464043,0.7046886739585465,15803385,15992405
NIFTY26060923200CE,buy,current,2026-06-08T11:50:00+05:30,125.75,2026-06-08T11:54:00+05:30,125.5,candle_reversal,1,65,-16.25,16.8725,16.8425,7.062863702163154,6.549341332047853,0.7452543096311044,0.7434300028713724,12217075,12184185
NIFTY26060923200PE,buy,current,2026-06-08T13:10:00+05:30,93.2,2026-06-08T15:09:00+05:30,130.7,eod_square_off,1,65,2437.499999999999,17.015,16.9975,6.840154781968728,12.191537386431346,0.9272909546593757,0.4492070433792969,22203285,8354125
NIFTY26060923200PE,buy,current,2026-06-09T09:40:00+05:30,45.8,2026-06-09T09:54:00+05:30,43.5,candle_reversal,1,65,-149.49999999999983,15.905,15.9675,12.559052845038973,11.153793543408694,0.5722437027171587,0.4940561263487033,29518450,26851435
NIFTY26060923200PE,buy,current,2026-06-09T10:00:00+05:30,52.95,2026-06-09T10:45:00+05:30,66.05,candle_reversal,1,65,851.4999999999997,15.9875,16.195,10.526295063278454,6.085581656672495,0.45528224327799655,0.3386403095762365,25034035,17880330
NIFTY26060923100PE,buy,current,2026-06-09T10:50:00+05:30,36.0,2026-06-09T11:05:00+05:30,23.4,stop,1,65,-819.0000000000001,16.295,16.2025,7.662335945861775,6.6357542455675445,0.298835361018014,0.32600278036794256,22165780,25528035
NIFTY26060923200CE,buy,current,2026-06-09T11:35:00+05:30,27.65,2026-06-09T12:58:00+05:30,26.0,candle_reversal,1,65,-107.24999999999991,16.3075,16.025,8.288887804036875,8.578335609812411,0.2735434655104025,0.581019198362583,50192870,39539825
NIFTY26060923200CE,buy,current,2026-06-09T13:05:00+05:30,29.0,2026-06-09T13:56:00+05:30,18.85,stop,1,65,-659.7499999999999,16.0,15.945,8.812263514838266,8.40834661626898,0.5601946783137609,0.5632831882676002,43530110,44050305
NIFTY26061623800PE,buy,current,2026-06-10T09:40:00+05:30,479.6,2026-06-10T09:47:00+05:30,454.0,candle_reversal,1,65,-1664.0000000000014,15.725,15.6875,12.091840884784968,10.817994556847504,0.0653948044870084,0.06530124958338114,411645,420680
NIFTY26061623800CE,buy,current,2026-06-10T09:50:00+05:30,46.15,2026-06-10T12:41:00+05:30,34.65,candle_reversal,1,65,-747.5,15.675,15.4375,10.446638163812738,5.621099229510266,0.06634030689526485,0.046663799519654686,4053855,6043830
NIFTY26061623800PE,buy,current,2026-06-10T12:45:00+05:30,478.0,2026-06-10T13:01:00+05:30,432.0,candle_reversal,1,65,-2990.0,15.435,15.3775,5.9585659647356355,7.436220150797929,0.04646174437111306,0.0466908680345928,438035,442650
NIFTY26061623800CE,buy,current,2026-06-10T13:05:00+05:30,44.3,2026-06-10T13:16:00+05:30,42.4,candle_reversal,1,65,-123.49999999999991,15.3225,15.425,8.030275390416753,8.130258727526792,0.04829731009150123,0.04835099710597276,5990140,5943730
NIFTY26061623800PE,buy,current,2026-06-10T13:20:00+05:30,429.0,2026-06-10T13:48:00+05:30,464.0,candle_reversal,1,65,2275.0,15.39,15.4975,7.908720271273956,9.365686948661628,0.04823891853938125,0.047243956999093964,465530,455260
NIFTY26061623800CE,buy,current,2026-06-11T09:40:00+05:30,11.1,2026-06-11T09:57:00+05:30,11.0,candle_reversal,1,65,-6.499999999999977,15.6525,15.615,15.994938042261541,14.1725184953607,0.04757788763323874,0.04569132252488856,5248685,5238545
NIFTY26061623800CE,buy,current,2026-06-11T10:10:00+05:30,11.7,2026-06-11T11:13:00+05:30,10.65,candle_reversal,1,65,-68.24999999999993,15.53,15.58,13.733677813647331,10.009452732292804,0.04491018547191823,0.04470084653008508,5224830,4977245
NIFTY26061623800PE,buy,current,2026-06-11T12:45:00+05:30,514.4,2026-06-11T13:00:00+05:30,477.2,candle_reversal,1,65,-2417.999999999999,15.6375,15.565,9.010667592608009,10.251586668741934,0.045754454706221234,0.04545855096612939,410150,403455
NIFTY26061623800PE,buy,current,2026-06-11T13:10:00+05:30,519.05,2026-06-11T15:09:00+05:30,647.45,eod_square_off,1,65,8346.000000000005,15.575,15.6325,9.675848994565209,14.155629082839184,0.04523374082837646,0.04316999111527684,406380,391495
NIFTY26061623800PE,buy,current,2026-06-12T09:40:00+05:30,413.0,2026-06-12T10:24:00+05:30,435.65,candle_reversal,1,65,1472.2499999999986,14.84,14.98,15.159257191498037,8.572077545078338,0.035742219904719014,0.03155874407042787,482755,433940
NIFTY26061623800PE,buy,current,2026-06-12T10:25:00+05:30,435.25,2026-06-12T10:57:00+05:30,441.8,candle_reversal,1,65,425.75000000000074,14.9825,15.01,8.572077545078338,7.151797377100259,0.03145989740665323,0.030563739270100667,432380,438685
NIFTY26061623800CE,buy,current,2026-06-12T11:15:00+05:30,14.75,2026-06-12T11:20:00+05:30,13.3,candle_reversal,1,65,-94.24999999999996,14.875,14.9025,6.6812297193454855,7.302035794822534,0.029955781087536524,0.029739256225709672,10244195,10177115
NIFTY26061623800CE,buy,current,2026-06-12T11:50:00+05:30,14.8,2026-06-12T12:09:00+05:30,13.4,candle_reversal,1,65,-91.00000000000003,14.8225,14.835,5.697304664472269,6.316231660478705,0.029440429072392027,0.02935069765545985,10179390,10064080
NIFTY26061623800PE,buy,current,2026-06-12T12:10:00+05:30,458.25,2026-06-12T12:23:00+05:30,451.0,candle_reversal,1,65,-471.25,14.8275,14.7675,6.316231660478705,6.372781278666049,0.029280626254965785,0.028879967437827232,434265,426400
NIFTY26061623800CE,buy,current,2026-06-12T13:20:00+05:30,11.65,2026-06-12T14:09:00+05:30,39.6,candle_reversal,1,65,1816.7500000000002,14.75,14.805,5.916754490831787,9.284906512670295,0.027947679272704785,0.04007896396150786,9430525,7860580
NIFTY26061623900PE,buy,current,2026-06-15T09:40:00+05:30,86.15,2026-06-15T09:44:00+05:30,75.3,candle_reversal,1,65,-705.2500000000006,14.2,14.2025,16.509170586227192,14.596692178987917,0.6543612429039406,0.699850403492568,10608325,11323910
NIFTY26061624000CE,buy,current,2026-06-15T09:45:00+05:30,81.45,2026-06-15T10:06:00+05:30,70.9,candle_reversal,1,65,-685.7499999999998,14.225,14.2025,14.596692178987917,10.333017215737256,0.7090412131816667,0.7316314916635868,21734570,24003005
NIFTY26061623900PE,buy,current,2026-06-15T10:10:00+05:30,85.75,2026-06-15T10:30:00+05:30,72.7,candle_reversal,1,65,-848.2499999999998,14.1675,14.0475,9.668217501084138,8.210188257469039,0.7019365904469306,0.7218084373487463,12559040,13391300
NIFTY26061624000CE,buy,current,2026-06-15T10:35:00+05:30,77.35,2026-06-15T11:02:00+05:30,88.35,candle_reversal,1,65,715.0,14.015,14.0175,8.17564261822065,8.174832382664482,0.7815761390302537,1.0959027930331766,24377080,19026540
NIFTY26061624000CE,buy,current,2026-06-15T11:05:00+05:30,86.1,2026-06-15T11:15:00+05:30,83.9,candle_reversal,1,65,-142.99999999999926,14.0375,14.005,7.981360574848602,7.908241503992168,1.053427657689418,1.0031631113169444,20113210,21658975
NIFTY26061623900PE,buy,current,2026-06-15T12:05:00+05:30,77.6,2026-06-15T13:08:00+05:30,87.6,candle_reversal,1,65,650.0,14.045,14.21,6.266259161216675,5.912594899117075,0.8698204444293672,0.5357639469516978,15685605,14387490
NIFTY26061623900PE,buy,current,2026-06-16T09:45:00+05:30,40.35,2026-06-16T10:21:00+05:30,26.25,stop,1,65,-916.5000000000001,13.7475,13.5775,10.899417245792565,9.158408374390886,0.7345577474279448,0.7059716154310919,33316725,37333660
NIFTY26061624000CE,buy,current,2026-06-16T10:25:00+05:30,20.8,2026-06-16T11:03:00+05:30,20.05,candle_reversal,1,65,-48.75,13.6,13.5575,8.90917390617209,7.222106484817763,0.7822095687649423,1.0887444598783016,44100095,41372175
NIFTY26061623900PE,buy,current,2026-06-16T11:40:00+05:30,29.3,2026-06-16T11:50:00+05:30,19.05,stop,1,65,-666.25,13.62,13.5525,7.646533128569565,8.608654951073673,0.8257232316878157,0.8102771158052229,45833840,45676280
NIFTY26061623900PE,buy,current,2026-06-16T12:20:00+05:30,28.1,2026-06-16T12:28:00+05:30,18.25,stop,1,65,-640.2500000000001,13.585,13.5275,8.407773184963306,8.704075751467885,0.8301566882889899,0.7901301508216497,50014965,47363680
NIFTY26061623950CE,buy,current,2026-06-16T12:30:00+05:30,25.85,2026-06-16T12:35:00+05:30,22.75,candle_reversal,1,65,-201.50000000000009,13.5225,13.5125,8.450213197791712,8.076617379214243,0.8151047107080074,0.8407753879620936,36885225,37788920
NIFTY26061624000CE,buy,current,2026-06-16T13:25:00+05:30,13.25,2026-06-16T13:53:00+05:30,8.6,stop,1,65,-302.25,13.4325,13.435,7.389044763987022,7.2000449027711335,0.8486913813342712,0.9639406083657581,59603765,60396375
NIFTY26062324000CE,buy,current,2026-06-17T09:40:00+05:30,184.3,2026-06-17T10:03:00+05:30,184.45,candle_reversal,1,65,9.749999999998522,13.44,13.4575,10.124884488130862,7.974120477130874,1.6462126101444885,1.8344146636349614,8924695,8715135
NIFTY26062324000CE,buy,current,2026-06-17T10:10:00+05:30,195.0,2026-06-17T11:00:00+05:30,198.2,candle_reversal,1,65,207.99999999999926,13.4775,13.445,7.372656799316407,7.248441403041808,1.7447609782878277,1.9343226509578435,8841625,8586240
NIFTY26062324100CE,buy,current,2026-06-17T11:05:00+05:30,144.0,2026-06-17T11:37:00+05:30,146.15,candle_reversal,1,65,139.75000000000037,13.4375,13.3675,6.6522864148344345,7.102097245080091,1.9230429952953476,1.9637859295263507,6951945,7085000
NIFTY26062324000PE,buy,current,2026-06-17T12:00:00+05:30,145.9,2026-06-17T12:43:00+05:30,140.75,candle_reversal,1,65,-334.75000000000034,13.39,13.3725,6.851541377027756,5.952435926538128,1.775206322867997,1.532104657161295,12848095,11933220
NIFTY26062324000PE,buy,current,2026-06-17T12:45:00+05:30,139.75,2026-06-17T14:38:00+05:30,138.45,candle_reversal,1,65,-84.50000000000074,13.37,13.265,6.080833360356833,7.627713276027289,1.5203145171670054,1.3603160486430317,11904295,11173825
NIFTY26062324100CE,buy,current,2026-06-18T09:45:00+05:30,132.95,2026-06-18T10:39:00+05:30,109.35,candle_reversal,1,65,-1533.9999999999995,12.935,12.865,10.712974602717113,8.198439155265055,1.7061832491446076,1.7642868040676347,10098140,11139180
NIFTY26062324000PE,buy,current,2026-06-18T10:40:00+05:30,100.75,2026-06-18T10:55:00+05:30,95.45,candle_reversal,1,65,-344.49999999999983,12.935,13.0,8.198439155265055,9.066948532086247,1.6740956745122544,1.4733765356301445,10655385,10508810
NIFTY26062324000PE,buy,current,2026-06-18T11:15:00+05:30,115.4,2026-06-18T12:29:00+05:30,75.0,stop,1,65,-2626.0000000000005,13.0625,12.775,8.22709766166951,7.904315684894234,1.378391909482327,1.5895650856748673,10204675,10792665
NIFTY26062324100CE,buy,current,2026-06-18T12:30:00+05:30,127.4,2026-06-18T14:21:00+05:30,108.0,candle_reversal,1,65,-1261.0000000000005,12.8275,12.8575,7.904315684894234,6.138945582894529,1.6809333460507947,1.9146128183294053,11299665,10739430
NIFTY26062324100PE,buy,current,2026-06-18T14:30:00+05:30,135.45,2026-06-18T15:03:00+05:30,88.05,stop,1,65,-3080.9999999999995,12.92,12.615,7.563765323730971,10.54477870827713,1.834828939332605,2.1220436912056013,7844590,7793890
NIFTY26062324000CE,buy,current,2026-06-19T09:40:00+05:30,118.2,2026-06-19T10:27:00+05:30,113.0,candle_reversal,1,65,-338.00000000000017,13.3375,13.2075,13.546722541702902,7.866886204883867,1.1211683417085427,1.3995541502248297,19349915,19028490
NIFTY26062324000PE,buy,current,2026-06-19T10:55:00+05:30,139.95,2026-06-19T11:11:00+05:30,133.3,candle_reversal,1,65,-432.2499999999985,13.345,13.33,6.785155828638632,6.628342125358779,1.1072807467049508,1.0212532129503382,13595985,13028600
NIFTY26062324000CE,buy,current,2026-06-19T12:30:00+05:30,113.9,2026-06-19T13:04:00+05:30,94.1,candle_reversal,1,65,-1287.0000000000007,13.29,13.5625,5.06517752898546,6.4747832839881045,1.0768427540424954,1.035152325484775,24215685,23718890
NIFTY26062323900PE,buy,current,2026-06-19T13:05:00+05:30,105.35,2026-06-19T13:15:00+05:30,100.1,candle_reversal,1,65,-341.25,13.555,13.58,6.4747832839881045,6.4813304803191505,1.0217695211681765,0.9086977145780923,10929815,10381085
NIFTY26062324000CE,buy,current,2026-06-19T13:35:00+05:30,99.6,2026-06-19T13:54:00+05:30,105.7,candle_reversal,1,65,396.50000000000057,13.5775,13.4,6.373665307914854,6.159286032166743,0.8922663777926337,0.969292388626089,25278955,24399375
NIFTY26062324000PE,buy,current,2026-06-19T14:25:00+05:30,111.8,2026-06-19T14:38:00+05:30,97.35,candle_reversal,1,65,-939.2500000000002,13.255,13.1975,11.082676012299405,9.78275642166746,1.21824250038359,1.2205731059448945,13188110,13246285
NIFTY26062324100PE,buy,current,2026-06-22T09:45:00+05:30,73.65,2026-06-22T09:53:00+05:30,66.9,candle_reversal,1,65,-438.75,13.0,13.0425,10.309520948221024,9.076719664381718,2.657218715349957,2.4571407376482135,17242420,18292170
NIFTY26062324100CE,buy,current,2026-06-22T10:00:00+05:30,98.45,2026-06-22T10:05:00+05:30,93.25,candle_reversal,1,65,-338.00000000000017,12.97,13.0,8.514530638609907,7.715850009511965,2.6897352220645265,2.794227201682759,16658915,16422705
NIFTY26062324100CE,buy,current,2026-06-22T11:00:00+05:30,101.65,2026-06-22T11:53:00+05:30,97.05,candle_reversal,1,65,-299.00000000000057,12.89,12.8675,6.809250048687862,5.760332671040745,3.4655150169287428,3.773654783864556,15396875,14960855
NIFTY26062324100PE,buy,current,2026-06-22T11:55:00+05:30,56.25,2026-06-22T13:17:00+05:30,52.0,candle_reversal,1,65,-276.25,12.87,12.8475,5.913166051680536,5.0435174867696,3.754168897066456,2.725396554125049,29123835,24307140
NIFTY26062324100CE,buy,current,2026-06-23T09:40:00+05:30,51.95,2026-06-23T10:26:00+05:30,44.95,candle_reversal,1,65,-455.0,12.5825,12.4875,8.562135081452121,5.903533088514832,3.9410279326873043,4.046646973348544,22067045,29446430
NIFTY26062324100PE,buy,current,2026-06-23T10:45:00+05:30,29.5,2026-06-23T11:14:00+05:30,22.05,candle_reversal,1,65,-484.24999999999994,12.4925,12.4825,6.166961726734137,6.009409181598295,3.728947194365696,2.893673540720028,53123200,45847490
NIFTY26062324100CE,buy,current,2026-06-23T11:20:00+05:30,46.9,2026-06-23T11:32:00+05:30,33.6,candle_reversal,1,65,-864.4999999999998,12.465,12.4675,5.951060036857922,6.2856511923649165,3.467250131803662,3.6267109700456257,37629540,37043630
NIFTY26062324100PE,buy,current,2026-06-23T11:35:00+05:30,25.7,2026-06-23T13:20:00+05:30,174.0,candle_reversal,1,65,9639.5,12.455,13.6675,6.252168630151482,7.558947438862726,3.461406392998333,0.7189446349805699,53627470,5433350
NIFTY26062323900PE,buy,current,2026-06-23T13:25:00+05:30,30.1,2026-06-23T14:12:00+05:30,19.55,stop,1,65,-685.75,13.7975,13.7375,6.956479013987791,9.51395547489452,0.7182669293777236,0.7281631321581066,31370950,24104015
NIFTY26062323950CE,buy,current,2026-06-23T14:25:00+05:30,9.7,2026-06-23T14:32:00+05:30,6.3,stop,1,65,-220.99999999999997,13.7875,13.755,8.834626186665878,7.652401660081776,0.7978666685891183,0.8124585415848113,43522505,46870915
NIFTY26063023800PE,buy,current,2026-06-24T09:50:00+05:30,144.0,2026-06-24T10:10:00+05:30,101.05,candle_reversal,1,65,-2791.75,14.0075,13.7525,14.487248379765845,12.241945580627599,0.8987820976188601,1.0392052090455146,7945600,9082905
NIFTY26063024000CE,buy,current,2026-06-24T10:15:00+05:30,114.45,2026-06-24T12:09:00+05:30,147.3,candle_reversal,1,65,2135.2500000000005,13.74,13.6425,10.782281021665517,7.4625519014094,1.1197361830193095,1.7512752950100552,15297380,14048860
NIFTY26063024000CE,buy,current,2026-06-24T12:10:00+05:30,146.45,2026-06-24T12:29:00+05:30,151.45,candle_reversal,1,65,325.0,13.6575,13.6375,7.4625519014094,7.136522544045422,1.7681680801616486,1.780067672298498,14006415,14240545
NIFTY26063024000CE,buy,current,2026-06-24T12:30:00+05:30,146.2,2026-06-24T15:09:00+05:30,166.55,eod_square_off,1,65,1322.7500000000014,13.6225,13.405,7.136522544045422,9.813085204017826,1.7863832911098798,1.9952760832802934,14243015,11535720
NIFTY26063024100CE,buy,current,2026-06-25T09:50:00+05:30,154.3,2026-06-25T10:54:00+05:30,158.4,candle_reversal,1,65,266.49999999999966,12.815,12.725,10.623443516898385,7.313427230774337,2.2730300817146722,2.6426273114811822,8100820,6985680
NIFTY26063024100CE,buy,current,2026-06-25T11:00:00+05:30,164.2,2026-06-25T12:29:00+05:30,186.3,candle_reversal,1,65,1436.5000000000014,12.7475,12.8675,7.444053885278156,7.9050774800634525,2.6731782644920083,3.0194893767566184,6852235,5323240
NIFTY26063024000PE,buy,current,2026-06-25T13:15:00+05:30,46.4,2026-06-25T13:19:00+05:30,41.45,candle_reversal,1,65,-321.7499999999997,12.9425,12.89,8.879057192800307,8.990175935411092,2.9987990969773817,2.9840811616227283,15807775,15856135
NIFTY26063024000PE,buy,current,2026-06-25T14:00:00+05:30,44.25,2026-06-25T15:09:00+05:30,66.5,eod_square_off,1,65,1446.25,12.9375,13.07,8.763341559940342,14.905893620260668,2.9456352715943255,2.074057908183229,15549940,13432655
NIFTY26063024100CE,buy,current,2026-06-29T09:40:00+05:30,77.8,2026-06-29T10:49:00+05:30,80.95,candle_reversal,1,65,204.75000000000037,13.64,13.45,15.128395156700764,9.58620755804668,1.7412980758593024,2.5771403898294136,19428500,19380725
NIFTY26063024100CE,buy,current,2026-06-29T10:50:00+05:30,75.6,2026-06-29T11:32:00+05:30,62.35,candle_reversal,1,65,-861.2499999999995,13.4425,13.4825,9.58620755804668,8.819814144019606,2.5909091832591638,2.2387264436858225,19341335,22287265
NIFTY26063024000PE,buy,current,2026-06-29T11:35:00+05:30,66.05,2026-06-29T12:58:00+05:30,101.25,candle_reversal,1,65,2288.0,13.5325,13.8825,10.221421379282258,8.41392336776015,1.8926683876027308,1.0462260997883903,23514570,16658310
NIFTY26063023900PE,buy,current,2026-06-29T13:00:00+05:30,56.0,2026-06-29T13:31:00+05:30,54.6,candle_reversal,1,65,-90.99999999999991,13.8275,13.8225,8.273643127205906,7.707225673028228,1.0507095724585704,1.080576866436274,14213225,15350790
NIFTY26063024000PE,buy,current,2026-06-29T13:35:00+05:30,96.25,2026-06-29T13:55:00+05:30,101.75,candle_reversal,1,65,357.5,13.8225,13.8775,9.069487902202406,9.362885306306348,1.1317573159101835,1.085141142055891,17610285,16950285
NIFTY26063023800PE,buy,current,2026-06-30T09:50:00+05:30,37.1,2026-06-30T10:02:00+05:30,24.1,stop,1,65,-845.0,13.9175,13.7775,12.154907270251572,9.949984615820227,0.6834209755033869,0.7083988066757688,16507790,17965090
NIFTY26063024000CE,buy,current,2026-06-30T10:05:00+05:30,31.85,2026-06-30T10:09:00+05:30,20.7,stop,1,65,-724.7500000000001,13.6775,13.8275,10.237486735069629,10.78934402764494,0.7506233752735719,0.778633393636008,45802010,46036725
NIFTY26063023900PE,buy,current,2026-06-30T10:10:00+05:30,63.85,2026-06-30T10:49:00+05:30,41.5,stop,1,65,-1452.75,13.805,13.5975,10.78934402764494,8.974262159947957,0.7745680446219096,0.8406317569433289,17944485,23181600
NIFTY26063024000CE,buy,current,2026-06-30T10:50:00+05:30,27.25,2026-06-30T10:59:00+05:30,17.7,stop,1,65,-620.75,13.5575,13.7175,8.974262159947957,9.480240221596627,0.8320678627252289,0.8545327354936552,48194485,48241775
NIFTY26063023900PE,buy,current,2026-06-30T11:00:00+05:30,59.65,2026-06-30T11:11:00+05:30,38.75,stop,1,65,-1358.5,13.7175,13.5025,9.480240221596627,10.047036964451612,0.8464588604243174,0.8418285700534993,23549175,23893935
NIFTY26063024000CE,buy,current,2026-06-30T11:15:00+05:30,28.4,2026-06-30T11:29:00+05:30,42.05,candle_reversal,1,65,887.2499999999999,13.4425,13.2825,10.407449056450462,12.28333641796084,0.9483810393056701,1.4215211033521022,45559095,34785910
NIFTY26070724200CE,buy,current,2026-07-01T09:45:00+05:30,71.1,2026-07-01T11:33:00+05:30,81.6,candle_reversal,1,65,682.5,13.695,13.4625,10.954446279559686,6.795345147376876,0.0886703761736148,0.09244776873066969,5563220,6797310
NIFTY26070724200CE,buy,current,2026-07-01T11:35:00+05:30,78.1,2026-07-01T14:30:00+05:30,83.45,candle_reversal,1,65,347.75000000000057,13.4825,13.345,6.845677636849956,6.773047116761625,0.09264153126917217,0.09674205801889149,6767150,7154745
NIFTY26070724200CE,buy,current,2026-07-02T09:40:00+05:30,113.8,2026-07-02T09:50:00+05:30,109.6,candle_reversal,1,65,-273.00000000000017,12.805,12.74,11.21443743216238,9.572431088749207,0.16182764449056106,0.18291145392585137,7074015,7329725
NIFTY26070724200PE,buy,current,2026-07-02T10:05:00+05:30,160.35,2026-07-02T10:39:00+05:30,160.15,candle_reversal,1,65,-12.999999999999261,12.8275,12.6825,8.780424477044482,8.715706226645802,0.15444651938131712,0.11688038227137534,3558035,2673060
NIFTY26070724200PE,buy,current,2026-07-02T10:55:00+05:30,165.05,2026-07-02T11:46:00+05:30,179.8,candle_reversal,1,65,958.75,12.705,12.745,8.282693650869318,7.6644246302871695,0.11860531919692138,0.10553149104723078,2759120,2470130
NIFTY26070724200CE,buy,current,2026-07-02T12:10:00+05:30,82.0,2026-07-02T12:33:00+05:30,87.6,candle_reversal,1,65,363.99999999999966,12.65,12.575,7.164141861001247,6.839469179234299,0.1128261603643607,0.13036582684888354,9634235,9125415
NIFTY26070724300PE,buy,current,2026-07-03T09:45:00+05:30,80.0,2026-07-03T11:43:00+05:30,75.0,candle_reversal,1,65,-325.0,11.99,11.8525,11.462509204660645,6.001311141752749,0.7468788546292572,0.6517697777571099,15785770,18112705
NIFTY26070724400CE,buy,current,2026-07-03T12:05:00+05:30,80.3,2026-07-03T13:12:00+05:30,58.85,candle_reversal,1,65,-1394.2499999999998,11.845,11.8775,6.049925057210566,7.223233163769672,0.7560439157867447,0.6377551087168442,13764075,15675725
NIFTY26070724300PE,buy,current,2026-07-03T13:15:00+05:30,85.6,2026-07-03T15:09:00+05:30,95.5,eod_square_off,1,65,643.5000000000003,11.8875,11.8,7.584573493250336,7.395677005150368,0.605740736903183,0.3778644093564577,18032040,11432200
NIFTY26070724400CE,buy,current,2026-07-06T10:00:00+05:30,64.3,2026-07-06T12:21:00+05:30,87.0,candle_reversal,1,65,1475.5000000000002,11.935,11.875,8.202476808394655,6.05987271252325,0.9200845437091759,1.3778806756838315,17010305,16178890
NIFTY26070724500CE,buy,current,2026-07-06T12:25:00+05:30,40.15,2026-07-06T12:40:00+05:30,40.05,candle_reversal,1,65,-6.500000000000092,11.8725,11.9075,5.7174345296695375,6.14008252236187,1.3843808209359147,1.4291124003086693,15662140,16350165
NIFTY26070724500CE,buy,current,2026-07-06T13:10:00+05:30,40.5,2026-07-06T13:48:00+05:30,33.65,candle_reversal,1,65,-445.2500000000001,11.935,11.92,6.527619775955387,6.135283993830883,1.3659507435460807,1.3506646698341402,17679025,19085560
NIFTY26070724400PE,buy,current,2026-07-06T13:50:00+05:30,58.6,2026-07-06T14:25:00+05:30,61.35,candle_reversal,1,65,178.75,11.925,11.885,6.143477994271534,6.421665108147105,1.3451326203014564,1.120471974282071,35477975,31910060
NIFTY26070724500CE,buy,current,2026-07-07T09:45:00+05:30,22.8,2026-07-07T12:10:00+05:30,35.45,candle_reversal,1,65,822.2500000000001,11.855,11.745,11.661503763966163,6.312725024433694,1.0019954970611276,1.7045475413465507,38955735,32740370
NIFTY26070724500CE,buy,current,2026-07-07T12:15:00+05:30,27.75,2026-07-07T12:31:00+05:30,18.05,stop,1,65,-630.5,11.7175,11.685,6.734982544326701,7.528472815474816,1.6627485690833448,1.498701031731686,34454550,42716115
NIFTY26070724450PE,buy,current,2026-07-07T12:35:00+05:30,23.7,2026-07-07T14:08:00+05:30,15.4,stop,1,65,-539.4999999999999,11.7125,11.615,8.342403343876843,8.31596117742004,1.3051526889469418,0.8982692439960606,45723665,41504580
NIFTY26070724400PE,buy,current,2026-07-07T14:10:00+05:30,3.25,2026-07-07T14:32:00+05:30,2.1,stop,1,65,-74.75,11.59,11.5475,8.136249664747387,5.9385848903948855,0.9115122092572051,0.9675734246495336,60544640,62174580
NIFTY26071424200CE,buy,current,2026-07-08T09:50:00+05:30,160.5,2026-07-08T10:15:00+05:30,150.65,candle_reversal,1,65,-640.2499999999997,12.315,12.295,11.21083466477553,10.482057202280677,2.297574169149942,2.4677519666192995,6501690,6933030
NIFTY26071424200PE,buy,current,2026-07-08T10:25:00+05:30,139.85,2026-07-08T10:38:00+05:30,114.75,candle_reversal,1,65,-1631.4999999999995,12.3025,12.145,9.965265961390303,10.196363474245912,2.3493888957673734,2.4821621424401634,9232600,9508460
NIFTY26071424250CE,buy,current,2026-07-08T10:40:00+05:30,145.4,2026-07-08T10:54:00+05:30,140.0,candle_reversal,1,65,-351.00000000000034,12.16,12.115,9.918051797514009,8.579691111142811,2.6340105025106366,3.028009308229321,5848440,5316025
NIFTY26071424250CE,buy,current,2026-07-08T11:00:00+05:30,150.7,2026-07-08T11:44:00+05:30,133.15,candle_reversal,1,65,-1140.7499999999989,12.11,12.2125,8.572460045906059,7.68485697298775,3.0676314809801,3.164305439599255,5404555,5374980
NIFTY26071424200PE,buy,current,2026-07-08T11:45:00+05:30,121.75,2026-07-08T15:09:00+05:30,393.8,eod_square_off,1,65,17683.25,12.22,14.765,7.68485697298775,18.26189157043301,3.1539328950447865,0.6683902736475048,10070515,4292600
NIFTY26071424000CE,buy,current,2026-07-09T10:10:00+05:30,176.1,2026-07-09T11:33:00+05:30,182.4,candle_reversal,1,65,409.50000000000074,13.335,13.1475,12.680261402710082,13.634936214391525,1.164720631712885,1.254670137881598,7264790,6347120
NIFTY26071424100CE,buy,current,2026-07-09T12:05:00+05:30,129.55,2026-07-09T12:41:00+05:30,103.95,candle_reversal,1,65,-1664.0000000000005,13.0925,13.235,10.303853528181767,9.440711936188027,1.204675090092882,1.2657366322553933,6545240,6291675
NIFTY26071424000PE,buy,current,2026-07-09T12:45:00+05:30,125.15,2026-07-09T13:33:00+05:30,106.35,candle_reversal,1,65,-1222.0000000000007,13.295,13.1725,9.31546797514771,8.826408126907202,1.2254338727777032,1.1882900740200397,10147085,10123165
NIFTY26071424200CE,buy,current,2026-07-09T13:35:00+05:30,81.0,2026-07-09T14:38:00+05:30,68.1,candle_reversal,1,65,-838.5000000000003,13.175,13.155,8.86023611784235,12.135047531383227,1.192258985045689,1.2509478060350736,8936655,8702460
NIFTY26071424200CE,buy,current,2026-07-10T09:50:00+05:30,116.2,2026-07-10T10:31:00+05:30,108.05,candle_reversal,1,65,-529.7500000000003,12.5275,12.455,10.255971413821232,7.148648054553858,1.8918180311619603,2.296754967092145,13265070,13779025
NIFTY26071424200PE,buy,current,2026-07-10T11:10:00+05:30,123.8,2026-07-10T11:58:00+05:30,123.65,candle_reversal,1,65,-9.749999999999446,12.435,12.385,5.900757403391415,5.883715960861367,2.165821604493898,1.7978975696322799,18510765,15314780
NIFTY26071424200PE,buy,current,2026-07-10T12:00:00+05:30,114.25,2026-07-10T12:26:00+05:30,114.8,candle_reversal,1,65,35.749999999999815,12.3575,12.3575,6.077736249371165,5.615407727037086,1.7694826858055341,1.6990022307356578,14788085,14553565
NIFTY26071424200CE,buy,current,2026-07-10T13:05:00+05:30,104.05,2026-07-10T13:09:00+05:30,97.65,candle_reversal,1,65,-415.99999999999943,12.38,12.3625,6.611838576590886,7.18084248865477,1.9106841699152233,1.9064812772017088,18783570,18835895
NIFTY26071424200PE,buy,current,2026-07-10T13:20:00+05:30,122.2,2026-07-10T14:23:00+05:30,103.6,candle_reversal,1,65,-1209.0000000000005,12.3375,12.325,6.255110027992605,5.5646325372463465,1.956351536254378,2.039289635248796,17635670,18474300
NIFTY26071424200CE,buy,current,2026-07-10T14:25:00+05:30,106.75,2026-07-10T14:53:00+05:30,100.0,candle_reversal,1,65,-438.75,12.3275,12.3075,5.6278730703002315,6.840277907476464,2.088522671404677,2.4503777120828123,18485675,15594020
NIFTY26071424000CE,buy,current,2026-07-13T09:40:00+05:30,113.55,2026-07-13T10:07:00+05:30,136.0,candle_reversal,1,65,1459.2500000000002,13.2,13.145,15.109969663824987,11.512467517208774,1.514700076919007,2.2617552156179457,12851800,7478445
NIFTY26071424100CE,buy,current,2026-07-13T10:10:00+05:30,79.95,2026-07-13T11:55:00+05:30,106.95,candle_reversal,1,65,1755.0,13.2175,13.365,12.743148012286913,8.008625388030493,2.188884461320433,2.6212060332233458,11887265,10916230
NIFTY26071424200CE,buy,current,2026-07-13T12:00:00+05:30,56.0,2026-07-13T13:29:00+05:30,70.55,candle_reversal,1,65,945.7499999999998,13.38,13.34,7.890182468438288,9.377362207909828,2.6294565827438086,3.564348819445853,15835755,15999555
NIFTY26071424100PE,buy,current,2026-07-14T09:40:00+05:30,66.65,2026-07-14T10:31:00+05:30,55.0,candle_reversal,1,65,-757.2500000000003,13.7475,13.725,15.005816079232105,11.00207757241898,1.9743818285092254,1.3843722359825406,29432650,24427975
NIFTY26071424000PE,buy,current,2026-07-14T10:40:00+05:30,22.1,2026-07-14T10:45:00+05:30,15.85,candle_reversal,1,65,-406.2500000000001,13.7175,13.6975,10.339433495126517,10.374182067683686,1.5675535284292985,1.5831478350834343,43796220,44268315
NIFTY26071424100CE,buy,current,2026-07-14T10:50:00+05:30,49.75,2026-07-14T11:56:00+05:30,32.35,stop,1,65,-1131.0,13.65,13.485,11.943366410743291,9.44833558934987,1.6997108831637722,1.8865165723912545,27824810,25737335
NIFTY26071424000PE,buy,current,2026-07-14T12:10:00+05:30,13.35,2026-07-14T12:42:00+05:30,13.25,candle_reversal,1,65,-6.499999999999977,13.55,13.5875,9.108791466913596,8.399108455594433,1.7197764621214229,1.345644346990711,51087530,52351000
NIFTY26071424100CE,buy,current,2026-07-14T13:50:00+05:30,9.1,2026-07-14T14:08:00+05:30,5.9,stop,1,65,-207.99999999999994,13.6875,13.7475,10.117695264276866,8.564643192485809,1.3254227973616544,1.341812951263538,49974145,54584270
NIFTY26072124200PE,buy,current,2026-07-15T10:00:00+05:30,169.5,2026-07-15T11:27:00+05:30,165.65,candle_reversal,1,65,-250.24999999999963,13.13,13.135,8.335998963116733,7.028651515863094,1.0349862087897723,0.9110664440155035,8936265,10134995
NIFTY26072124200CE,buy,current,2026-07-15T11:35:00+05:30,154.0,2026-07-15T11:50:00+05:30,135.0,candle_reversal,1,65,-1235.0,13.0925,13.12,6.991289411366749,7.357125182173048,0.9594085971550567,0.8907093180087202,9979320,10826725
NIFTY26072124200PE,buy,current,2026-07-15T11:55:00+05:30,163.95,2026-07-15T12:08:00+05:30,164.05,candle_reversal,1,65,6.500000000001478,13.0925,13.1175,7.839454975219577,6.468539087092772,0.8708709959595118,0.8612869239884082,9910290,10101130
NIFTY26072124200PE,buy,current,2026-07-15T12:30:00+05:30,170.5,2026-07-15T14:00:00+05:30,239.9,candle_reversal,1,65,4511.0,13.1175,13.4125,6.393145591226642,9.098959758893958,0.8669623811535473,0.49532927478428124,10432825,4794335
NIFTY26072124100CE,buy,current,2026-07-16T09:45:00+05:30,156.8,2026-07-16T09:49:00+05:30,147.5,candle_reversal,1,65,-604.5000000000007,12.955,12.9925,11.914245978201901,10.976366305677024,0.6155263772516276,0.6467929359564508,8133125,7920315
NIFTY26072124100PE,buy,current,2026-07-16T09:50:00+05:30,122.0,2026-07-16T09:56:00+05:30,113.85,candle_reversal,1,65,-529.7500000000003,13.005,12.96,10.976366305677024,10.069187125968048,0.6420387963187183,0.6070618984430395,8381230,8027305
NIFTY26072124100PE,buy,current,2026-07-16T10:40:00+05:30,120.0,2026-07-16T10:47:00+05:30,107.2,candle_reversal,1,65,-831.9999999999998,12.9275,12.855,7.559981935621089,7.244944101375519,0.6596493906018834,0.6813888296048325,9043190,9226230
NIFTY26072124200CE,buy,current,2026-07-16T10:50:00+05:30,114.35,2026-07-16T13:37:00+05:30,74.35,stop,1,65,-2600.0,12.835,13.005,6.945895679247351,8.498821264316419,0.7431380540375484,0.6114208484999915,10101715,11232065
NIFTY26072124100PE,buy,current,2026-07-16T13:40:00+05:30,165.1,2026-07-16T15:09:00+05:30,141.25,eod_square_off,1,65,-1550.2499999999995,13.105,12.8875,8.159187722803301,10.16883816551361,0.5796862283349075,0.5427145557837245,7698795,7050030
NIFTY26072124200CE,buy,current,2026-07-17T09:45:00+05:30,132.3,2026-07-17T12:40:00+05:30,141.6,candle_reversal,1,65,604.4999999999989,13.1025,13.2725,9.54728667621055,6.947041807291216,1.2973803956092327,1.9903532220960367,13291330,8639800
NIFTY26072124300CE,buy,current,2026-07-17T12:45:00+05:30,100.4,2026-07-17T13:51:00+05:30,65.25,stop,1,65,-2284.7500000000005,13.3025,13.055,7.3925476639433585,8.603803321043777,1.9985599841294848,1.7660918822982392,10611965,10905830
NIFTY26072124200PE,buy,current,2026-07-17T13:55:00+05:30,126.5,2026-07-17T14:11:00+05:30,112.5,candle_reversal,1,65,-910.0,13.0325,13.0975,8.514306084669435,7.446203121813473,1.6452350279055747,1.6563167434459225,20253155,20237295
NIFTY26072124300CE,buy,current,2026-07-17T14:15:00+05:30,139.0,2026-07-17T15:09:00+05:30,122.0,eod_square_off,1,65,-1105.0,13.0775,13.1,7.462849219615096,7.617645254986161,1.7673380376831038,2.1054147893116326,11103690,8653385
NIFTY26072124200PE,buy,current,2026-07-20T09:40:00+05:30,117.65,2026-07-20T09:56:00+05:30,105.0,candle_reversal,1,65,-822.2500000000003,13.595,13.545,14.546383748600539,10.698656139636697,0.9960016523946539,0.8985247953470288,16555370,16125460
NIFTY26072124200CE,buy,current,2026-07-20T10:00:00+05:30,72.15,2026-07-20T10:23:00+05:30,82.45,candle_reversal,1,65,669.4999999999998,13.53,13.535,10.20712373862311,9.007669245708895,0.9503668908579765,1.2046411979648006,21635250,18222100
NIFTY26072124200CE,buy,current,2026-07-20T10:30:00+05:30,93.25,2026-07-20T11:51:00+05:30,65.2,candle_reversal,1,65,-1823.2499999999998,13.455,13.3925,8.164497710643639,6.587476268523839,1.1965246860256495,1.1059895294430664,18980520,22870770
NIFTY26072124200PE,buy,current,2026-07-20T11:55:00+05:30,105.85,2026-07-20T12:58:00+05:30,95.25,candle_reversal,1,65,-688.9999999999997,13.395,13.3525,6.656335773304652,7.95008699209661,1.0432983556722581,0.7794254695794322,22000290,16192410
NIFTY26072124200PE,buy,current,2026-07-21T10:15:00+05:30,38.75,2026-07-21T11:32:00+05:30,45.1,candle_reversal,1,65,412.7500000000001,12.7725,12.7125,7.666054386550903,5.788233250532653,0.9647296255487495,0.6618282721186041,36925265,27749865
NIFTY26072124150PE,buy,current,2026-07-21T11:35:00+05:30,21.4,2026-07-21T11:57:00+05:30,23.9,candle_reversal,1,65,162.5,12.665,12.74,5.656180710918505,5.515378371749696,0.673212922089784,0.6303934661872416,28006160,28594345
NIFTY26072124200CE,buy,current,2026-07-21T13:25:00+05:30,15.15,2026-07-21T13:55:00+05:30,9.85,stop,1,65,-344.50000000000006,12.695,12.7025,5.757923939717439,6.406964683956052,0.6572578789609205,0.8334825139613925,70450640,66091090
NIFTY26072124200CE,buy,current,2026-07-21T14:05:00+05:30,11.35,2026-07-21T14:08:00+05:30,7.4,stop,1,65,-256.74999999999994,12.6075,12.6325,5.886057409996168,5.94448760117912,0.811562014689028,0.794759508044185,73220810,74450350
NIFTY26072824000PE,buy,current,2026-07-22T09:50:00+05:30,149.4,2026-07-22T10:06:00+05:30,142.75,candle_reversal,1,65,-432.25000000000034,12.945,12.97,9.414994435663761,8.251068814538721,1.0065584626371487,0.9499122764852913,10305750,10917465
NIFTY26072824200CE,buy,current,2026-07-22T10:10:00+05:30,86.85,2026-07-22T10:23:00+05:30,76.55,candle_reversal,1,65,-669.4999999999998,12.9475,13.0125,7.962262458287792,8.026446188519978,0.9796677314579346,0.9521097716476957,15775825,16327025
NIFTY26072824000PE,buy,current,2026-07-22T10:25:00+05:30,171.65,2026-07-22T10:49:00+05:30,161.25,candle_reversal,1,65,-676.0000000000003,13.165,13.0975,7.9245571750541615,7.243391018134725,0.9287742884344521,0.8407936220215861,11406525,11324755
NIFTY26072824000CE,buy,current,2026-07-22T11:00:00+05:30,162.2,2026-07-22T11:15:00+05:30,157.6,candle_reversal,1,65,-298.99999999999966,13.03,13.0475,6.465860190578611,5.856599407053367,0.8713552073009799,0.8880283881166805,14197820,14470040
NIFTY26072824000CE,buy,current,2026-07-22T11:25:00+05:30,167.95,2026-07-22T12:00:00+05:30,152.1,candle_reversal,1,65,-1030.2499999999995,12.885,13.01,5.648081647962205,5.887690970750709,0.903315057635208,0.9768896854771811,14271400,13526565
NIFTY26072824000PE,buy,current,2026-07-22T12:05:00+05:30,160.35,2026-07-22T12:50:00+05:30,161.8,candle_reversal,1,65,94.25000000000111,12.9875,13.0275,6.381424193451105,6.5335937145753205,0.9249807580515782,0.8111791227258239,12663690,11910145
NIFTY26072824000CE,buy,current,2026-07-23T10:00:00+05:30,107.5,2026-07-23T10:22:00+05:30,113.4,candle_reversal,1,65,383.50000000000034,13.1275,13.1075,9.699606319427883,8.367170026748019,0.9110146238988436,1.005777012913323,15070965,15066870
NIFTY26072824000CE,buy,current,2026-07-23T10:30:00+05:30,116.7,2026-07-23T11:22:00+05:30,110.95,candle_reversal,1,65,-373.75,13.0775,13.0425,8.254842743537916,6.288961103650851,0.9929761783364698,1.0148128878970333,15128230,15116660
NIFTY26072824000PE,buy,current,2026-07-23T11:30:00+05:30,161.0,2026-07-23T15:09:00+05:30,198.4,eod_square_off,1,65,2431.0000000000005,13.07,13.48,6.333346378702904,10.598709240795717,0.9782650053799492,0.6335589372830546,13205205,6922955
NIFTY26072823700PE,buy,current,2026-07-24T09:40:00+05:30,132.9,2026-07-24T10:39:00+05:30,143.0,candle_reversal,1,65,656.4999999999997,14.315,14.5075,14.786427691818345,8.421554524335155,0.4736086134092254,0.34980458202947773,10444395,9360130
NIFTY26072823700PE,buy,current,2026-07-24T11:00:00+05:30,154.8,2026-07-24T11:18:00+05:30,140.35,candle_reversal,1,65,-939.2500000000011,14.555,14.4675,6.414880616422707,6.564517899239624,0.3577194445969585,0.34498894717837464,10011365,9501310
NIFTY26072823700CE,buy,current,2026-07-24T11:20:00+05:30,123.35,2026-07-24T13:03:00+05:30,180.55,candle_reversal,1,65,3718.000000000001,14.39,14.025,6.788480906436845,8.22219343393851,0.34395763255361883,0.6897006301257846,15597790,5514730
NIFTY26072823800CE,buy,current,2026-07-24T13:05:00+05:30,120.0,2026-07-24T13:32:00+05:30,119.6,candle_reversal,1,65,-26.00000000000037,14.0425,14.205,8.095608188657241,7.227028701577645,0.6921965021552952,0.6892816829296773,9100910,9633455
NIFTY26072823800CE,buy,current,2026-07-24T13:55:00+05:30,123.35,2026-07-24T14:12:00+05:30,128.25,candle_reversal,1,65,318.50000000000034,14.165,14.0825,8.765289838934077,8.693250508577254,0.6062653802308746,0.692157800163999,10947170,9730240
NIFTY26072823900PE,buy,current,2026-07-27T10:05:00+05:30,62.05,2026-07-27T10:14:00+05:30,52.65,candle_reversal,1,65,-610.9999999999999,13.2425,13.3575,8.433246284031837,7.557218205466681,0.7123351983509318,0.6534524932676032,15939495,14927120
NIFTY26072823900PE,buy,current,2026-07-27T10:25:00+05:30,63.55,2026-07-27T10:44:00+05:30,56.9,candle_reversal,1,65,-432.2499999999999,13.3125,13.3575,7.081883735164102,7.249922227063185,0.6823864164717984,0.5970574591778336,16816605,14683370
NIFTY26072824000CE,buy,current,2026-07-27T11:00:00+05:30,49.35,2026-07-27T11:06:00+05:30,45.95,candle_reversal,1,65,-220.99999999999991,13.3375,13.285,7.3579614949577365,7.167747108109455,0.6269203190505533,0.6604434066396282,27304745,27239615
NIFTY26072824000CE,buy,current,2026-07-27T11:20:00+05:30,51.15,2026-07-27T12:01:00+05:30,56.05,candle_reversal,1,65,318.4999999999999,13.21,13.2125,7.076028667467008,6.739367947293078,0.690903260365771,0.9459764701387807,27249040,25302615
NIFTY26072824000CE,buy,current,2026-07-27T12:05:00+05:30,52.7,2026-07-27T12:37:00+05:30,51.5,candle_reversal,1,65,-78.00000000000018,13.1975,13.21,6.724705313485067,6.104806421793979,0.9492968484754627,0.9179229220681767,25476945,26715325
NIFTY26072823900PE,buy,current,2026-07-27T13:35:00+05:30,48.4,2026-07-27T13:55:00+05:30,33.7,candle_reversal,1,65,-955.4999999999998,13.1,13.0325,6.674759389837815,6.064377796477173,0.9180199108985542,0.8752699995852627,20886515,20191340
NIFTY26072824000CE,buy,current,2026-07-28T09:40:00+05:30,52.4,2026-07-28T10:02:00+05:30,34.05,stop,1,65,-1192.75,12.7075,12.6425,10.170154097827014,8.909322132155609,1.1441954187003982,1.1002069754134656,29099980,32907290
NIFTY26072824000PE,buy,current,2026-07-28T10:05:00+05:30,55.2,2026-07-28T10:15:00+05:30,40.2,candle_reversal,1,65,-975.0,12.7075,12.6525,9.515180818032183,9.064205688532192,0.9388446428152268,0.8300766536235247,29693365,26170950
NIFTY26072824000CE,buy,current,2026-07-28T10:20:00+05:30,33.7,2026-07-28T11:32:00+05:30,34.75,candle_reversal,1,65,68.24999999999982,12.6125,12.655,8.80659175005623,5.283728833435541,0.9391130889990844,1.2925635577307257,38860185,31825950
NIFTY26072824000CE,buy,current,2026-07-28T11:35:00+05:30,32.35,2026-07-28T12:36:00+05:30,31.9,candle_reversal,1,65,-29.250000000000185,12.665,12.56,5.333929453319327,5.308535623384539,1.261093936691106,1.2744617176588218,33086365,32617520
NIFTY26072824000PE,buy,current,2026-07-28T13:15:00+05:30,48.0,2026-07-28T13:22:00+05:30,31.2,stop,1,65,-1092.0,12.705,12.655,6.2773622003809635,6.70547461153883,1.0504057279608852,0.9422022647287928,43023565,36235290
NIFTY26072823950PE,buy,current,2026-07-28T13:45:00+05:30,10.1,2026-07-28T13:51:00+05:30,6.55,stop,1,65,-230.75,12.7,12.6425,5.6349386580329375,7.011355735101601,0.9438527469039372,0.9489158122194113,36332530,35110010
NIFTY26080424300CE,buy,current,2026-07-29T09:40:00+05:30,103.4,2026-07-29T14:38:00+05:30,105.05,candle_reversal,1,65,107.24999999999945,12.2925,12.0775,13.106282180291908,6.1403956106035205,0.12707033770703377,0.23287072479699533,5228860,6922500
NIFTY26080424300PE,buy,current,2026-07-30T09:40:00+05:30,154.15,2026-07-30T12:33:00+05:30,103.55,candle_reversal,1,65,-3289.0000000000005,12.145,12.18,9.999922424343481,9.450380564261334,0.20328557648493026,0.23611306102750845,6076395,7716020
NIFTY26080424300CE,buy,current,2026-07-30T12:35:00+05:30,129.35,2026-07-30T13:12:00+05:30,84.1,stop,1,65,-2941.25,12.1725,12.18,10.55749623824272,9.43281928318102,0.2612159357229549,0.2427159559805034,7679880,9018620
NIFTY26080424300PE,buy,current,2026-07-30T13:15:00+05:30,135.85,2026-07-30T13:21:00+05:30,128.15,candle_reversal,1,65,-500.49999999999926,12.225,12.2275,9.610951320702052,7.985138011191084,0.22283707901822025,0.21961783220058156,7223905,7183150
NIFTY26080424300CE,buy,current,2026-07-30T13:40:00+05:30,107.7,2026-07-30T14:15:00+05:30,87.6,candle_reversal,1,65,-1306.5000000000005,12.2825,12.215,7.674031861148974,6.164432849781093,0.22976340581106602,0.2225364588207386,8693035,9602255
NIFTY26080424300PE,buy,current,2026-07-30T14:20:00+05:30,142.2,2026-07-30T14:39:00+05:30,128.05,candle_reversal,1,65,-919.7499999999985,12.24,12.1225,6.200944049942813,7.914979854851596,0.20771981220176797,0.18553524685709719,6892340,6077240
NIFTY26080424350CE,buy,current,2026-07-31T09:45:00+05:30,93.65,2026-07-31T10:06:00+05:30,94.4,candle_reversal,1,65,48.75,11.9125,11.9425,11.340018517686895,7.609766104286284,0.27080566758728414,0.3406914844627825,13611325,13374595
NIFTY26080424350CE,buy,current,2026-07-31T10:40:00+05:30,97.0,2026-07-31T11:09:00+05:30,90.7,candle_reversal,1,65,-409.49999999999983,11.865,11.9,6.232392609108865,5.6016478123898485,0.34780988317906086,0.37037836184478445,14003275,13881010
NIFTY26080424300PE,buy,current,2026-07-31T11:10:00+05:30,76.2,2026-07-31T11:14:00+05:30,69.4,candle_reversal,1,65,-441.99999999999983,11.89,11.86,5.6016478123898485,5.808334085510663,0.36808435005556495,0.3557733306469373,15599805,15239965
NIFTY26080424400CE,buy,current,2026-07-31T11:15:00+05:30,74.3,2026-07-31T11:40:00+05:30,72.0,candle_reversal,1,65,-149.49999999999983,11.8225,11.815,5.808334085510663,4.937065325725581,0.35848219859643005,0.4364791014461584,16017300,15662400
NIFTY26080424400PE,buy,current,2026-07-31T13:45:00+05:30,95.25,2026-07-31T13:55:00+05:30,88.15,candle_reversal,1,65,-461.49999999999966,11.875,11.835,5.846997883508208,5.252555184592856,0.7108149283131561,0.6750260424928879,19344260,18636150
NIFTY26080424500PE,buy,current,2026-08-03T09:50:00+05:30,39.75,2026-08-03T09:58:00+05:30,35.35,candle_reversal,1,65,-285.9999999999999,11.7725,11.83,8.991420152459733,7.801829895940264,0.8802798007619989,0.9731564881980654,19927505,20800585
NIFTY26080424600CE,buy,current,2026-08-03T10:05:00+05:30,50.5,2026-08-03T10:23:00+05:30,53.3,candle_reversal,1,65,181.99999999999983,11.84,11.8225,7.824412249067459,6.711245343634102,1.053098845411577,1.2568935070573648,20218120,19595810
NIFTY26080424600CE,buy,current,2026-08-03T10:40:00+05:30,54.8,2026-08-03T11:46:00+05:30,57.35,candle_reversal,1,65,165.75000000000028,11.835,11.9225,7.040737589138915,5.605349310197829,1.2307425392108964,1.4027836259451147,20039630,21604895
NIFTY26080424600PE,buy,current,2026-08-03T12:50:00+05:30,76.5,2026-08-03T13:36:00+05:30,62.35,candle_reversal,1,65,-919.7499999999999,11.9875,11.9375,7.6476476474628585,5.6300236849633905,1.2096924633479462,1.144290166887119,23194405,22634170
NIFTY26080424600CE,buy,current,2026-08-04T09:45:00+05:30,51.7,2026-08-04T10:23:00+05:30,38.75,candle_reversal,1,65,-841.7500000000002,11.8475,11.8975,10.204420197200458,6.6951877420427275,1.045879793424355,1.0629251686729693,32290635,34282235
NIFTY26080424600PE,buy,current,2026-08-04T10:25:00+05:30,39.8,2026-08-04T10:51:00+05:30,45.65,candle_reversal,1,65,380.2500000000001,11.9025,11.9725,6.663388617611104,5.088887839948467,1.0027860363267804,0.8402077797462166,37843195,31606640
NIFTY26080424550PE,buy,current,2026-08-04T11:35:00+05:30,28.75,2026-08-04T12:20:00+05:30,61.8,candle_reversal,1,65,2148.25,12.025,12.2175,5.2711667792285315,6.768015793383064,0.8251427915857446,0.542630303793454,27348620,12600315
NIFTY26080424500CE,buy,current,2026-08-04T14:20:00+05:30,42.25,2026-08-04T14:36:00+05:30,27.45,stop,1,65,-962.0,12.21,12.3775,7.297482729255696,9.874027398928183,0.5472280601464106,0.5935971004930887,38011285,36416640
NIFTY26081124600PE,buy,current,2026-08-05T09:55:00+05:30,126.1,2026-08-05T10:01:00+05:30,114.6,candle_reversal,1,65,-747.5,12.025,11.8625,8.974062397459381,8.0504815299189,0.8790053676642189,0.8106413426803587,7959640,7550855
NIFTY26081124600CE,buy,current,2026-08-05T10:15:00+05:30,165.3,2026-08-05T10:28:00+05:30,155.5,candle_reversal,1,65,-637.0000000000007,11.8925,12.0725,8.324059720635928,8.567174785075354,0.8856923183847931,0.8312066630533579,9257105,9765925
NIFTY26081124600PE,buy,current,2026-08-05T10:30:00+05:30,139.45,2026-08-05T10:36:00+05:30,133.85,candle_reversal,1,65,-363.99999999999966,12.1425,12.075,8.3123765861414,8.609104502169933,0.8107498637062002,0.7652005149024655,8351330,7981545
NIFTY26081124600PE,buy,current,2026-08-05T10:40:00+05:30,131.65,2026-08-05T10:49:00+05:30,115.3,candle_reversal,1,65,-1062.7500000000005,12.0775,11.9225,8.20105779565137,7.759266734622055,0.7870764256258591,0.8481160502386603,8442915,8718450
NIFTY26081124600CE,buy,current,2026-08-05T10:50:00+05:30,168.6,2026-08-05T11:20:00+05:30,170.1,candle_reversal,1,65,97.5,11.9325,11.995,7.759266734622055,7.831524274321907,0.8519863280543986,1.0840428086407556,10992605,8401055
NIFTY26081124700CE,buy,current,2026-08-05T11:25:00+05:30,116.75,2026-08-05T11:32:00+05:30,110.05,candle_reversal,1,65,-435.50000000000017,12.0225,12.0525,7.471107476023596,6.67356962507202,1.0733553062481274,1.0098402935051125,8703175,9108515
NIFTY26081124700CE,buy,current,2026-08-06T09:45:00+05:30,125.85,2026-08-06T11:35:00+05:30,134.0,candle_reversal,1,65,529.7500000000003,12.1075,12.2725,9.020845590220224,6.675314577820859,1.1693773885799534,1.4606847650325911,7653490,8929960
NIFTY26081124700CE,buy,current,2026-08-06T11:40:00+05:30,127.7,2026-08-06T12:22:00+05:30,119.6,candle_reversal,1,65,-526.5000000000006,12.295,12.31,6.392185799071953,7.02378407830824,1.4527276344673885,1.3524533397697711,8975070,9648600
NIFTY26081124600PE,buy,current,2026-08-06T12:55:00+05:30,109.7,2026-08-06T14:06:00+05:30,91.9,candle_reversal,1,65,-1156.9999999999998,12.355,12.18,6.518337108341553,8.63621684763989,1.2988262388208651,1.2201812011128428,11086270,11377925
NIFTY26081124700CE,buy,current,2026-08-06T14:10:00+05:30,123.55,2026-08-06T14:31:00+05:30,118.9,candle_reversal,1,65,-302.24999999999943,12.185,12.125,8.233097089747092,7.098912259983097,1.2735288854181919,1.377497599880693,10616060,10188230
NIFTY26081124600CE,buy,current,2026-08-07T09:45:00+05:30,149.25,2026-08-07T10:12:00+05:30,141.25,candle_reversal,1,65,-520.0,12.4325,12.425,9.09676782095249,7.114114114540692,1.296286179430307,1.3578030365315574,11502400,12160850
NIFTY26081124600PE,buy,current,2026-08-07T10:20:00+05:30,127.75,2026-08-07T10:47:00+05:30,127.9,candle_reversal,1,65,9.75000000000037,12.3925,12.455,7.697927532664003,6.439911231194208,1.147291752773732,0.9179459343065038,18164575,16205540
NIFTY26081124600PE,buy,current,2026-08-07T11:00:00+05:30,132.85,2026-08-07T11:27:00+05:30,124.65,candle_reversal,1,65,-532.9999999999993,12.4925,12.4025,6.376743423269384,5.999903732117078,0.9370377723061777,0.8991777545223502,16449615,15645435
NIFTY26081124600PE,buy,current,2026-08-07T11:50:00+05:30,135.65,2026-08-07T13:24:00+05:30,128.4,candle_reversal,1,65,-471.25,12.4825,12.385,5.689938918981956,6.773398645641357,0.9496552504277638,0.7720332663214134,16506165,14146535
NIFTY26081124600CE,buy,current,2026-08-07T13:50:00+05:30,117.5,2026-08-07T14:30:00+05:30,99.75,candle_reversal,1,65,-1153.75,12.31,12.415,7.979846748467516,7.687950884752145,0.7805178089458165,0.6920848960769301,20909200,21345285
NIFTY26081124500PE,buy,current,2026-08-10T09:45:00+05:30,74.75,2026-08-10T10:17:00+05:30,57.15,candle_reversal,1,65,-1144.0,12.7025,12.6425,10.579692171075408,7.964874471334653,0.6640568624395349,0.7742124119504493,14611155,18180045
NIFTY26081124600CE,buy,current,2026-08-10T10:20:00+05:30,87.0,2026-08-10T10:53:00+05:30,93.6,candle_reversal,1,65,428.99999999999966,12.63,12.6075,7.867927477834579,6.428946423421345,0.8443003276398842,1.360119504376244,26059215,21819005
NIFTY26081124600CE,buy,current,2026-08-10T11:05:00+05:30,98.35,2026-08-10T11:33:00+05:30,92.25,candle_reversal,1,65,-396.49999999999966,12.6275,12.5,5.728562863778559,6.88117264822034,1.3359756635083335,1.4283740130594582,22038380,20800780
NIFTY26081124600PE,buy,current,2026-08-10T13:00:00+05:30,76.5,2026-08-10T14:59:00+05:30,73.7,candle_reversal,1,65,-181.99999999999983,12.4375,12.29,5.821064004318994,7.023776813370981,1.3817861580868018,1.0836561172136334,28014870,20074730
NIFTY26081124500PE,buy,current,2026-08-11T09:40:00+05:30,72.4,2026-08-11T09:59:00+05:30,62.85,candle_reversal,1,65,-620.7500000000002,12.305,12.245,8.86002548004534,7.86763068348494,0.6592494447019523,0.6062676374437607,19026995,19494930
NIFTY26081124500PE,buy,current,2026-08-11T10:15:00+05:30,67.0,2026-08-11T11:40:00+05:30,69.1,candle_reversal,1,65,136.49999999999963,12.19,12.29,6.697402594040376,4.933873359579492,0.6445901531373642,0.6058322105291899,21868600,18373355
NIFTY26081124400PE,buy,current,2026-08-11T11:45:00+05:30,23.8,2026-08-11T12:29:00+05:30,22.45,candle_reversal,1,65,-87.75000000000009,12.1675,12.25,4.7887639791480385,5.4760490059046365,0.6199922288014026,0.5943788176718807,26339950,28469415
NIFTY26081124500CE,buy,current,2026-08-11T12:50:00+05:30,30.55,2026-08-11T12:59:00+05:30,23.65,candle_reversal,1,65,-448.5000000000001,12.1125,12.1275,5.264351324386909,4.589160834412918,0.5967038025903164,0.626665749014223,41914535,40663740
NIFTY26081124500CE,buy,current,2026-08-11T13:35:00+05:30,27.8,2026-08-11T14:05:00+05:30,18.05,stop,1,65,-633.75,12.0125,12.025,6.953100370601715,5.948824907008137,0.6096212412309472,0.6649160757692226,43915820,43035265
NIFTY26081824400PE,buy,current,2026-08-12T09:40:00+05:30,93.2,2026-08-12T13:02:00+05:30,162.9,candle_reversal,1,65,4530.5,11.7325,11.96,9.960820833860053,5.867612366265077,2.362614029822812,0.8746080119578445,8757775,6351865
NIFTY26081824300PE,buy,current,2026-08-12T13:05:00+05:30,114.55,2026-08-12T14:42:00+05:30,84.35,candle_reversal,1,65,-1963.0000000000002,11.9525,11.8425,5.639931070912138,7.201970387205159,0.8750167057939476,1.0599651579516256,7152275,8063120
NIFTY26081824400CE,buy,current,2026-08-13T09:45:00+05:30,106.95,2026-08-13T10:11:00+05:30,100.2,candle_reversal,1,65,-438.75,11.69,11.7,9.507251414332982,7.837497622697086,1.3088172316901352,1.4160999929116556,10341175,10515700
NIFTY26081824300PE,buy,current,2026-08-13T10:30:00+05:30,82.95,2026-08-13T10:50:00+05:30,69.6,candle_reversal,1,65,-867.7500000000006,11.705,11.5625,7.025223558992292,5.619937420071888,1.299444898750178,1.2418363712344096,9579180,9656140
NIFTY26081824400CE,buy,current,2026-08-13T11:35:00+05:30,102.8,2026-08-13T12:10:00+05:30,137.05,candle_reversal,1,65,2226.250000000001,11.5325,11.49,5.167609259376668,6.876169970543887,1.3049195364435875,1.9567820642140723,11473215,8817770
NIFTY26081824500CE,buy,current,2026-08-13T12:15:00+05:30,82.0,2026-08-13T12:49:00+05:30,73.75,candle_reversal,1,65,-536.25,11.5175,11.4925,6.561311446498903,6.0891720913216565,1.9463982979171288,1.8642707427107308,11295895,11746735
NIFTY26081824400PE,buy,current,2026-08-13T12:50:00+05:30,93.5,2026-08-13T13:39:00+05:30,85.15,candle_reversal,1,65,-542.7499999999997,11.445,11.4225,6.0891720913216565,6.661282762340127,1.8502887662505476,1.6331958390166144,10335390,9616880
NIFTY26081824400PE,buy,current,2026-08-13T13:40:00+05:30,84.8,2026-08-13T13:44:00+05:30,79.9,candle_reversal,1,65,-318.49999999999943,11.43,11.445,6.661282762340127,7.1569130620379715,1.623674917470046,1.6468966051670462,9524515,9389315
NIFTY26081824400CE,buy,current,2026-08-14T09:50:00+05:30,79.15,2026-08-14T10:15:00+05:30,79.8,candle_reversal,1,65,42.249999999999446,11.4975,11.44,7.820010527130206,6.350557018786978,1.318489379404855,1.4001946175272504,14699360,15117765
NIFTY26081824300PE,buy,current,2026-08-14T10:35:00+05:30,66.9,2026-08-14T10:47:00+05:30,60.95,candle_reversal,1,65,-386.75000000000017,11.45,11.3975,7.11427386521843,5.718637624341944,1.138854033007389,1.095204202074431,15229890,15685150
NIFTY26081824350CE,buy,current,2026-08-14T10:50:00+05:30,96.35,2026-08-14T11:01:00+05:30,85.2,candle_reversal,1,65,-724.7499999999994,11.3825,11.4125,5.550253869968465,5.939027065221545,1.1183341693706135,1.1429469817199127,13931580,13365495
NIFTY26081824300PE,buy,current,2026-08-14T11:10:00+05:30,65.25,2026-08-14T11:17:00+05:30,63.2,candle_reversal,1,65,-133.24999999999983,11.42,11.37,5.895043651449854,5.435138656038234,1.1079115455009863,1.084235239130723,16088930,16099070
NIFTY26081824350CE,buy,current,2026-08-14T12:10:00+05:30,94.55,2026-08-14T13:33:00+05:30,92.05,candle_reversal,1,65,-162.5,11.405,11.375,5.553015810748868,4.432909780048996,1.1213281459066675,1.3643709570773976,14475760,12543505
NIFTY26081824350PE,buy,current,2026-08-14T14:30:00+05:30,52.4,2026-08-14T14:52:00+05:30,47.95,candle_reversal,1,65,-289.2499999999997,11.3,11.25,4.976194998600839,4.948054244881954,1.9223995317938458,1.7225586168688696,14725100,12920375
NIFTY26081824300PE,buy,current,2026-08-17T10:15:00+05:30,62.35,2026-08-17T12:16:00+05:30,58.45,candle_reversal,1,65,-253.49999999999991,11.6175,11.4775,6.398899286124326,6.533566780039187,0.9131442468282106,0.7230233243916824,21001955,15658305
NIFTY26081824300CE,buy,current,2026-08-17T12:45:00+05:30,77.7,2026-08-17T13:10:00+05:30,109.55,candle_reversal,1,65,2070.2499999999995,11.4375,11.39,5.415881155161963,7.188461200291903,0.9503344699764275,1.627243293973023,26960765,12514255
NIFTY26081824400CE,buy,current,2026-08-17T13:15:00+05:30,58.15,2026-08-17T14:10:00+05:30,47.35,candle_reversal,1,65,-701.9999999999998,11.3875,11.38,6.949256568657572,4.95852276526658,1.6401311245444434,1.7452540726946018,18091710,20699445
NIFTY26081824200PE,buy,current,2026-08-18T10:05:00+05:30,22.55,2026-08-18T12:51:00+05:30,22.25,candle_reversal,1,65,-19.500000000000046,11.405,11.6575,7.868530673989634,5.04539971107013,0.8309147602198442,0.6563951852953451,35558315,37727690
NIFTY26081824200PE,buy,current,2026-08-18T12:55:00+05:30,21.1,2026-08-18T13:15:00+05:30,20.6,candle_reversal,1,65,-32.5,11.645,11.595,4.881138179745186,5.269991278945983,0.6688442457456014,0.6604864459371715,38920895,37649365
NIFTY26081824200PE,buy,current,2026-08-18T13:40:00+05:30,24.05,2026-08-18T14:30:00+05:30,15.65,stop,1,65,-546.0,11.63,11.4575,5.473614215416975,7.118842472744457,0.6765052453779774,0.6761255263673847,39239655,40415505
NIFTY26090124500CE,buy,current,2026-08-26T09:45:00+05:30,87.7,2026-08-26T09:52:00+05:30,82.7,candle_reversal,1,65,-325.0,10.73,10.76,8.995903585316025,7.440938127844722,0.8859968576374263,0.9093093636054466,8050120,7900620
NIFTY26090124300PE,buy,current,2026-08-26T10:10:00+05:30,62.15,2026-08-26T10:31:00+05:30,74.0,candle_reversal,1,65,770.2500000000001,10.78,10.74,6.7434789838523255,7.485510966582708,0.7929695821063844,0.6281754165201336,9011210,8045050
NIFTY26090124200PE,buy,current,2026-08-26T10:35:00+05:30,42.35,2026-08-26T14:37:00+05:30,48.4,candle_reversal,1,65,393.24999999999983,10.7,10.85,6.81598673235508,5.511512161893472,0.6292899069444321,0.4874394656436844,7952165,7046910
NIFTY26090823800PE,buy,current,2026-09-02T09:40:00+05:30,107.1,2026-09-02T10:19:00+05:30,96.05,candle_reversal,1,65,-718.2499999999998,11.92,11.8,14.251083758979375,7.707235675125281,0.901033287722924,0.9117643872525122,8947770,10409750
NIFTY26090824000CE,buy,current,2026-09-02T10:20:00+05:30,94.75,2026-09-02T10:36:00+05:30,96.05,candle_reversal,1,65,84.49999999999982,11.8,11.72,7.707235675125281,7.0867291819377565,0.9144839753388362,1.0176044435489755,11617060,10878270
NIFTY26090824000CE,buy,current,2026-09-02T10:40:00+05:30,94.8,2026-09-02T11:05:00+05:30,84.95,candle_reversal,1,65,-640.2499999999997,11.77,11.94,7.069622453614293,6.705367700675245,1.0428600999257254,0.9990344879085004,10724675,11311105
NIFTY26090823800PE,buy,current,2026-09-02T11:10:00+05:30,104.85,2026-09-02T11:54:00+05:30,100.25,candle_reversal,1,65,-298.99999999999966,11.93,11.84,6.6280366747968165,5.612382769011158,0.9724050237436623,0.8476001251418352,10648105,10241400
NIFTY26090823800PE,buy,current,2026-09-02T12:00:00+05:30,107.3,2026-09-02T12:12:00+05:30,97.0,candle_reversal,1,65,-669.4999999999998,11.88,11.77,5.901561729217183,6.713022228704239,0.828797857877719,0.8064085567823122,10153520,10141430
NIFTY26090824000CE,buy,current,2026-09-02T12:15:00+05:30,87.5,2026-09-02T15:07:00+05:30,85.55,candle_reversal,1,65,-126.75000000000018,11.79,11.66,6.442861003321712,5.833025036209122,0.8112941035720775,1.0649878893445803,13832975,10048935
NIFTY26090824000CE,buy,current,2026-09-03T09:45:00+05:30,146.7,2026-09-03T10:15:00+05:30,129.7,candle_reversal,1,65,-1105.0,10.96,11.04,9.22631529032632,7.718740831874684,1.3379832255771873,1.3328670206597864,9748180,10750610
NIFTY26090824000PE,buy,current,2026-09-03T10:20:00+05:30,86.95,2026-09-03T12:47:00+05:30,137.9,candle_reversal,1,65,3311.75,11.06,11.43,7.320028292877366,6.961789631797522,1.3147958962959512,0.8550949057225681,13830635,10257780
NIFTY26090823900PE,buy,current,2026-09-03T12:50:00+05:30,88.3,2026-09-03T13:06:00+05:30,85.1,candle_reversal,1,65,-208.00000000000017,11.44,11.37,6.755573713131627,7.184095008535347,0.8466829838409975,0.8302371321937129,8559915,8611265
NIFTY26090823900PE,buy,current,2026-09-03T13:55:00+05:30,86.85,2026-09-03T14:27:00+05:30,79.65,candle_reversal,1,65,-467.99999999999926,11.24,11.19,8.296258762472105,7.919146010852524,0.8211492962079128,0.8270034117447429,8938930,9051315
NIFTY26090824000CE,buy,current,2026-09-04T09:50:00+05:30,86.95,2026-09-04T10:11:00+05:30,87.85,candle_reversal,1,65,58.499999999999446,11.06,11.04,7.608282413174242,6.304251503405373,0.9461504633265274,1.1939570463648088,24461125,21462025
NIFTY26090824000CE,buy,current,2026-09-04T10:15:00+05:30,85.15,2026-09-04T10:36:00+05:30,95.1,candle_reversal,1,65,646.7499999999993,11.04,10.84,6.147864633010692,5.745379355367745,1.1818442725335103,1.2319116201904807,22106500,21683220
NIFTY26090824000PE,buy,current,2026-09-04T11:45:00+05:30,91.7,2026-09-04T14:28:00+05:30,90.6,candle_reversal,1,65,-71.50000000000055,10.74,10.9,5.974224330550731,5.025202609656631,1.5130131173312518,1.146228266822962,20634185,13701740
NIFTY26090823900PE,buy,current,2026-09-04T14:30:00+05:30,50.0,2026-09-04T15:09:00+05:30,59.1,eod_square_off,1,65,591.5000000000001,10.87,10.86,4.969830994681158,5.695010431727157,1.1579042156740507,1.125058260732555,23364315,21442980
NIFTY26090823800PE,buy,current,2026-09-07T09:50:00+05:30,49.1,2026-09-07T11:45:00+05:30,65.9,candle_reversal,1,65,1092.0000000000002,11.22,11.28,7.206022102052674,5.00828065625649,1.03943149216661,0.6809730701513936,21989955,18879835
NIFTY26090823800PE,buy,current,2026-09-07T12:30:00+05:30,68.65,2026-09-07T13:53:00+05:30,49.55,candle_reversal,1,65,-1241.5000000000005,11.28,11.19,5.013551808858776,5.40821116344061,0.7166579547581579,0.7278296022799247,21291855,21564140
NIFTY26090823800CE,buy,current,2026-09-07T14:30:00+05:30,87.0,2026-09-07T14:40:00+05:30,70.0,candle_reversal,1,65,-1105.0,11.04,11.1,4.234931953402445,4.62877987785572,0.7972074784790789,0.8348373423553851,32167850,30264650
NIFTY26090823650PE,buy,current,2026-09-08T10:05:00+05:30,34.3,2026-09-08T10:13:00+05:30,22.3,stop,1,65,-779.9999999999998,11.21,11.21,6.559875657801132,7.247954286736823,0.7105947694348732,0.7527212124955535,24840075,27116700
NIFTY26090823700CE,buy,current,2026-09-08T10:15:00+05:30,56.8,2026-09-08T10:36:00+05:30,36.9,stop,1,65,-1293.5,11.03,11.06,7.548100409112815,7.240076619442875,0.8027064625685519,0.8390172830599142,36468055,38515620
NIFTY26090823700PE,buy,current,2026-09-08T10:40:00+05:30,53.1,2026-09-08T10:49:00+05:30,43.4,candle_reversal,1,65,-630.5000000000002,11.19,11.14,6.8244527452318255,6.1264176416891605,0.7994642680946871,0.7768301246706847,31794750,30568590
NIFTY26090823650PE,buy,current,2026-09-08T11:05:00+05:30,27.85,2026-09-08T12:37:00+05:30,22.95,candle_reversal,1,65,-318.5000000000001,11.21,11.16,6.108710137090133,5.842076372118797,0.7760101258683502,0.7383905725988391,30568720,32179940
NIFTY26091523500PE,buy,current,2026-09-09T09:50:00+05:30,107.9,2026-09-09T10:19:00+05:30,96.45,candle_reversal,1,65,-744.2500000000002,11.61,11.64,8.665518834970799,7.902329703944529,1.2785973187362119,1.1013802833907613,13851435,11980540
NIFTY26091523500CE,buy,current,2026-09-09T10:20:00+05:30,167.9,2026-09-09T11:52:00+05:30,157.0,candle_reversal,1,65,-708.5000000000003,11.65,11.68,7.902329703944529,5.549069480229383,1.1310568874093414,1.3396387366445586,9835410,8447140
NIFTY26091523500PE,buy,current,2026-09-09T12:00:00+05:30,106.75,2026-09-09T12:26:00+05:30,101.3,candle_reversal,1,65,-354.25000000000017,11.72,11.69,5.669072190829843,5.609204859716682,1.1870271001648585,1.0125770585112526,14635465,13426140
NIFTY26091523500CE,buy,current,2026-09-09T12:30:00+05:30,158.85,2026-09-09T13:12:00+05:30,177.05,candle_reversal,1,65,1183.0000000000011,11.61,11.58,5.816116281631745,7.032184124860392,1.0417404089814337,1.4664097504054778,11942515,7278310
NIFTY26091523600CE,buy,current,2026-09-09T13:15:00+05:30,117.0,2026-09-09T13:34:00+05:30,118.6,candle_reversal,1,65,103.99999999999963,11.57,11.59,6.8175465158234605,6.412361442254279,1.4754096647689505,1.4330081834503354,7350395,7609745
NIFTY26091523400PE,buy,current,2026-09-10T09:40:00+05:30,82.3,2026-09-10T09:51:00+05:30,73.8,candle_reversal,1,65,-552.5,11.76,11.8,11.758018625426827,9.617893350690393,0.9342745287780342,0.9660740992129307,8898045,10121930
NIFTY26091523500CE,buy,current,2026-09-10T09:55:00+05:30,104.9,2026-09-10T10:01:00+05:30,97.1,candle_reversal,1,65,-507.00000000000074,11.83,11.84,9.027518837998153,8.663002103354746,0.9889060953629163,0.9921856094704339,12547860,12525240
NIFTY26091523400PE,buy,current,2026-09-10T10:05:00+05:30,80.9,2026-09-10T10:18:00+05:30,76.6,candle_reversal,1,65,-279.50000000000074,11.86,11.82,8.709972893976168,8.189959397471798,0.948166474911584,0.937990705782869,9927255,10134670
NIFTY26091523500CE,buy,current,2026-09-10T10:45:00+05:30,107.1,2026-09-10T10:49:00+05:30,97.75,candle_reversal,1,65,-607.7499999999997,11.79,11.81,6.656442472966877,6.851470174472141,0.9996787769315283,1.0119730127263011,13383500,13333645
NIFTY26091523400PE,buy,current,2026-09-10T10:55:00+05:30,86.5,2026-09-10T11:47:00+05:30,73.35,candle_reversal,1,65,-854.7500000000003,11.86,11.78,6.6667594147718505,6.635877555648863,0.9695924097467309,0.9841067266129203,11388650,11497785
NIFTY26091523500CE,buy,current,2026-09-10T11:55:00+05:30,100.85,2026-09-10T12:56:00+05:30,99.6,candle_reversal,1,65,-81.25,11.76,11.74,5.768175693699971,6.986318311224737,1.0255690936383954,1.2152920605646098,13318565,12535055
NIFTY26091523200PE,buy,current,2026-09-11T09:45:00+05:30,77.0,2026-09-11T09:58:00+05:30,73.6,candle_reversal,1,65,-221.00000000000037,12.44,12.5,11.79740370445521,8.530162980655875,0.8561213769738825,0.8436951529838995,15861950,16582605
NIFTY26091523300CE,buy,current,2026-09-11T10:05:00+05:30,88.85,2026-09-11T10:27:00+05:30,101.3,candle_reversal,1,65,809.2500000000002,12.44,12.37,7.959281009679415,7.4256984743157,0.8999038047428444,1.1575504669866472,15426060,11957140
NIFTY26091523300CE,buy,current,2026-09-11T10:30:00+05:30,98.8,2026-09-11T10:54:00+05:30,102.5,candle_reversal,1,65,240.50000000000017,12.37,12.34,7.411188990608842,6.168132563576693,1.15474783154231,1.1875541005529635,12312365,13424775
NIFTY26091523300CE,buy,current,2026-09-11T11:05:00+05:30,103.65,2026-09-11T11:32:00+05:30,145.6,candle_reversal,1,65,2726.749999999999,12.39,12.28,6.051605227753423,7.005542555080999,1.1280898114366757,1.386866069359869,15073825,10173930
NIFTY26091523300PE,buy,current,2026-09-11T12:15:00+05:30,85.5,2026-09-11T14:02:00+05:30,55.6,stop,1,65,-1943.5,12.32,12.36,6.728107960360385,13.46846255244275,1.400448399882247,1.4419608952348242,29606525,28004860
NIFTY26091523400PE,buy,current,2026-09-15T09:45:00+05:30,35.45,2026-09-15T10:36:00+05:30,72.4,candle_reversal,1,65,2401.75,12.39,12.77,12.837214717181208,8.568893371259227,1.1371779294015016,0.8304114275041481,18817955,16424720
NIFTY26091523300PE,buy,current,2026-09-15T10:40:00+05:30,32.2,2026-09-15T12:50:00+05:30,31.6,candle_reversal,1,65,-39.00000000000009,12.78,12.77,8.083731318023455,7.011522880815415,0.8263175088451854,0.7909699645065493,24985805,32362785
NIFTY26092223200PE,buy,current,2026-09-16T09:40:00+05:30,168.05,2026-09-16T09:52:00+05:30,149.45,candle_reversal,1,65,-1209.0000000000014,13.45,13.29,18.03672469120856,18.321351974544086,0.8723441712053694,0.8382211740552117,9401925,8431995
NIFTY26092223200CE,buy,current,2026-09-16T09:55:00+05:30,208.7,2026-09-16T11:21:00+05:30,195.0,candle_reversal,1,65,-890.4999999999993,13.25,13.31,18.516880018867294,9.152113042324421,0.8659168150794958,1.0407531675406383,7228455,6679660
NIFTY26092223300CE,buy,current,2026-09-16T11:25:00+05:30,138.0,2026-09-16T11:29:00+05:30,130.5,candle_reversal,1,65,-487.5,13.28,13.32,10.216433073610167,9.688098309483651,1.041353184101467,1.0387890413183358,6494540,6391060
NIFTY26092223200PE,buy,current,2026-09-16T11:30:00+05:30,143.0,2026-09-16T13:08:00+05:30,115.1,candle_reversal,1,65,-1813.5000000000005,13.28,13.01,9.688098309483651,7.134200992297964,1.033160565461638,1.0414794062416293,12315810,12174110
NIFTY26092223300CE,buy,current,2026-09-16T13:10:00+05:30,155.0,2026-09-16T13:15:00+05:30,147.5,candle_reversal,1,65,-487.5,13.01,12.97,7.481758064276681,7.0768686357929145,1.0727945102968262,1.0803250757092535,6616480,6826105
NIFTY26092223200PE,buy,current,2026-09-16T13:25:00+05:30,125.0,2026-09-16T14:13:00+05:30,133.45,candle_reversal,1,65,549.2499999999993,13.07,13.17,7.266017681181772,5.9379312395565975,1.082268799986238,0.9697446711889027,12413765,11277370
NIFTY26092223200PE,buy,current,2026-09-17T09:45:00+05:30,106.85,2026-09-17T10:05:00+05:30,83.1,candle_reversal,1,65,-1543.75,12.71,12.52,11.301989944610272,9.549842050791199,0.8573676662731947,0.9133708835095634,10120175,11226215
NIFTY26092223300CE,buy,current,2026-09-17T10:10:00+05:30,149.0,2026-09-17T10:41:00+05:30,121.4,candle_reversal,1,65,-1793.9999999999995,12.54,12.49,9.16653188287835,8.206695335834072,0.9641617087020748,0.9403046101046921,7571200,8607950
NIFTY26092223200PE,buy,current,2026-09-17T10:45:00+05:30,94.8,2026-09-17T11:19:00+05:30,102.4,candle_reversal,1,65,494.00000000000057,12.5,12.62,8.343206870564035,8.109646175471706,0.929103520645592,0.726816470253953,11541270,9722765
NIFTY26092223200PE,buy,current,2026-09-17T11:20:00+05:30,99.85,2026-09-17T11:42:00+05:30,91.05,candle_reversal,1,65,-571.9999999999998,12.62,12.47,8.109646175471706,7.464493159879614,0.7337483995652361,0.7698466731403878,9825075,10593895
NIFTY26092223300CE,buy,current,2026-09-17T11:45:00+05:30,115.55,2026-09-17T14:28:00+05:30,108.3,candle_reversal,1,65,-471.25,12.47,12.45,7.25331297969192,7.031909605622888,0.7866776761816278,0.8484935240577562,9872460,8810230
NIFTY26092223300CE,buy,current,2026-09-18T09:40:00+05:30,122.6,2026-09-18T10:04:00+05:30,121.8,candle_reversal,1,65,-51.999999999999815,12.14,11.97,10.184716290787737,7.542089472722645,0.7373279509052189,0.8045155027175873,15593630,15674750
NIFTY26092223300CE,buy,current,2026-09-18T10:10:00+05:30,123.7,2026-09-18T13:43:00+05:30,105.0,candle_reversal,1,65,-1215.5000000000002,11.95,11.57,8.027879987868632,5.223228599761952,0.8090928383184673,0.8664154656010061,15752035,16170050
