symbol,side,leg,entry_time,entry_price,exit_time,exit_price,exit_reason,qty_lots,lot_size,pnl,vix_entry,vix_exit,atr_entry,atr_exit,pcr_entry,pcr_exit,contract_oi_entry,contract_oi_exit
NIFTY25090224600PE,buy,current,2025-08-28T10:20:00+05:30,120.75,2025-08-28T10:25:00+05:30,109.9,candle_reversal,1,65,-705.2499999999997,12.785,12.6875,10.311719412043091,9.385636965348507,0.7383627885308061,0.7018952246958536,2356650,2346450
NIFTY25090224600PE,buy,current,2025-08-28T11:55:00+05:30,92.1,2025-08-28T12:07:00+05:30,88.4,candle_reversal,1,65,-240.49999999999926,12.27,12.225,7.294771176140634,6.8137161878554044,0.8682159515126434,0.8021858939885893,2771400,2884425
NIFTY25090224500PE,buy,current,2025-08-29T09:50:00+05:30,92.5,2025-08-29T10:19:00+05:30,84.85,candle_reversal,1,65,-497.25000000000034,12.0475,11.89,13.677776803244155,8.847944473902134,0.42000495275004157,0.3741714370921257,13724250,13865550
NIFTY25090224500PE,buy,current,2025-08-29T12:25:00+05:30,60.65,2025-08-29T13:52:00+05:30,68.35,candle_reversal,1,65,500.4999999999997,11.73,11.66,5.678287145011118,5.73511756973428,0.5621365365565351,0.4621816625966336,18711675,17863125
NIFTY25090224500PE,buy,current,2025-09-01T10:25:00+05:30,43.85,2025-09-01T10:44:00+05:30,39.05,candle_reversal,1,65,-312.0000000000003,11.6075,11.555,7.472739563833522,6.395424439520119,0.45362584766368047,0.42563424811312656,23618325,23697225
NIFTY25090224600CE,buy,current,2025-09-01T11:00:00+05:30,46.1,2025-09-01T15:09:00+05:30,79.2,eod_square_off,1,65,2151.5,11.5475,11.31,6.659127243284056,5.7961794216758875,0.45055193428131346,0.9607931675797338,24658500,14571300
NIFTY25090224700CE,buy,current,2025-09-02T09:55:00+05:30,47.55,2025-09-02T10:36:00+05:30,51.0,candle_reversal,1,65,224.25000000000017,11.2875,11.2325,7.727359268912271,8.144178788250953,1.4268315407575305,1.4464679083630685,24384375,19491825
NIFTY25090224750CE,buy,current,2025-09-02T10:40:00+05:30,30.7,2025-09-02T12:13:00+05:30,19.95,stop,1,65,-698.75,11.1375,11.1475,8.589125655170292,6.174181380480593,1.391722628642066,1.3545163840797598,26261550,35526075
NIFTY25090224650PE,buy,current,2025-09-02T13:45:00+05:30,20.3,2025-09-02T15:09:00+05:30,67.9,eod_square_off,1,65,3094.0000000000005,11.2675,11.385,10.331182999852704,12.208331329638552,0.8539695281157571,0.7153635905241679,30822600,5555850
NIFTY25090924700PE,buy,current,2025-09-03T09:40:00+05:30,188.35,2025-09-03T09:53:00+05:30,170.6,candle_reversal,1,65,-1153.75,11.2,11.1775,13.001552984883867,9.438785131803844,0.17533207713960033,0.1616233596690271,3413625,3378900
NIFTY25090924700PE,buy,current,2025-09-03T10:40:00+05:30,182.8,2025-09-03T10:58:00+05:30,174.85,candle_reversal,1,65,-516.7500000000011,11.185,11.2325,6.615422158543319,5.627056159908519,0.15941719014461986,0.1479021165974544,3841500,3609150
NIFTY25090924700CE,buy,current,2025-09-03T12:10:00+05:30,84.6,2025-09-03T14:42:00+05:30,97.05,candle_reversal,1,65,809.2500000000002,11.0275,10.95,5.978344782141492,6.669822686765888,0.15793813606156568,0.22836154008341175,10623300,10651950
NIFTY25090925000CE,buy,current,2025-09-04T09:55:00+05:30,71.2,2025-09-04T10:13:00+05:30,49.05,candle_reversal,1,65,-1439.7500000000005,10.8675,11.0325,12.09497125661882,10.462256949309117,0.610091850276374,0.5405697841487103,14414625,15273225
NIFTY25090925000CE,buy,current,2025-09-04T10:25:00+05:30,55.7,2025-09-04T10:29:00+05:30,50.0,candle_reversal,1,65,-370.50000000000017,10.94,10.9575,9.832870391133133,9.333754715548395,0.463143840774818,0.48625753846972636,16845075,16533225
NIFTY25090924900CE,buy,current,2025-09-04T12:40:00+05:30,75.35,2025-09-04T13:44:00+05:30,67.0,candle_reversal,1,65,-542.7499999999997,11.035,10.9825,7.114022242363376,7.69000104459547,0.34519871745610264,0.40294541802510275,15748800,15007950
NIFTY25090924800PE,buy,current,2025-09-04T14:20:00+05:30,102.35,2025-09-04T14:44:00+05:30,107.95,candle_reversal,1,65,364.00000000000057,11.11,11.0425,8.430624491027169,11.192882938241842,0.34672933006613244,0.2807162450540333,8217975,6512175
NIFTY25090924800PE,buy,current,2025-09-05T10:10:00+05:30,115.45,2025-09-05T10:26:00+05:30,150.15,candle_reversal,1,65,2255.5,10.7825,11.0375,8.53633997108099,15.233021459071542,0.36355498781394385,0.1939614193989519,13577700,6588975
NIFTY25090924700PE,buy,current,2025-09-05T10:30:00+05:30,83.8,2025-09-05T12:58:00+05:30,105.35,candle_reversal,1,65,1400.7499999999998,11.0575,11.02,16.100199761508566,6.002950630820235,0.2210340276683163,0.1693338668675266,11817300,10816875
NIFTY25090924700PE,buy,current,2025-09-05T13:00:00+05:30,98.5,2025-09-05T13:13:00+05:30,94.6,candle_reversal,1,65,-253.50000000000037,10.9975,10.9825,5.856311300047153,5.778552700695171,0.16925045681460035,0.16821302921510245,10816875,10749675
NIFTY25090924800CE,buy,current,2025-09-05T13:50:00+05:30,68.35,2025-09-05T15:03:00+05:30,62.15,candle_reversal,1,65,-402.9999999999997,10.765,10.8175,8.733432108949781,6.679218447992993,0.2481387380691751,0.2913226871838007,20824875,16417500
NIFTY25090924800CE,buy,current,2025-09-08T11:30:00+05:30,86.6,2025-09-08T11:53:00+05:30,80.5,candle_reversal,1,65,-396.49999999999966,10.8775,10.8975,6.030263818679486,5.323203397683582,0.4375566685639509,0.49238931812268505,22574550,21299775
NIFTY25090924800CE,buy,current,2025-09-08T12:05:00+05:30,91.2,2025-09-08T13:20:00+05:30,99.2,candle_reversal,1,65,520.0,10.8475,10.745,5.099026701658095,5.3688862826544534,0.4934445804636813,0.7355261964330129,21094500,12559650
NIFTY25090924900CE,buy,current,2025-09-08T13:25:00+05:30,45.85,2025-09-08T13:48:00+05:30,37.5,candle_reversal,1,65,-542.7500000000001,10.73,10.77,5.383595666360049,5.645828641535005,0.7406691644771839,0.7398325509143451,21588225,21611325
NIFTY25090924800PE,buy,current,2025-09-09T10:40:00+05:30,32.7,2025-09-09T11:00:00+05:30,21.25,stop,1,65,-744.2500000000002,10.96,10.9225,5.88429973494322,5.85024832626245,0.51671953185943,0.519314318411314,33742425,34173750
NIFTY25090924900CE,buy,current,2025-09-09T11:25:00+05:30,21.9,2025-09-09T12:04:00+05:30,17.3,candle_reversal,1,65,-298.9999999999999,10.95,10.9525,6.042772411858011,5.056844586098626,0.5818349440261983,0.591114562667502,40413000,38993550
NIFTY25090924800PE,buy,current,2025-09-09T12:10:00+05:30,27.6,2025-09-09T12:14:00+05:30,20.85,candle_reversal,1,65,-438.75,10.96,10.9275,6.36777300177446,6.513308798320429,0.5714699596694007,0.5601968072375403,35696550,35192250
NIFTY25090924850CE,buy,current,2025-09-09T12:20:00+05:30,38.55,2025-09-09T12:56:00+05:30,25.05,stop,1,65,-877.4999999999998,10.9225,10.945,5.721563585215466,6.479153204532601,0.5830553821522199,0.6714931118658659,36819600,31334475
NIFTY25090924900CE,buy,current,2025-09-09T13:05:00+05:30,16.45,2025-09-09T13:48:00+05:30,10.7,stop,1,65,-373.75,10.97,10.98,6.697869234438199,5.850395290340919,0.6673859068228085,0.7366319237955294,42364650,44657775
NIFTY25091625100CE,buy,current,2025-09-10T10:30:00+05:30,101.1,2025-09-10T10:37:00+05:30,97.8,candle_reversal,1,65,-214.49999999999983,10.7925,10.7975,5.994446847974677,6.359038782704106,0.16484242626274978,0.1675786210322254,6141525,6555075
NIFTY25091625100CE,buy,current,2025-09-10T11:10:00+05:30,94.85,2025-09-10T11:14:00+05:30,93.0,candle_reversal,1,65,-120.24999999999963,10.725,10.745,4.8174857834178155,4.795940398685533,0.15821469102325236,0.161513451485401,7470900,7341600
NIFTY25091625100PE,buy,current,2025-09-10T14:20:00+05:30,167.25,2025-09-10T15:03:00+05:30,159.8,candle_reversal,1,65,-484.24999999999926,10.56,10.53,5.964020931363459,7.775904928372896,0.09482093222376407,0.07758334754519708,2330475,1892625
NIFTY25091625100CE,buy,current,2025-09-11T12:20:00+05:30,64.75,2025-09-11T15:09:00+05:30,66.05,eod_square_off,1,65,84.49999999999982,10.515,10.375,5.2103825844991905,9.866501877502092,0.1053676745927729,0.11610254094269211,9331275,8939475
NIFTY25091625100CE,buy,current,2025-09-12T10:10:00+05:30,76.95,2025-09-12T13:48:00+05:30,90.4,candle_reversal,1,65,874.2500000000002,10.1025,10.12,6.115052000732016,4.510859599333055,0.20242203347675589,0.4611651858653494,16768350,13839675
NIFTY25091625100CE,buy,current,2025-09-12T13:50:00+05:30,87.9,2025-09-12T15:09:00+05:30,92.75,eod_square_off,1,65,315.24999999999966,10.0975,10.1425,4.477941056523499,4.45754332802209,0.449178492368109,0.38675104355249806,14248875,14481000
NIFTY25091625100PE,buy,current,2025-09-15T10:10:00+05:30,64.0,2025-09-15T10:27:00+05:30,56.65,candle_reversal,1,65,-477.7500000000001,10.51,10.5175,5.9988012539836095,4.580437422068911,0.29291804514213643,0.2965358420039641,22326375,23253225
NIFTY25091625100CE,buy,current,2025-09-15T12:00:00+05:30,67.15,2025-09-15T12:05:00+05:30,61.4,candle_reversal,1,65,-373.75000000000045,10.3975,10.3875,4.669016944852954,4.9163348791440695,0.30313406296751333,0.3229995142816182,28900875,27220200
NIFTY25091625100PE,buy,current,2025-09-15T13:45:00+05:30,51.65,2025-09-15T13:55:00+05:30,51.1,candle_reversal,1,65,-35.749999999999815,10.33,10.325,9.166918881588874,8.141450579584122,0.2833939041324528,0.2634696382022061,25502025,24520650
NIFTY25091625150CE,buy,current,2025-09-16T10:00:00+05:30,58.95,2025-09-16T10:51:00+05:30,46.95,candle_reversal,1,65,-780.0,10.4175,10.4525,5.980290156201531,4.379778600038906,0.6730561418858266,0.7462030581178108,18376425,15998700
NIFTY25091625200CE,buy,current,2025-09-16T11:15:00+05:30,22.1,2025-09-16T13:25:00+05:30,14.35,stop,1,65,-503.7500000000001,10.395,10.435,3.933319656731341,6.459582316928762,0.677411058317377,0.8346938905390134,32285400,40039800
NIFTY25092325300CE,buy,current,2025-09-17T13:20:00+05:30,160.5,2025-09-17T13:40:00+05:30,154.4,candle_reversal,1,65,-396.49999999999966,10.1625,10.1775,5.197359201236823,4.1329491799786044,1.4286899354686702,1.5440563251860853,8260800,7581075
NIFTY25092325400CE,buy,current,2025-09-18T11:05:00+05:30,132.4,2025-09-18T11:41:00+05:30,125.15,candle_reversal,1,65,-471.25,9.9825,9.97,4.866312220840302,5.725074212803098,1.8724850598070406,1.9091209906319397,9087150,9120225
NIFTY25092325400PE,buy,current,2025-09-18T13:05:00+05:30,88.65,2025-09-18T13:25:00+05:30,76.95,candle_reversal,1,65,-760.5000000000002,10.0725,10.0425,10.181530256026639,7.462610186634852,1.2000867983797636,1.1564459348340015,11759025,11410050
NIFTY25092325400PE,buy,current,2025-09-18T14:10:00+05:30,79.15,2025-09-18T15:06:00+05:30,51.45,stop,1,65,-1800.5000000000002,10.05,9.9025,7.503332899741672,9.578661959422403,1.1644737594746684,1.348388763842061,11642925,11229825
NIFTY25092325300PE,buy,current,2025-09-19T10:00:00+05:30,74.65,2025-09-19T10:22:00+05:30,59.35,candle_reversal,1,65,-994.5000000000002,10.23,10.155,7.808873139679229,6.557651315843072,0.8302997715196956,0.7730470710652013,16457100,15695400
NIFTY25092325300PE,buy,current,2025-09-19T11:05:00+05:30,61.9,2025-09-19T12:11:00+05:30,66.3,candle_reversal,1,65,285.9999999999999,10.1425,10.175,4.639286639525776,4.4894497009122665,0.7707113983746684,0.7118199217147975,16182450,16371675
NIFTY25092325300PE,buy,current,2025-09-19T12:15:00+05:30,63.8,2025-09-19T13:04:00+05:30,52.8,candle_reversal,1,65,-715.0,10.1425,10.0425,4.91751858342006,5.4413818599059445,0.709152071353259,0.7745495231176521,16059075,17299950
NIFTY25092325400CE,buy,current,2025-09-19T13:30:00+05:30,57.1,2025-09-19T15:03:00+05:30,49.9,candle_reversal,1,65,-468.00000000000017,9.98,10.01,4.784625284548651,7.592457021060747,0.8563790965968461,1.1402852305661568,24726000,21301200
NIFTY25092325300PE,buy,current,2025-09-22T11:20:00+05:30,49.5,2025-09-22T11:41:00+05:30,48.4,candle_reversal,1,65,-71.50000000000009,10.435,10.41,4.570645746853825,5.466098233963998,1.181502026209147,0.9964811026690045,30354750,26132400
NIFTY25092325300PE,buy,current,2025-09-22T13:25:00+05:30,44.95,2025-09-22T15:09:00+05:30,101.6,eod_square_off,1,65,3682.2499999999995,10.365,10.59,5.84490441053063,10.053553188157286,1.0544881240621853,0.566870554527083,28045275,7898925
NIFTY25092325100PE,buy,current,2025-09-23T09:45:00+05:30,28.5,2025-09-23T10:07:00+05:30,18.55,stop,1,65,-646.75,10.73,10.675,12.141400616282596,9.174939794733604,0.41066733585332166,0.4277325051569116,15651300,20108100
NIFTY25092325100PE,buy,current,2025-09-23T10:20:00+05:30,27.25,2025-09-23T11:04:00+05:30,17.7,stop,1,65,-620.75,10.795,10.775,7.860888439945114,7.145022675723858,0.46989006156058954,0.46306218605471394,21928875,24911325
NIFTY25092325250CE,buy,current,2025-09-23T12:40:00+05:30,31.4,2025-09-23T12:42:00+05:30,20.4,stop,1,65,-715.0,10.625,10.6,9.922085798507847,10.358171464767262,0.7963363518608915,0.7963363518608915,20643825,20643825
NIFTY25092325300CE,buy,current,2025-09-23T13:35:00+05:30,11.15,2025-09-23T13:36:00+05:30,7.25,stop,1,65,-253.50000000000003,10.605,10.6375,9.73408761108865,9.979902072826292,0.9238029630377106,0.9238029630377106,28161150,28161150
NIFTY25092325300CE,buy,current,2025-09-23T14:10:00+05:30,14.0,2025-09-23T14:13:00+05:30,9.1,stop,1,65,-318.5,10.6075,10.595,9.56709401314861,9.732453199436065,1.0813315303417161,1.0314175267515575,29723025,31016475
NIFTY25093024800PE,buy,current,2025-09-24T10:50:00+05:30,23.7,2025-09-24T11:14:00+05:30,26.4,candle_reversal,1,65,175.49999999999994,10.67,10.71,5.86564192523928,7.073275331485242,7.450996704838341,7.232384544676535,5132325,5378475
NIFTY25093024800PE,buy,current,2025-09-24T11:15:00+05:30,25.35,2025-09-24T11:29:00+05:30,24.75,candle_reversal,1,65,-39.00000000000009,10.7275,10.72,7.073275331485242,5.388130541110412,7.220396510705789,7.289471593166468,5378475,5370225
NIFTY25093024800CE,buy,current,2025-09-24T13:15:00+05:30,408.0,2025-09-24T14:00:00+05:30,384.55,candle_reversal,1,65,-1524.2499999999993,10.505,10.52,6.4604621426561915,7.267672018618737,7.936782647247171,8.37204740770292,1139325,1109625
NIFTY25093024800PE,buy,current,2025-09-24T14:10:00+05:30,18.75,2025-09-24T14:39:00+05:30,19.0,candle_reversal,1,65,16.25,10.565,10.5025,6.858629614664266,7.438871921271852,8.410347755156398,8.402608594772866,5661450,5638425
NIFTY25093024800PE,buy,current,2025-09-25T09:50:00+05:30,21.2,2025-09-25T10:10:00+05:30,20.3,candle_reversal,1,65,-58.49999999999991,10.6275,10.6,11.451017599998194,8.60924660151481,7.932137297756254,7.895075476367236,6197925,6560400
NIFTY25093024800PE,buy,current,2025-09-25T10:40:00+05:30,23.65,2025-09-25T10:51:00+05:30,23.6,candle_reversal,1,65,-3.2499999999998153,10.6675,10.6675,8.332831131733084,7.797282656337353,7.630412378832912,7.615556997110338,6625125,6780075
NIFTY25093024800PE,buy,current,2025-09-26T10:10:00+05:30,72.0,2025-09-26T10:25:00+05:30,65.55,candle_reversal,1,65,-419.25000000000017,11.0025,10.93,8.738733146671064,7.6767790275416115,3.0795276314579585,2.7518655474966014,21096900,20094825
NIFTY25093024800PE,buy,current,2025-09-26T11:05:00+05:30,78.5,2025-09-26T11:51:00+05:30,77.0,candle_reversal,1,65,-97.5,10.9775,10.9375,6.466352399492956,7.688039740971449,2.4863390073097174,1.9274467188191067,19975950,16429125
NIFTY25093024800PE,buy,current,2025-09-26T12:05:00+05:30,80.25,2025-09-26T12:24:00+05:30,73.6,candle_reversal,1,65,-432.25000000000034,10.96,10.955,8.228922424174323,6.446158581080809,2.0800794819275805,1.9964617617413052,17567550,17387925
NIFTY25093024800CE,buy,current,2025-09-29T10:20:00+05:30,85.75,2025-09-29T10:55:00+05:30,55.75,stop,1,65,-1950.0,11.1575,11.26,8.067086332301773,8.02029122556616,2.251461707771319,2.2583501778053345,18421350,19264875
NIFTY25093024700PE,buy,current,2025-09-29T11:00:00+05:30,32.05,2025-09-29T15:09:00+05:30,68.75,eod_square_off,1,65,2385.5,11.2125,11.485,8.40938118735391,10.389084395544232,2.138295176255289,1.339355101546457,25358775,15522225
NIFTY25093024600PE,buy,current,2025-09-30T09:40:00+05:30,28.75,2025-09-30T10:54:00+05:30,36.6,candle_reversal,1,65,510.2500000000001,11.525,11.73,13.240453804191109,6.997994503626934,1.008348512779596,0.8078859079523465,19026825,22437975
NIFTY25093024600PE,buy,current,2025-09-30T10:55:00+05:30,30.6,2025-09-30T11:11:00+05:30,19.9,stop,1,65,-695.5000000000002,11.6675,11.5475,6.997994503626934,6.870816356530193,0.7839334268612789,0.8848951358221865,21823050,23897325
NIFTY25093024600PE,buy,current,2025-09-30T11:55:00+05:30,26.25,2025-09-30T12:05:00+05:30,17.05,stop,1,65,-598.0,11.63,11.51,5.6652356082256885,6.49835050067815,1.070604524709912,0.9963100934058107,28758825,29144775
NIFTY25093024700CE,buy,current,2025-09-30T12:30:00+05:30,30.6,2025-09-30T12:48:00+05:30,19.9,stop,1,65,-695.5000000000002,11.5025,11.45,6.32846532826462,7.366843571897417,1.0732721594097114,1.1060209480418468,32780025,33153150
NIFTY25100725000CE,buy,current,2025-10-01T09:50:00+05:30,25.7,2025-10-01T12:21:00+05:30,40.75,candle_reversal,1,65,978.25,10.9175,10.6675,8.975837782756766,7.034147627699061,0.11347199722286508,0.1290114034987051,8313375,8084850
NIFTY25100725000CE,buy,current,2025-10-01T12:25:00+05:30,37.35,2025-10-01T13:47:00+05:30,36.1,candle_reversal,1,65,-81.25,10.75,10.61,6.867154642148423,6.921240709663332,0.1254069388449532,0.11074033265124088,8120325,9044250
NIFTY25100725000CE,buy,current,2025-10-01T13:55:00+05:30,36.5,2025-10-01T15:09:00+05:30,40.5,eod_square_off,1,65,260.0,10.61,10.325,7.602868927318573,9.556394624267432,0.10955900592028003,0.1126676571959934,9034275,8764425
NIFTY25100725000CE,buy,current,2025-10-03T09:50:00+05:30,24.25,2025-10-03T10:44:00+05:30,19.4,candle_reversal,1,65,-315.2500000000001,10.43,10.405,11.890673856206197,7.912278585034236,0.07448316145795726,0.07067978162395397,16034175,17360475
NIFTY25100725000CE,buy,current,2025-10-03T11:10:00+05:30,21.75,2025-10-03T11:40:00+05:30,24.3,candle_reversal,1,65,165.75000000000006,10.3625,10.3075,6.149378553758496,5.684925924496431,0.06724739656628201,0.06955307624887198,18308175,18108375
NIFTY25100725000CE,buy,current,2025-10-03T11:45:00+05:30,22.7,2025-10-03T14:10:00+05:30,19.85,candle_reversal,1,65,-185.24999999999986,10.3725,10.2025,5.665756958807484,5.661338613470598,0.06940674787826594,0.06752984608846925,18098025,19613850
NIFTY25100725000CE,buy,current,2025-10-06T09:45:00+05:30,35.55,2025-10-06T10:44:00+05:30,47.95,candle_reversal,1,65,806.0000000000003,10.315,10.3175,10.442203664508579,6.225351864916957,0.10085945606212182,0.20518284524101135,23612100,23186250
NIFTY25100725000CE,buy,current,2025-10-06T11:00:00+05:30,52.15,2025-10-06T13:51:00+05:30,105.75,candle_reversal,1,65,3484.0,10.28,10.3525,6.649936778375355,9.150257930285028,0.21875639311411424,0.5746367671300009,23192400,11098200
NIFTY25100725200CE,buy,current,2025-10-07T09:45:00+05:30,21.35,2025-10-07T10:09:00+05:30,43.5,candle_reversal,1,65,1439.75,10.345,10.425,9.721531762800717,9.083471875918097,0.6945641565891926,0.9732099313874464,26499900,26296575
NIFTY25100725200CE,buy,current,2025-10-07T11:30:00+05:30,12.4,2025-10-07T11:35:00+05:30,8.05,stop,1,65,-282.75,10.3275,10.3925,9.586012103239698,10.786892431887894,0.5641991663704805,0.5741182449227015,41166675,42258750
NIFTY25101425100PE,buy,current,2025-10-08T10:25:00+05:30,75.45,2025-10-08T10:36:00+05:30,79.0,candle_reversal,1,65,230.74999999999983,10.1525,10.1225,9.146002470654484,8.88872742668989,0.8854627928919448,0.8008403380927634,12568050,11894400
NIFTY25101425100PE,buy,current,2025-10-08T10:55:00+05:30,85.8,2025-10-08T11:52:00+05:30,116.35,candle_reversal,1,65,1985.7499999999998,10.1275,10.3725,6.6720515339704844,7.071697814549836,0.7454264766911053,0.42144385403624296,12302475,6428400
NIFTY25101425000PE,buy,current,2025-10-08T11:55:00+05:30,72.95,2025-10-08T12:10:00+05:30,79.55,candle_reversal,1,65,428.99999999999966,10.375,10.4075,7.688096584994502,6.736040113696103,0.40653946271939245,0.42068479558233507,10734825,11677200
NIFTY25101425200CE,buy,current,2025-10-08T13:20:00+05:30,75.7,2025-10-08T14:50:00+05:30,49.2,stop,1,65,-1722.5,10.2725,10.3525,9.96903689738633,9.42252268350863,0.4676910715172417,0.5388367185673402,16615650,14597475
NIFTY25101425100PE,buy,current,2025-10-09T09:45:00+05:30,105.9,2025-10-09T11:01:00+05:30,68.85,stop,1,65,-2408.250000000001,10.4125,10.34,12.200342178394324,8.897742315045337,0.563006762093597,0.6126608689799455,10718250,11411850
NIFTY25101425200CE,buy,current,2025-10-09T11:05:00+05:30,73.6,2025-10-09T11:18:00+05:30,83.95,candle_reversal,1,65,672.7500000000006,10.345,10.3575,8.637733187374028,8.459752601174126,0.6759869249169973,0.8961723608849952,13695900,12418275
NIFTY25101425200CE,buy,current,2025-10-09T11:25:00+05:30,90.45,2025-10-09T11:42:00+05:30,95.2,candle_reversal,1,65,308.75,10.395,10.32,8.192923088902477,8.253752443565412,0.8928746108873825,0.9843750375542283,13002600,12587775
NIFTY25101425300CE,buy,current,2025-10-10T09:50:00+05:30,93.5,2025-10-10T10:25:00+05:30,98.4,candle_reversal,1,65,318.50000000000034,10.325,10.2775,9.980618925091616,8.26519007203753,1.6237179516648814,1.864005787495762,13790325,14391375
NIFTY25101425300CE,buy,current,2025-10-10T10:35:00+05:30,103.3,2025-10-10T11:10:00+05:30,108.35,candle_reversal,1,65,328.24999999999983,10.2725,10.2175,7.485336780340195,6.69032757115573,1.821844073516669,2.159428934618285,15208725,13384800
NIFTY25101425200PE,buy,current,2025-10-13T10:05:00+05:30,72.35,2025-10-13T10:30:00+05:30,62.0,candle_reversal,1,65,-672.7499999999997,11.19,11.065,8.984947995313329,8.49988510551353,1.0340563930904503,0.8984572016696946,23047500,21345375
NIFTY25101425200PE,buy,current,2025-10-13T11:20:00+05:30,78.45,2025-10-13T12:57:00+05:30,59.15,candle_reversal,1,65,-1254.5000000000002,11.155,11.0425,6.46675844486542,7.1866133195278525,0.886841713226264,0.8485088741120892,21937725,21859350
NIFTY25101425200PE,buy,current,2025-10-13T13:05:00+05:30,64.65,2025-10-13T13:40:00+05:30,57.8,candle_reversal,1,65,-445.25000000000057,11.0825,11.01,8.25727630781343,7.995272365841586,0.8670543798512228,0.8291349775402137,23209950,22473750
NIFTY25101425200CE,buy,current,2025-10-13T14:05:00+05:30,75.1,2025-10-13T15:09:00+05:30,77.65,eod_square_off,1,65,165.75000000000074,11.025,11.045,8.552030111612323,7.469229522722126,0.837241668139474,0.9997898994529305,28087425,16789425
NIFTY25101425200PE,buy,current,2025-10-14T09:55:00+05:30,36.3,2025-10-14T10:26:00+05:30,48.75,candle_reversal,1,65,809.2500000000002,11.1275,11.4025,10.893811272201205,10.765462835928895,0.775646416483435,0.5659770038232844,24666225,18908550
NIFTY25101425200PE,buy,current,2025-10-14T10:30:00+05:30,46.95,2025-10-14T10:46:00+05:30,30.5,stop,1,65,-1069.2500000000002,11.3725,11.2275,10.136997758941577,10.931972435220596,0.576613897164271,0.6303728670162161,20114925,23563650
NIFTY25101425200PE,buy,current,2025-10-14T10:55:00+05:30,39.2,2025-10-14T12:35:00+05:30,107.5,candle_reversal,1,65,4439.5,11.2575,11.4925,9.297059886982044,8.794601678653542,0.6479266383979868,0.5027265959985412,24336300,9501600
NIFTY25102826100CE,buy,current,2025-10-23T10:15:00+05:30,159.25,2025-10-23T12:20:00+05:30,149.95,candle_reversal,1,65,-604.5000000000007,11.955,11.84,8.013617009289693,6.4728440190858985,1.2289319936723972,1.4140950754167365,9639150,9743100
NIFTY25102826000PE,buy,current,2025-10-23T14:00:00+05:30,87.45,2025-10-23T14:43:00+05:30,73.5,candle_reversal,1,65,-906.7500000000002,11.67,11.7025,9.159884627391724,13.046162585733896,1.1792274246706607,0.8808624981856459,13987500,10081575
NIFTY25102825900PE,buy,current,2025-10-24T09:55:00+05:30,90.6,2025-10-24T12:39:00+05:30,99.25,candle_reversal,1,65,562.2500000000003,11.83,11.6775,11.79389852723206,7.3711581176097924,0.9194130787750328,0.6612296549658544,16523325,10820700
NIFTY25102825800PE,buy,current,2025-10-24T12:40:00+05:30,61.8,2025-10-24T13:55:00+05:30,120.05,candle_reversal,1,65,3786.25,11.635,11.7575,7.3711581176097924,9.460101891468172,0.6459520559741104,0.37863456186923905,19142775,10353450
NIFTY25102825700PE,buy,current,2025-10-24T14:00:00+05:30,72.9,2025-10-24T14:28:00+05:30,54.2,candle_reversal,1,65,-1215.5000000000002,11.7725,11.625,9.656122972777391,8.683204853811663,0.3847375344438444,0.41485238282546777,12239025,13853475
NIFTY25102826000CE,buy,current,2025-10-27T09:45:00+05:30,89.35,2025-10-27T13:19:00+05:30,64.7,candle_reversal,1,65,-1602.2499999999995,12.305,12.565,11.577039131270444,7.515404893759686,1.048946944110128,1.3053107776253214,18146175,20217300
NIFTY25102826000CE,buy,current,2025-10-27T13:55:00+05:30,73.1,2025-10-27T14:49:00+05:30,59.9,candle_reversal,1,65,-857.9999999999998,12.4175,11.9725,7.285878610806625,7.812483114237769,1.0921995134632458,1.170638065633676,22755525,19944000
NIFTY25102825900PE,buy,current,2025-10-28T10:05:00+05:30,57.55,2025-10-28T10:44:00+05:30,61.3,candle_reversal,1,65,243.75,12.4175,12.515,13.98945952003987,9.054216468736804,0.8714828500176266,0.6061534482637166,19318050,16580775
NIFTY25102825900PE,buy,current,2025-10-28T10:45:00+05:30,58.2,2025-10-28T12:36:00+05:30,37.85,stop,1,65,-1322.75,12.485,12.31,9.054216468736804,10.266911076794258,0.6061534482637166,0.5984883024567083,16580775,14451975
NIFTY25102826000CE,buy,current,2025-10-28T12:45:00+05:30,23.15,2025-10-28T13:05:00+05:30,15.05,stop,1,65,-526.4999999999999,12.26,12.1625,9.76972073464581,11.68222743879797,0.6719893406556923,0.7942001491329997,34156350,33456150
NIFTY25102825900PE,buy,current,2025-10-28T13:45:00+05:30,35.0,2025-10-28T14:36:00+05:30,64.2,candle_reversal,1,65,1898.0000000000002,12.12,12.2975,10.219636732644352,14.051050115778404,0.7988371862458072,0.6090723777313436,28488675,10747350
NIFTY25110425950CE,buy,current,2025-10-29T10:10:00+05:30,217.7,2025-10-29T10:50:00+05:30,254.4,candle_reversal,1,65,2385.500000000001,11.95,12.045,8.550138925653242,7.148268528354239,4.027595347659682,5.732039994605737,2740425,1662525
NIFTY25110425950CE,buy,current,2025-10-29T10:55:00+05:30,245.15,2025-10-29T11:35:00+05:30,246.7,candle_reversal,1,65,100.74999999999889,11.9625,11.9675,7.001382169885488,6.802523455028475,5.760160417546149,5.706458666616181,1662675,1778925
NIFTY25110425950CE,buy,current,2025-10-29T11:40:00+05:30,243.45,2025-10-29T14:49:00+05:30,234.35,candle_reversal,1,65,-591.4999999999997,11.9625,11.9775,6.696589244040792,7.5047269914471455,5.777905104650062,7.555005900513762,1792350,1210800
NIFTY25110425900PE,buy,current,2025-10-30T09:55:00+05:30,131.75,2025-10-30T10:04:00+05:30,119.45,candle_reversal,1,65,-799.4999999999998,12.27,12.1625,10.485839352397177,8.622244030234857,3.0300134490512116,2.6064743329269944,6972225,6764850
NIFTY25110425900PE,buy,current,2025-10-30T10:20:00+05:30,107.6,2025-10-30T11:14:00+05:30,91.25,candle_reversal,1,65,-1062.7499999999995,12.0825,12.0525,10.130371564853165,6.8662908913373615,3.2986455693506826,2.9348486826997116,8000100,8850375
NIFTY25110425900PE,buy,current,2025-10-30T11:40:00+05:30,93.15,2025-10-30T12:24:00+05:30,100.6,candle_reversal,1,65,484.24999999999926,12.025,12.0075,6.8834002043701314,6.941679366986555,3.5314859269192773,2.5940506951159583,9499875,8779350
NIFTY25110425900PE,buy,current,2025-10-31T10:05:00+05:30,90.85,2025-10-31T10:45:00+05:30,127.35,candle_reversal,1,65,2372.5,11.99,12.095,10.3776987165966,8.536096204092754,3.2753827506021524,1.4599231927710843,18968025,9065775
NIFTY25110425800PE,buy,current,2025-10-31T10:50:00+05:30,82.05,2025-10-31T11:35:00+05:30,89.55,candle_reversal,1,65,487.5,12.1,12.1175,7.83987905261069,6.951362669121288,1.5046777444607249,1.1897679916015946,13518525,12842700
NIFTY25110425700PE,buy,current,2025-11-03T10:05:00+05:30,62.6,2025-11-03T10:39:00+05:30,46.4,candle_reversal,1,65,-1053.0000000000002,12.8025,12.7875,11.30059614475048,8.994908555975453,1.3656908147736013,1.2882830909313407,23502300,22725900
NIFTY25110425700PE,buy,current,2025-11-03T11:40:00+05:30,59.25,2025-11-03T11:57:00+05:30,55.5,candle_reversal,1,65,-243.75,12.5675,12.5475,5.833445904191904,7.2661800127480225,1.3245953231816865,1.148858538385349,24035400,22416600
NIFTY25110425800CE,buy,current,2025-11-03T14:00:00+05:30,71.6,2025-11-03T14:49:00+05:30,55.15,candle_reversal,1,65,-1069.2499999999998,12.66,12.69,8.030971864566832,6.850069532482736,1.2616853078528556,1.384433479032919,21632850,20115525
NIFTY25110425700PE,buy,current,2025-11-04T10:20:00+05:30,57.1,2025-11-04T10:25:00+05:30,44.9,candle_reversal,1,65,-793.0000000000002,12.83,12.7375,7.965390201513422,7.435356662505417,0.7766230371325591,0.8104330899859434,24129300,24738675
NIFTY25110425600PE,buy,current,2025-11-04T11:25:00+05:30,22.1,2025-11-04T11:57:00+05:30,14.35,stop,1,65,-503.7500000000001,12.685,12.7125,7.507580435641436,6.454666269473032,0.7381267277986776,0.6613189247403944,24083925,25948425
NIFTY25111125600PE,buy,current,2025-11-06T09:45:00+05:30,100.55,2025-11-06T11:49:00+05:30,124.0,candle_reversal,1,65,1524.2500000000002,12.5425,12.45,12.620110932358928,5.47591037800341,0.5073644857095783,0.31395999945192216,9296625,7576500
NIFTY25111125600PE,buy,current,2025-11-06T11:50:00+05:30,123.05,2025-11-06T12:19:00+05:30,125.85,candle_reversal,1,65,181.99999999999983,12.4525,12.5825,5.47591037800341,6.661031687149403,0.31395908598884664,0.3350730376380429,7576500,7968900
NIFTY25111125600PE,buy,current,2025-11-06T12:30:00+05:30,131.4,2025-11-06T15:09:00+05:30,134.75,eod_square_off,1,65,217.74999999999963,12.56,12.4125,7.507458881928467,8.818615469141587,0.32437186969659343,0.2762983285235261,7834575,6268050
NIFTY25111125600PE,buy,current,2025-11-07T09:55:00+05:30,259.75,2025-11-07T10:43:00+05:30,222.5,candle_reversal,1,65,-2421.25,12.3775,12.2975,12.41121367320053,7.649584514491434,0.14877753748029765,0.14152133663512326,3462300,3383025
NIFTY25111125600CE,buy,current,2025-11-07T12:45:00+05:30,51.7,2025-11-07T14:01:00+05:30,46.95,candle_reversal,1,65,-308.75,12.305,12.505,6.515305696709772,8.360240092899547,0.16387092100735745,0.22567342096230614,13712175,12453375
NIFTY25111125600CE,buy,current,2025-11-07T14:25:00+05:30,60.5,2025-11-07T14:52:00+05:30,53.05,candle_reversal,1,65,-484.25000000000017,12.4975,12.565,8.505603636910264,7.055166851724225,0.18507679843923086,0.1885772259690148,12786000,12836550
NIFTY25111125600CE,buy,current,2025-11-10T09:55:00+05:30,77.2,2025-11-10T09:59:00+05:30,64.35,candle_reversal,1,65,-835.2500000000006,12.5475,12.6025,10.646132911728827,10.165005981872715,0.27002307389137586,0.2812142913402524,21269625,20885475
NIFTY25111125600CE,buy,current,2025-11-10T10:20:00+05:30,85.05,2025-11-10T11:34:00+05:30,95.15,candle_reversal,1,65,656.5000000000006,12.505,12.4675,8.88403231005916,5.3572435718196525,0.29410517047469836,0.5534478859583435,21510150,13407150
NIFTY25111125700CE,buy,current,2025-11-10T11:35:00+05:30,43.6,2025-11-10T13:05:00+05:30,38.8,candle_reversal,1,65,-312.0000000000003,12.4675,12.4075,5.3572435718196525,4.877225174922687,0.5534499171933207,0.5883945248286147,16557900,18695775
NIFTY25111125550PE,buy,current,2025-11-11T09:55:00+05:30,76.95,2025-11-11T09:59:00+05:30,62.2,candle_reversal,1,65,-958.75,12.715,12.665,10.176294281173005,9.253523610957362,0.14523434302712673,0.14362940693556364,10547400,10597650
NIFTY25111125550PE,buy,current,2025-11-11T10:15:00+05:30,66.2,2025-11-11T10:54:00+05:30,90.85,candle_reversal,1,65,1602.2499999999995,12.7125,12.865,10.141054245125954,7.417597832384867,0.16878847874817957,0.09837508494152125,13552950,6510375
NIFTY25111125550PE,buy,current,2025-11-11T10:55:00+05:30,88.0,2025-11-11T11:40:00+05:30,74.8,candle_reversal,1,65,-858.0000000000002,12.865,12.67,7.417597832384867,5.683531144634604,0.09873236229753775,0.10328490500597326,6787875,7591050
NIFTY25111125600CE,buy,current,2025-11-11T12:05:00+05:30,18.25,2025-11-11T12:56:00+05:30,14.95,candle_reversal,1,65,-214.50000000000006,12.495,12.635,7.073083279803821,6.688617260445231,0.17378450054432995,0.35250415260186596,36924900,36765600
NIFTY25111125600CE,buy,current,2025-11-11T13:15:00+05:30,31.6,2025-11-11T14:14:00+05:30,52.25,candle_reversal,1,65,1342.25,12.42,12.555,6.421374751438397,8.48989797825949,0.37808117946091785,0.8209787302629381,39790575,14515575
NIFTY25111826000CE,buy,current,2025-11-12T09:45:00+05:30,87.9,2025-11-12T12:01:00+05:30,98.4,candle_reversal,1,65,682.5,11.9525,11.8575,13.166424805722249,4.838263130514115,0.5729643908787972,1.1012082466606652,9350400,9039000
NIFTY25111826000CE,buy,current,2025-11-12T12:10:00+05:30,104.2,2025-11-12T12:55:00+05:30,110.3,candle_reversal,1,65,396.49999999999966,12.0975,12.08,4.715298782471686,4.897729977161295,1.110906035182497,1.3155466218428051,9171825,8393550
NIFTY25111825900CE,buy,current,2025-11-13T09:50:00+05:30,142.45,2025-11-13T09:55:00+05:30,125.0,candle_reversal,1,65,-1134.2499999999993,11.9775,12.045,9.576102820295509,8.849359300218172,0.7519201492622735,0.8135231463298751,8798100,8532075
NIFTY25111825900CE,buy,current,2025-11-13T10:10:00+05:30,149.75,2025-11-13T12:34:00+05:30,185.65,candle_reversal,1,65,2333.5000000000005,11.9075,12.145,7.985585250947179,4.989370047402068,0.7938612718893486,1.411447879406301,9010050,4471650
NIFTY25111826000CE,buy,current,2025-11-13T12:35:00+05:30,123.85,2025-11-13T13:50:00+05:30,135.7,candle_reversal,1,65,770.2499999999997,12.1475,12.095,4.989370047402068,6.1325202417467635,1.411447879406301,1.5033282810131725,9199050,8813100
NIFTY25111825800PE,buy,current,2025-11-13T14:05:00+05:30,71.5,2025-11-13T15:09:00+05:30,90.85,eod_square_off,1,65,1257.7499999999995,12.1325,12.225,10.251427569030609,8.56511462845718,1.127262877364673,0.8044761218127068,10239225,8416950
NIFTY25111825800PE,buy,current,2025-11-14T09:40:00+05:30,92.75,2025-11-14T10:52:00+05:30,106.2,candle_reversal,1,65,874.2500000000002,12.135,12.275,14.569922997217086,8.166844487369508,0.6161844755138585,0.36917944984307566,15084000,12676725
NIFTY25111825800PE,buy,current,2025-11-14T10:55:00+05:30,85.5,2025-11-14T11:12:00+05:30,66.65,candle_reversal,1,65,-1225.2499999999995,12.1725,12.0075,10.098452644721567,8.94209690622281,0.3961652671114,0.475448663518295,12749625,15004500
NIFTY25111825800PE,buy,current,2025-11-14T11:20:00+05:30,86.3,2025-11-14T12:27:00+05:30,73.65,candle_reversal,1,65,-822.2499999999994,12.0625,12.025,9.730904498116148,7.4908113805860035,0.5027842760882171,0.42624456524137355,15134175,14761200
NIFTY25111826000CE,buy,current,2025-11-17T12:00:00+05:30,71.8,2025-11-17T15:09:00+05:30,73.75,eod_square_off,1,65,126.75000000000018,11.885,11.79,5.168353014274277,5.132524362502356,0.8275152762197738,1.138554696068671,28638600,24478800
NIFTY25111825900PE,buy,current,2025-11-18T09:40:00+05:30,35.15,2025-11-18T10:05:00+05:30,47.0,candle_reversal,1,65,770.2500000000001,11.9225,12.1175,8.622244579341801,7.69504280930496,0.9647021305195608,0.5837620774624559,27314250,21925050
NIFTY25111825900PE,buy,current,2025-11-18T10:15:00+05:30,53.75,2025-11-18T10:20:00+05:30,41.4,candle_reversal,1,65,-802.7500000000001,12.2475,12.1925,6.167027493318993,6.049161576224459,0.5941174459512308,0.5823158321508211,23589525,23750025
NIFTY25111826000CE,buy,current,2025-11-18T11:20:00+05:30,20.45,2025-11-18T11:27:00+05:30,18.0,candle_reversal,1,65,-159.24999999999994,12.0525,12.06,4.622813795999649,4.358926752204739,0.7414333025435376,0.7880363991456806,47952000,47274000
NIFTY25111826000CE,buy,current,2025-11-18T11:45:00+05:30,23.8,2025-11-18T12:27:00+05:30,15.45,stop,1,65,-542.7500000000001,12.04,12.1075,4.354709611908336,5.9733906045471175,0.8276893778580029,1.0250933508443594,48140925,42109725
NIFTY25111826000CE,buy,current,2025-11-18T13:20:00+05:30,19.7,2025-11-18T13:55:00+05:30,13.9,candle_reversal,1,65,-376.99999999999994,12.1075,12.0475,5.864280785184543,5.480801644530432,0.9297851566756602,1.0068353385338444,51507900,51652050
NIFTY25112526000CE,buy,current,2025-11-19T10:15:00+05:30,137.95,2025-11-19T10:41:00+05:30,136.2,candle_reversal,1,65,-113.75,11.8275,11.825,7.2870932229050345,5.016504176727682,1.1418640518114664,1.4181396265858834,16937100,16663650
NIFTY25112526000CE,buy,current,2025-11-19T10:55:00+05:30,134.25,2025-11-19T10:59:00+05:30,128.2,candle_reversal,1,65,-393.25000000000074,11.855,11.8675,5.842785980341057,5.721526902850639,1.3740906543012452,1.3709574862942433,17297625,17332350
NIFTY25112525900PE,buy,current,2025-11-19T11:10:00+05:30,119.0,2025-11-19T11:20:00+05:30,112.3,candle_reversal,1,65,-435.50000000000017,11.8575,11.8375,5.919816598983084,5.984149706824967,1.321163643260833,1.1902830067581387,15148950,14291475
NIFTY25112526100CE,buy,current,2025-11-20T10:30:00+05:30,149.0,2025-11-20T10:57:00+05:30,154.9,candle_reversal,1,65,383.50000000000034,11.895,11.835,6.106682922498527,4.698388474410514,1.6701448071732423,2.065668549656195,14466900,11297250
NIFTY25112526100CE,buy,current,2025-11-20T11:00:00+05:30,148.5,2025-11-20T11:39:00+05:30,158.6,candle_reversal,1,65,656.4999999999997,11.85,11.82,4.76417169477233,3.8343879627793997,2.0685550175422645,2.0599354856598855,11242575,11669700
NIFTY25112526100CE,buy,current,2025-11-20T11:40:00+05:30,158.5,2025-11-20T13:08:00+05:30,166.8,candle_reversal,1,65,539.5000000000007,11.8125,11.8225,3.8343879627793997,4.395334885182661,2.091770581012134,2.7975460413897855,11511900,8046450
NIFTY25112526100PE,buy,current,2025-11-21T09:50:00+05:30,97.35,2025-11-21T11:11:00+05:30,102.85,candle_reversal,1,65,357.5,13.2625,13.7125,10.332920213278914,6.75864910273937,2.8357699313581213,1.8046066281456363,15683625,12804975
NIFTY25112526000PE,buy,current,2025-11-21T11:15:00+05:30,59.0,2025-11-21T11:47:00+05:30,63.05,candle_reversal,1,65,263.24999999999983,13.685,13.665,6.8049023610491535,6.139959626388223,1.8169141027363518,1.9259059426887066,17916375,18715200
NIFTY25112526000PE,buy,current,2025-11-21T11:50:00+05:30,62.2,2025-11-21T12:05:00+05:30,55.8,candle_reversal,1,65,-416.00000000000034,13.6275,13.645,5.749506004385466,5.102480141839021,1.9296145365385762,1.9600296712958853,18757500,18978225
NIFTY25112526100CE,buy,current,2025-11-21T12:15:00+05:30,127.75,2025-11-21T13:18:00+05:30,117.0,candle_reversal,1,65,-698.75,13.6025,13.395,5.057169764057617,6.594168713512479,2.009265506032436,3.019414928239008,18204000,11013000
NIFTY25112526100CE,buy,current,2025-11-21T14:00:00+05:30,128.75,2025-11-21T15:09:00+05:30,98.2,eod_square_off,1,65,-1985.7499999999998,13.44,13.69,6.376476727206506,6.992360040959149,2.44029852075168,2.077896749099428,13648500,13378500
NIFTY25112526100CE,buy,current,2025-11-24T10:10:00+05:30,100.85,2025-11-24T11:01:00+05:30,86.1,candle_reversal,1,65,-958.75,12.9275,12.94,6.880335900373227,5.66354548744395,1.6872577316585804,2.1342848154936127,23673975,20169975
NIFTY25112526100PE,buy,current,2025-11-24T11:55:00+05:30,72.45,2025-11-24T12:02:00+05:30,68.65,candle_reversal,1,65,-246.99999999999983,12.845,12.915,6.045460098833838,6.423742795324182,1.7120050849939117,1.5337369962167768,18942450,17825325
NIFTY25112526000PE,buy,current,2025-11-24T14:05:00+05:30,45.15,2025-11-24T14:14:00+05:30,43.7,candle_reversal,1,65,-94.24999999999972,12.795,12.7825,6.580385575385468,7.0744418856725435,1.36458535094524,1.2436186619866827,19657725,19660200
NIFTY25112526000PE,buy,current,2025-11-24T14:20:00+05:30,53.15,2025-11-24T15:09:00+05:30,73.5,eod_square_off,1,65,1322.75,12.8225,13.265,7.919106438271557,9.768795811719965,1.2103456895902818,1.0246288665053085,19202700,15436425
NIFTY25112525900PE,buy,current,2025-11-25T09:50:00+05:30,28.9,2025-11-25T09:54:00+05:30,18.8,stop,1,65,-656.4999999999999,12.4025,12.3325,9.346083773646445,9.745268029259506,1.0764084120130857,1.0455484860109312,23495025,23371950
NIFTY25112526000PE,buy,current,2025-11-25T10:50:00+05:30,52.35,2025-11-25T11:50:00+05:30,56.3,candle_reversal,1,65,256.7499999999997,12.4925,12.5775,6.025409119626799,5.836756402728699,1.3538172925484708,1.0138352054048212,29025150,19013475
NIFTY25112525900PE,buy,current,2025-11-25T11:55:00+05:30,13.5,2025-11-25T12:36:00+05:30,12.95,candle_reversal,1,65,-35.75000000000004,12.46,12.6475,5.637044450706327,7.269986594297655,1.003473193384919,1.1202147618078573,29244450,32952750
NIFTY25112526000CE,buy,current,2025-11-25T13:30:00+05:30,38.15,2025-11-25T13:41:00+05:30,24.8,stop,1,65,-867.7499999999999,12.5475,12.4075,7.595035206539867,7.718647264664672,1.246216957077853,1.2409418866026376,33726300,34161900
NIFTY25112526000CE,buy,current,2025-11-25T14:05:00+05:30,37.6,2025-11-25T14:18:00+05:30,24.45,stop,1,65,-854.7500000000001,12.4375,12.445,7.827975572563086,7.506299990378369,1.2787271759598025,1.2823889900546295,33891450,32560050
NIFTY25120226100CE,buy,current,2025-11-26T09:50:00+05:30,160.0,2025-11-26T10:53:00+05:30,169.0,candle_reversal,1,65,585.0,11.9725,11.875,8.335228115577156,7.776291272016712,0.7440945007429705,1.1469537725639174,6772875,7885125
NIFTY25120226200CE,buy,current,2025-11-26T10:55:00+05:30,114.0,2025-11-26T11:13:00+05:30,118.6,candle_reversal,1,65,298.99999999999966,11.6375,11.6475,7.502984752586999,6.348646567887079,1.1447260101803556,1.175128074988078,7872525,7865325
NIFTY25120226150CE,buy,current,2025-11-26T11:15:00+05:30,148.0,2025-11-26T15:09:00+05:30,180.05,eod_square_off,1,65,2083.250000000001,11.7425,12.0025,6.202314670181067,7.545336363856906,1.175128074988078,1.5370131523265675,3889200,3103425
NIFTY25120226300CE,buy,current,2025-11-27T10:00:00+05:30,131.75,2025-11-27T10:26:00+05:30,118.25,candle_reversal,1,65,-877.5,11.815,12.045,9.912501500446101,7.97069026768798,1.2578640587669805,1.5081767918260147,12229050,11428800
NIFTY25120226300CE,buy,current,2025-11-27T10:50:00+05:30,140.55,2025-11-27T10:55:00+05:30,124.2,candle_reversal,1,65,-1062.7500000000005,12.1125,12.09,6.592033400075954,6.898398041232383,1.5172622947916483,1.6654198261954236,11386875,10099200
NIFTY25120226300CE,buy,current,2025-11-27T12:50:00+05:30,101.8,2025-11-27T13:08:00+05:30,85.2,candle_reversal,1,65,-1078.9999999999995,11.9025,12.0125,6.234621930337087,6.254402618650574,1.2005451084157266,1.241143721093393,13423125,12982875
NIFTY25120226200PE,buy,current,2025-11-27T13:15:00+05:30,122.95,2025-11-27T13:55:00+05:30,103.45,candle_reversal,1,65,-1267.5,11.9675,11.8725,8.5517626118429,7.958163872541512,1.1141300413404203,0.8572652946151678,9957750,8093325
NIFTY25120226300CE,buy,current,2025-11-28T09:55:00+05:30,86.6,2025-11-28T10:15:00+05:30,78.0,candle_reversal,1,65,-558.9999999999997,11.16,11.245,10.04673399476701,7.640768775376422,1.2915107759412259,1.4782855424740555,16105950,16618425
NIFTY25120226300CE,buy,current,2025-11-28T10:35:00+05:30,84.8,2025-11-28T11:24:00+05:30,76.25,candle_reversal,1,65,-555.7499999999998,11.2,11.15,6.903286150133339,7.001364879724919,1.320605881188233,1.6123475064012243,17597625,16960050
NIFTY25120226300CE,buy,current,2025-11-28T11:50:00+05:30,77.25,2025-11-28T13:03:00+05:30,61.35,candle_reversal,1,65,-1033.5,11.2425,11.2425,6.745041530374719,6.306470092910204,1.4372031474085154,1.2584676316741203,18574125,19269750
NIFTY25120226200PE,buy,current,2025-11-28T13:05:00+05:30,73.2,2025-11-28T13:31:00+05:30,64.15,candle_reversal,1,65,-588.2499999999998,11.2475,11.135,6.445293657702332,6.6101810826242895,1.266525866152061,1.2036002668509453,22432200,21513750
NIFTY25120226200PE,buy,current,2025-11-28T13:45:00+05:30,76.0,2025-11-28T14:32:00+05:30,69.3,candle_reversal,1,65,-435.50000000000017,11.1825,11.46,6.368434581489578,5.877750004558999,1.2197772459930387,1.066134512201073,21240525,20251275
NIFTY25120226200PE,buy,current,2025-12-01T10:55:00+05:30,49.45,2025-12-01T12:53:00+05:30,78.3,candle_reversal,1,65,1875.2499999999995,11.3175,11.7775,6.76223230144708,7.726075157741842,0.9865459236239013,0.6227397030568387,20323950,16093725
NIFTY25120226200PE,buy,current,2025-12-01T13:35:00+05:30,75.7,2025-12-01T14:03:00+05:30,56.65,candle_reversal,1,65,-1238.2500000000002,11.8475,11.54,5.826569388475576,7.3172895646980995,0.6555247552545703,0.676135636335263,17629650,18775275
NIFTY25120226200CE,buy,current,2025-12-01T14:05:00+05:30,81.1,2025-12-01T14:39:00+05:30,61.5,candle_reversal,1,65,-1273.9999999999995,11.565,11.83,7.4267688815055335,6.569786252820829,0.6849487643778679,0.7581137592849658,28101450,25484925
NIFTY25120226100PE,buy,current,2025-12-02T09:45:00+05:30,50.1,2025-12-02T10:22:00+05:30,53.05,candle_reversal,1,65,191.74999999999972,11.2725,11.3325,10.891238123627478,7.01333023265754,0.5985369713555341,0.4581212503285555,25463775,19308975
NIFTY25120226000PE,buy,current,2025-12-02T10:25:00+05:30,16.3,2025-12-02T10:50:00+05:30,10.6,stop,1,65,-370.50000000000006,11.365,11.515,6.503075557750738,6.317071015659146,0.479081770518181,0.5798480151393147,31092525,35500875
NIFTY25120226000PE,buy,current,2025-12-02T11:30:00+05:30,14.75,2025-12-02T12:32:00+05:30,9.6,stop,1,65,-334.75,11.8075,11.8075,5.1505111988195456,5.212812864460261,0.5988873692690195,0.540910222593592,37688550,41361300
NIFTY25120925900PE,buy,current,2025-12-03T10:05:00+05:30,112.3,2025-12-03T11:36:00+05:30,100.8,candle_reversal,1,65,-747.5,11.15,11.0225,9.470514075531513,6.265466385565051,0.7750694150887395,0.6781513350108929,7320000,9537900
NIFTY25120925900PE,buy,current,2025-12-03T12:40:00+05:30,94.75,2025-12-03T13:28:00+05:30,90.25,candle_reversal,1,65,-292.5,11.2525,11.235,6.630866825188138,5.507674306409748,0.8180013945635074,0.801698689902924,10980075,11078625
NIFTY25120925900PE,buy,current,2025-12-03T13:50:00+05:30,102.9,2025-12-03T14:50:00+05:30,89.05,candle_reversal,1,65,-900.2500000000006,11.245,11.1775,6.368146185216105,6.156081888784029,0.7579174687984113,0.7810042491499316,10458750,9731925
NIFTY25120926000CE,buy,current,2025-12-04T09:45:00+05:30,141.55,2025-12-04T09:49:00+05:30,136.65,candle_reversal,1,65,-318.50000000000034,11.18,11.1675,10.611155327282134,9.427350945537134,1.078753817023652,1.1374557092556379,14634300,13957950
NIFTY25120926000CE,buy,current,2025-12-04T10:15:00+05:30,151.7,2025-12-04T10:50:00+05:30,184.05,candle_reversal,1,65,2102.7500000000014,11.1425,10.9925,7.335988017585736,6.205676610852701,1.1958726066308394,1.8796573474418212,13411725,8879550
NIFTY25120926100CE,buy,current,2025-12-04T10:55:00+05:30,120.85,2025-12-04T11:54:00+05:30,84.1,candle_reversal,1,65,-2388.75,11.055,11.07,6.047063194568885,7.532188522560588,1.8860824366256983,1.3537447562563287,8799375,11872200
NIFTY25120926000PE,buy,current,2025-12-04T12:45:00+05:30,99.55,2025-12-04T13:16:00+05:30,92.5,candle_reversal,1,65,-458.24999999999983,11.06,11.055,6.17204353716086,5.977776688640021,1.2253218289910532,1.1679827075442892,14382375,13765950
NIFTY25120926000PE,buy,current,2025-12-04T13:40:00+05:30,103.4,2025-12-04T14:10:00+05:30,89.05,candle_reversal,1,65,-932.7500000000006,11.0175,11.0475,7.04837277160613,8.257476730195854,1.1241835704037386,0.9993853618069609,13392150,12649125
NIFTY25120926100CE,buy,current,2025-12-05T10:05:00+05:30,115.4,2025-12-05T10:30:00+05:30,75.0,stop,1,65,-2626.0000000000005,10.7575,10.65,13.595075095037263,14.569680150856408,1.15997635090669,1.5953514073912598,18241425,14665650
NIFTY25120926100CE,buy,current,2025-12-05T10:45:00+05:30,98.0,2025-12-05T13:06:00+05:30,157.9,candle_reversal,1,65,3893.5000000000005,10.55,10.48,13.173928771677467,6.9484729963041545,1.2500241070075626,3.4363950395392178,18708675,7807800
NIFTY25120926200CE,buy,current,2025-12-05T13:10:00+05:30,93.3,2025-12-05T14:46:00+05:30,60.65,stop,1,65,-2122.25,10.4775,10.4475,6.490304363294643,8.535784354503532,3.424996941262835,2.9707547317201883,14126325,16696800
NIFTY25120926100PE,buy,current,2025-12-08T09:50:00+05:30,66.55,2025-12-08T11:24:00+05:30,64.0,candle_reversal,1,65,-165.74999999999983,10.79,10.6025,10.11111341288722,6.988895959966732,1.67061339796045,1.113195375448214,17856450,16541100
NIFTY25120926000PE,buy,current,2025-12-08T11:25:00+05:30,28.9,2025-12-08T13:05:00+05:30,35.1,candle_reversal,1,65,403.00000000000017,10.605,10.7925,6.988895959966732,6.671894383138649,1.1217131240886788,0.8331784678361105,21639225,24330375
NIFTY25120925700PE,buy,current,2025-12-09T09:50:00+05:30,31.85,2025-12-09T10:03:00+05:30,28.85,candle_reversal,1,65,-195.0,11.66,11.6225,11.782756349208972,10.487465136671075,0.3573259752000324,0.3281284447737273,17383425,19451100
NIFTY25120925800PE,buy,current,2025-12-09T10:35:00+05:30,55.7,2025-12-09T10:59:00+05:30,36.2,stop,1,65,-1267.5,11.38,11.3825,11.990975337414115,8.764357912475859,0.5482812931635174,0.5009843816046607,23596950,23394975
NIFTY25120925800PE,buy,current,2025-12-09T11:45:00+05:30,29.5,2025-12-09T11:56:00+05:30,19.2,stop,1,65,-669.5,11.2625,11.1625,10.101917038922567,9.840977882950389,0.7040288892527263,0.6584633369368318,30889650,32896875
NIFTY25120926000CE,buy,current,2025-12-09T12:25:00+05:30,14.9,2025-12-09T12:32:00+05:30,9.7,stop,1,65,-338.00000000000006,11.165,11.17,7.847267227915728,7.7895446747420305,0.8628536868262214,0.8459058894071043,30713625,32078625
NIFTY25121625900PE,buy,current,2025-12-10T10:00:00+05:30,114.9,2025-12-10T13:13:00+05:30,159.6,candle_reversal,1,65,2905.499999999999,10.8375,10.905,8.987964189402893,6.280429380339041,0.7732475998427374,0.46419873937541783,9616575,4718775
NIFTY25121625800PE,buy,current,2025-12-10T13:15:00+05:30,114.3,2025-12-10T13:19:00+05:30,99.6,candle_reversal,1,65,-955.5000000000002,10.9425,10.89,6.503255853171811,6.998917816036216,0.45839448598748084,0.4662045331492398,8935350,9216750
NIFTY25121625800PE,buy,current,2025-12-10T14:00:00+05:30,116.0,2025-12-10T14:34:00+05:30,122.35,candle_reversal,1,65,412.74999999999966,10.9375,10.8925,7.3029157367219835,9.221444914105296,0.5356282430965414,0.39768704229615637,9949275,7313025
NIFTY25121625700PE,buy,current,2025-12-11T09:40:00+05:30,106.4,2025-12-11T10:07:00+05:30,72.15,candle_reversal,1,65,-2226.25,10.8625,10.625,15.517355553983576,13.745754440530323,0.3956654619216333,0.382376030139695,6988950,8485500
NIFTY25121625800CE,buy,current,2025-12-11T10:15:00+05:30,153.7,2025-12-11T12:35:00+05:30,191.7,candle_reversal,1,65,2470.0,10.6925,10.665,13.338582204225101,8.765817313042808,0.3962735042170545,0.9237038555578334,11861550,4918050
NIFTY25121626000CE,buy,current,2025-12-11T12:40:00+05:30,73.5,2025-12-11T13:10:00+05:30,59.1,candle_reversal,1,65,-935.9999999999999,10.6925,10.655,8.782524424141306,9.045416187334153,0.9305781390583605,0.911498223871412,11574900,11984700
NIFTY25121625900CE,buy,current,2025-12-11T13:40:00+05:30,113.85,2025-12-11T14:02:00+05:30,112.8,candle_reversal,1,65,-68.24999999999982,10.615,10.6275,8.704862016757994,7.664291866701548,0.7891035498081825,0.8525236409372525,10326450,9743850
NIFTY25121626000CE,buy,current,2025-12-12T11:10:00+05:30,101.75,2025-12-12T12:06:00+05:30,103.45,candle_reversal,1,65,110.50000000000018,10.0425,10.235,7.656452310269197,6.124974364977072,0.8173238205931642,1.2263313420700994,25570050,19004550
NIFTY25121626000CE,buy,current,2025-12-12T12:10:00+05:30,94.8,2025-12-12T12:40:00+05:30,106.3,candle_reversal,1,65,747.5,10.0725,10.015,5.951792521812952,5.359748498144712,1.233309177465313,1.3127892880238765,18957750,17879625
NIFTY25121626000CE,buy,current,2025-12-12T13:05:00+05:30,106.85,2025-12-12T14:17:00+05:30,116.35,candle_reversal,1,65,617.5,10.12,10.1625,5.09113308794755,5.145096798367345,1.2742092615444567,1.52593749398669,18415725,15633600
NIFTY25121626000CE,buy,current,2025-12-15T10:50:00+05:30,59.2,2025-12-15T11:09:00+05:30,54.8,candle_reversal,1,65,-286.00000000000034,10.32,10.315,7.241274174790888,5.818439149264579,1.1231081498780782,1.2204131618080696,26059725,25811400
NIFTY25121626000CE,buy,current,2025-12-15T11:30:00+05:30,62.0,2025-12-15T11:34:00+05:30,49.7,candle_reversal,1,65,-799.4999999999998,10.1525,10.1525,5.52926521815071,6.110162656636118,1.2142625575865917,1.2397823407976152,25973475,25595100
NIFTY25121626000CE,buy,current,2025-12-15T11:55:00+05:30,75.65,2025-12-15T13:19:00+05:30,79.8,candle_reversal,1,65,269.74999999999943,10.105,10.105,6.8109856959481805,5.454579406010209,1.4136427260130406,1.6538359065528088,22920525,19899075
NIFTY25121625900PE,buy,current,2025-12-16T10:00:00+05:30,45.1,2025-12-16T10:20:00+05:30,36.25,candle_reversal,1,65,-575.2500000000001,10.205,10.3025,9.10495992476671,7.4205248277648606,0.8563922157216647,0.6589588785249694,34075875,26395425
NIFTY25121625900PE,buy,current,2025-12-16T11:25:00+05:30,35.05,2025-12-16T12:07:00+05:30,39.4,candle_reversal,1,65,282.7500000000001,10.1925,10.29,6.286101383747369,5.654623355873418,0.7172146624421301,0.6505145512166337,31244850,26851875
NIFTY25121625850PE,buy,current,2025-12-16T12:10:00+05:30,17.5,2025-12-16T12:20:00+05:30,13.35,candle_reversal,1,65,-269.75,10.2725,10.2625,5.50577217929887,5.203922170469171,0.6592249047365856,0.6760305473639939,31040100,32388825
NIFTY25122325950PE,buy,current,2025-12-17T09:45:00+05:30,141.4,2025-12-17T10:34:00+05:30,177.4,candle_reversal,1,65,2340.0,9.9775,10.13,10.279570701584488,6.833727595765405,0.24852344434191065,0.14852272817675666,3574950,2104125
NIFTY25122326000PE,buy,current,2025-12-17T10:35:00+05:30,212.7,2025-12-17T11:16:00+05:30,188.25,candle_reversal,1,65,-1589.2499999999993,10.0425,10.0325,6.833727595765405,6.300107509588462,0.14852272817675666,0.14668865454249025,3790950,3886125
NIFTY25122326000PE,buy,current,2025-12-17T11:30:00+05:30,210.1,2025-12-17T11:43:00+05:30,195.2,candle_reversal,1,65,-968.5000000000003,10.0275,9.94,5.952586268282537,5.679272566349995,0.1487909684403548,0.1414291400885281,4031700,3868725
NIFTY25122326000PE,buy,current,2025-12-18T09:45:00+05:30,254.3,2025-12-18T10:08:00+05:30,240.15,candle_reversal,1,65,-919.7500000000003,9.88,9.87,11.633969154713574,9.195420734586634,0.11974465610131542,0.10787247017570606,3224925,2854050
NIFTY25122326000CE,buy,current,2025-12-18T10:20:00+05:30,51.65,2025-12-18T11:16:00+05:30,50.8,candle_reversal,1,65,-55.25000000000009,9.7925,9.8075,9.98563751147683,6.549312560511111,0.12018579254269608,0.14030897424493396,14560050,13473525
NIFTY25122326000CE,buy,current,2025-12-18T11:25:00+05:30,62.05,2025-12-18T12:01:00+05:30,62.1,candle_reversal,1,65,3.250000000000277,9.81,9.755,6.41825166935641,6.269283079469763,0.14131407798802476,0.15134770054554267,13172700,13023750
NIFTY25122326000PE,buy,current,2025-12-18T13:45:00+05:30,168.3,2025-12-18T14:33:00+05:30,194.3,candle_reversal,1,65,1690.0,9.73,9.72,6.904010087164673,8.61490194832516,0.15038041830496013,0.12294310618265891,3811875,3323250
NIFTY25122326000CE,buy,current,2025-12-19T10:45:00+05:30,80.05,2025-12-19T11:43:00+05:30,52.05,stop,1,65,-1820.0,9.67,9.55,6.519954454663219,6.016784621646061,0.37455202967384027,0.3306444477550314,19927350,22058625
NIFTY25122326000CE,buy,current,2025-12-19T12:10:00+05:30,60.6,2025-12-19T15:09:00+05:30,67.45,eod_square_off,1,65,445.2500000000001,9.535,9.5025,7.280407520950992,6.008793305035753,0.2659187033579307,0.40823620892278056,23372775,18834525
NIFTY25122326100CE,buy,current,2025-12-22T11:00:00+05:30,84.55,2025-12-22T12:35:00+05:30,79.35,candle_reversal,1,65,-338.00000000000017,9.7175,9.6975,5.3005246422427295,4.53228700326703,1.0329924567306634,1.0923852122794802,15686775,15245100
NIFTY25122326150CE,buy,current,2025-12-22T13:30:00+05:30,51.55,2025-12-22T14:21:00+05:30,48.0,candle_reversal,1,65,-230.74999999999983,9.7275,9.7275,4.6614990975552155,5.341728856659466,1.0711258359529883,1.0953095896101162,17215725,16925850
NIFTY25122326150CE,buy,current,2025-12-22T14:30:00+05:30,50.15,2025-12-22T15:09:00+05:30,53.95,eod_square_off,1,65,247.00000000000028,9.7225,9.6625,5.760145492385192,5.000990520891209,1.0947758593565062,1.1268807928334026,16713150,12536625
NIFTY25122326200CE,buy,current,2025-12-23T10:00:00+05:30,26.75,2025-12-23T10:21:00+05:30,21.6,candle_reversal,1,65,-334.7499999999999,9.5075,9.465,7.600726145738136,5.9602172023871205,0.8799888251713016,1.2084288895345432,36887925,33676200
NIFTY25122326200CE,buy,current,2025-12-23T10:45:00+05:30,23.35,2025-12-23T10:56:00+05:30,20.8,candle_reversal,1,65,-165.75000000000006,9.49,9.475,5.525019693843738,5.197872971129961,1.061759007859913,1.0929085346146827,40777050,41256225
NIFTY25122326200CE,buy,current,2025-12-23T11:15:00+05:30,22.9,2025-12-23T11:36:00+05:30,14.9,stop,1,65,-519.9999999999999,9.4925,9.4775,5.253155610576817,5.23466218780679,1.0835511559890953,1.1152255186929938,42956925,42967125
NIFTY25123026200PE,buy,current,2025-12-24T11:45:00+05:30,85.2,2025-12-24T14:46:00+05:30,95.8,candle_reversal,1,65,688.9999999999997,9.2325,9.2175,5.927590656383769,7.05279842213536,2.4459232375159896,1.5933737275648483,17436900,10403925
NIFTY25123026100PE,buy,current,2025-12-26T09:45:00+05:30,74.25,2025-12-26T15:09:00+05:30,86.85,eod_square_off,1,65,818.9999999999997,9.1675,9.1825,8.553262030129115,6.732726128177755,1.3667986462677744,0.9033290661630454,15031350,8823825
NIFTY25123026000PE,buy,current,2025-12-29T10:00:00+05:30,35.6,2025-12-29T12:58:00+05:30,59.95,candle_reversal,1,65,1582.75,9.5475,9.6575,7.906501157141343,5.614539095873598,1.134989889685429,0.6387134836160803,25182950,20534000
NIFTY25123026000PE,buy,current,2025-12-29T13:15:00+05:30,68.1,2025-12-29T13:45:00+05:30,85.25,candle_reversal,1,65,1114.7500000000005,9.72,9.685,5.830386059632461,6.300421979533177,0.6276438925208091,0.5525808523607203,19718750,15074575
NIFTY25123025900PE,buy,current,2025-12-30T09:50:00+05:30,31.95,2025-12-30T09:52:00+05:30,20.75,stop,1,65,-728.0,9.9225,9.8675,8.843833590808,9.56153513083264,0.9251287795945372,0.8980583041205861,32679600,32717850
NIFTY25123026000CE,buy,current,2025-12-30T10:35:00+05:30,21.5,2025-12-30T10:39:00+05:30,18.0,candle_reversal,1,65,-227.5,9.825,9.85,6.5180034556545055,6.688329745530766,1.0798949711026204,1.1160187037743152,34423050,33969825
NIFTY25123025900PE,buy,current,2025-12-30T10:50:00+05:30,15.2,2025-12-30T11:43:00+05:30,21.9,candle_reversal,1,65,435.49999999999994,9.82,9.825,6.376570207721742,6.027505267220238,1.0730249897838329,0.7260549265774839,40819200,32831475
NIFTY25123025900PE,buy,current,2025-12-30T11:45:00+05:30,19.2,2025-12-30T12:40:00+05:30,22.9,candle_reversal,1,65,240.49999999999994,9.775,9.8725,5.7969691767044536,5.969900888074476,0.7249114875770044,0.7036395982874278,32831475,30612525
NIFTY25123026000CE,buy,current,2025-12-30T13:50:00+05:30,5.85,2025-12-30T14:01:00+05:30,3.8,stop,1,65,-133.25,9.66,9.7725,7.729969105214857,7.773808903054298,1.042371333372193,1.060071046251909,40110875,40185800
NIFTY26010626100CE,buy,current,2025-12-31T10:20:00+05:30,80.6,2025-12-31T10:37:00+05:30,88.6,candle_reversal,1,65,520.0,9.4275,9.3675,7.417258206056012,5.996651814182038,0.22874611381015475,0.29169827928053893,9974705,9357075
NIFTY26010626100CE,buy,current,2025-12-31T10:45:00+05:30,99.05,2025-12-31T11:24:00+05:30,92.7,candle_reversal,1,65,-412.74999999999966,9.43,9.3775,6.350074796918589,5.583036111180156,0.3273674098791648,0.40600696222819693,8211320,9064185
NIFTY26010626200CE,buy,current,2026-01-01T10:35:00+05:30,78.35,2026-01-01T10:57:00+05:30,80.55,candle_reversal,1,65,143.00000000000017,9.2575,9.2675,8.688650302605149,6.534198922568106,0.49918021038353566,0.5927343948934135,15016300,14195025
NIFTY26010626200CE,buy,current,2026-01-01T12:50:00+05:30,64.45,2026-01-01T13:24:00+05:30,59.7,candle_reversal,1,65,-308.75,9.2075,9.195,7.893290793924043,7.050754102557767,0.5094102211133098,0.5346756133410407,15407340,15202525
NIFTY26010626100PE,buy,current,2026-01-01T13:25:00+05:30,55.8,2026-01-01T13:29:00+05:30,51.6,candle_reversal,1,65,-272.9999999999997,9.2075,9.195,7.050754102557767,7.193268788676031,0.5346756133410407,0.5096006586199497,12201995,11959870
NIFTY26010626200CE,buy,current,2026-01-01T13:55:00+05:30,63.0,2026-01-01T15:09:00+05:30,64.6,eod_square_off,1,65,103.99999999999963,9.1825,9.1675,6.828528629006409,8.503712627567078,0.5066300584703788,0.5282512907053668,15462655,14199055
NIFTY26010626200CE,buy,current,2026-01-02T09:45:00+05:30,110.55,2026-01-02T10:07:00+05:30,121.05,candle_reversal,1,65,682.5,9.2425,9.3625,10.729623046795727,7.394314460005659,0.944203503695862,1.2452877088890983,14203800,10704915
NIFTY26010626300CE,buy,current,2026-01-02T10:15:00+05:30,65.7,2026-01-02T11:59:00+05:30,71.8,candle_reversal,1,65,396.49999999999966,9.37,9.415,7.08217629448113,5.322810774778375,1.222053178225546,1.435911013569984,14232855,15157675
NIFTY26010626300CE,buy,current,2026-01-05T09:50:00+05:30,66.0,2026-01-05T12:03:00+05:30,63.65,candle_reversal,1,65,-152.75000000000009,10.05,10.1275,12.108728281442385,7.529504811748533,0.9947368917812454,1.285440022901167,24240190,14869400
NIFTY26010626350CE,buy,current,2026-01-05T12:05:00+05:30,39.55,2026-01-05T13:12:00+05:30,32.45,candle_reversal,1,65,-461.49999999999966,10.12,10.0625,7.2952544680522085,5.011918634036588,1.2778087772359732,1.2613986980118483,21257145,22070425
NIFTY26010626300PE,buy,current,2026-01-05T13:35:00+05:30,57.9,2026-01-05T15:09:00+05:30,96.2,eod_square_off,1,65,2489.5000000000005,10.0425,10.04,5.529384803733036,7.49161003091511,1.0040024107931338,0.6715122098849081,26415220,10382125
NIFTY26010626200PE,buy,current,2026-01-06T10:25:00+05:30,23.4,2026-01-06T11:30:00+05:30,48.4,candle_reversal,1,65,1625.0,10.1875,10.1725,8.784381832887659,8.071483134757349,0.896180434957507,0.4618067165556641,43718675,18833295
NIFTY26010626150PE,buy,current,2026-01-06T11:35:00+05:30,20.2,2026-01-06T11:44:00+05:30,13.15,stop,1,65,-458.24999999999994,10.1725,10.13,7.613430076316993,7.247273744662139,0.4931547408194592,0.5186609722261949,26367055,29214510
NIFTY26010626150PE,buy,current,2026-01-06T12:10:00+05:30,19.65,2026-01-06T12:54:00+05:30,12.75,stop,1,65,-448.4999999999999,10.1675,10.1975,7.379019744810298,6.442676055302486,0.5524587567686957,0.548610355744974,31418400,35298510
NIFTY26011326000PE,buy,current,2026-01-07T09:45:00+05:30,51.25,2026-01-07T09:57:00+05:30,47.6,candle_reversal,1,65,-237.24999999999991,10.1325,10.1075,12.379788532096105,11.059608106997254,8.536056431351978,7.694216476626238,7848490,8033025
NIFTY26011326000PE,buy,current,2026-01-07T10:30:00+05:30,43.95,2026-01-07T10:56:00+05:30,33.65,candle_reversal,1,65,-669.5000000000002,10.06,10.0325,9.004510870878718,7.482557487365672,9.814190920802915,9.411051898666381,9248590,9131265
NIFTY26011326000CE,buy,current,2026-01-07T11:05:00+05:30,245.1,2026-01-07T13:27:00+05:30,167.2,candle_reversal,1,65,-5063.5,10.0425,9.9775,7.413330232367973,6.340394754899237,9.818776933000303,6.9287019066103435,2271100,3096990
NIFTY26011326000PE,buy,current,2026-01-07T13:30:00+05:30,52.9,2026-01-07T13:50:00+05:30,47.55,candle_reversal,1,65,-347.7500000000001,9.99,9.9775,6.259830171316335,5.755536351089725,6.596405051382255,6.0818268315889625,8933600,8842730
NIFTY26011326000PE,buy,current,2026-01-08T10:05:00+05:30,52.65,2026-01-08T12:16:00+05:30,118.9,candle_reversal,1,65,4306.25,10.0125,10.68,10.054636029321626,8.853173647714767,4.890213861143453,1.2664731750219878,10030085,7071415
NIFTY26011325900PE,buy,current,2026-01-08T12:20:00+05:30,83.15,2026-01-08T13:46:00+05:30,74.75,candle_reversal,1,65,-546.0000000000003,10.815,10.7325,8.811670008756941,6.869546950972169,1.30080889698277,1.1533098001891486,6746155,7959185
NIFTY26011325900PE,buy,current,2026-01-09T10:15:00+05:30,90.7,2026-01-09T10:46:00+05:30,88.55,candle_reversal,1,65,-139.75000000000037,10.615,10.5675,12.333320002133243,9.98398284594525,1.632661728938266,1.4213249424143535,17723485,16149770
NIFTY26011325800PE,buy,current,2026-01-09T10:55:00+05:30,58.8,2026-01-09T13:22:00+05:30,120.6,candle_reversal,1,65,4017.0,10.5525,10.86,9.61327632502408,7.660204409962456,1.3669085484472852,0.7033294188249132,18688215,7943325
NIFTY26011325700PE,buy,current,2026-01-09T13:25:00+05:30,78.1,2026-01-09T13:37:00+05:30,68.0,candle_reversal,1,65,-656.4999999999997,10.9175,10.87,7.6434925779779395,8.44739963721728,0.6922618560866617,0.7169748255990295,16628495,16862170
NIFTY26011325600PE,buy,current,2026-01-12T10:00:00+05:30,87.75,2026-01-12T12:21:00+05:30,57.05,stop,1,65,-1995.5000000000002,11.81,11.435,14.24940835643271,16.260743296836544,0.49820243696465194,0.370371520332224,20690735,15745405
NIFTY26011325700CE,buy,current,2026-01-12T12:25:00+05:30,74.15,2026-01-12T14:36:00+05:30,83.35,candle_reversal,1,65,597.9999999999993,11.5625,11.535,16.67452734079793,10.342406751493275,0.4292841488743269,0.7779167577811794,15554175,10735335
NIFTY26011325800CE,buy,current,2026-01-13T10:05:00+05:30,38.15,2026-01-13T10:42:00+05:30,32.4,candle_reversal,1,65,-373.75,11.63,11.465,14.809471884055627,13.647607475202483,0.5151602478259004,0.7077978048452933,29335215,26127920
NIFTY26011325800CE,buy,current,2026-01-13T10:50:00+05:30,49.8,2026-01-13T11:06:00+05:30,32.35,stop,1,65,-1134.2499999999998,11.4225,11.4,13.343403518462628,11.906113625988732,0.6884851479131009,0.6946407979416878,28250885,29149835
NIFTY26011325700PE,buy,current,2026-01-13T12:15:00+05:30,31.7,2026-01-13T12:29:00+05:30,22.0,candle_reversal,1,65,-630.5,11.405,11.385,9.57949916941853,9.179177120172568,0.6873927975742186,0.6278886653346236,30049825,30169620
NIFTY26011325700PE,buy,current,2026-01-13T12:45:00+05:30,38.15,2026-01-13T13:21:00+05:30,51.75,candle_reversal,1,65,884.0000000000001,11.4375,11.5675,9.53912370769187,9.94257534084728,0.587825344950287,0.5089130071924027,27379495,15014740
NIFTY26011325600PE,buy,current,2026-01-13T13:25:00+05:30,12.1,2026-01-13T13:34:00+05:30,7.85,stop,1,65,-276.25,11.5725,11.5325,10.05209111656016,10.335606179188844,0.5144877337385756,0.545411767247734,31422625,32768255
NIFTY26012025500PE,buy,current,2026-01-14T09:50:00+05:30,55.75,2026-01-14T09:54:00+05:30,45.9,candle_reversal,1,65,-640.2500000000001,11.2775,11.2625,15.456681573274475,15.394889445963528,18.62537052248134,18.471880712570343,6208930,6149585
NIFTY26012025500CE,buy,current,2026-01-14T09:55:00+05:30,332.1,2026-01-14T10:46:00+05:30,254.7,candle_reversal,1,65,-5031.000000000002,11.255,11.3225,15.394889445963528,12.688926771830948,18.565341517379203,17.903468151938085,994240,1077570
NIFTY26012025500PE,buy,current,2026-01-14T10:50:00+05:30,54.15,2026-01-14T11:49:00+05:30,36.0,candle_reversal,1,65,-1179.75,11.2725,11.185,12.879308351935977,8.796158761768696,17.90761503564485,19.774994083240355,6720350,7226895
NIFTY26012025500CE,buy,current,2026-01-14T11:50:00+05:30,333.15,2026-01-14T13:40:00+05:30,238.0,candle_reversal,1,65,-6184.749999999998,11.2075,11.2575,8.796158761768696,9.094722751209856,19.77566269948607,19.85385437238968,990600,1055665
NIFTY26012025500PE,buy,current,2026-01-14T13:45:00+05:30,58.75,2026-01-14T14:42:00+05:30,55.7,candle_reversal,1,65,-198.24999999999983,11.2675,11.37,9.451907447347647,10.180237503077308,18.088758667239368,15.091561100272045,6845020,5658445
NIFTY26012025500CE,buy,current,2026-01-16T09:45:00+05:30,278.0,2026-01-16T11:45:00+05:30,342.7,candle_reversal,1,65,4205.499999999999,11.2325,11.305,13.196513291585445,7.432931346369207,23.517140086698607,32.66013295867315,1244295,952770
NIFTY26012025500CE,buy,current,2026-01-16T11:55:00+05:30,352.0,2026-01-16T12:00:00+05:30,327.95,candle_reversal,1,65,-1563.2500000000007,11.31,11.315,8.00792310074552,7.6632797418041125,32.34112117933459,31.85176494250947,966355,984100
NIFTY26012025500PE,buy,current,2026-01-16T12:30:00+05:30,29.1,2026-01-16T13:47:00+05:30,29.8,candle_reversal,1,65,45.49999999999996,11.3825,11.4075,9.737577547279674,10.241496741206147,32.239204525491026,24.942411178831573,10314395,10182705
NIFTY26012025400PE,buy,current,2026-01-16T13:50:00+05:30,16.55,2026-01-16T15:09:00+05:30,18.1,eod_square_off,1,65,100.75000000000004,11.4,11.3675,10.166137496243929,8.166749072637481,25.29037163189587,26.185804924553732,7961200,8141835
NIFTY26012025500PE,buy,current,2026-01-19T09:40:00+05:30,58.5,2026-01-19T10:59:00+05:30,58.35,candle_reversal,1,65,-9.749999999999908,12.0025,11.905,16.815765858454427,8.565715018507788,9.157668162806523,4.481249979153673,17335500,20427225
NIFTY26012025500PE,buy,current,2026-01-19T11:00:00+05:30,58.1,2026-01-19T11:36:00+05:30,61.45,candle_reversal,1,65,217.75000000000009,11.9325,11.895,8.565715018507788,7.020408078952323,4.481249979153673,4.881542483749246,20427225,22301110
NIFTY26012025500PE,buy,current,2026-01-19T11:40:00+05:30,55.2,2026-01-19T12:16:00+05:30,54.75,candle_reversal,1,65,-29.250000000000185,11.925,11.88,7.002819442222305,6.6033208215886585,4.8695947802197805,4.805041570446279,21983325,23252515
NIFTY26012025500CE,buy,current,2026-01-19T13:55:00+05:30,138.35,2026-01-19T14:12:00+05:30,136.5,candle_reversal,1,65,-120.24999999999963,11.765,11.7675,10.66245034831631,9.900557791950561,8.162480123769823,11.907706477875001,8308170,5478915
NIFTY26012025500CE,buy,current,2026-01-19T14:20:00+05:30,147.25,2026-01-19T14:28:00+05:30,131.95,candle_reversal,1,65,-994.5000000000007,11.7875,11.81,9.586213714304325,8.483914861945713,11.534314759036144,11.66674036181778,5813080,5680805
NIFTY26012025500PE,buy,current,2026-01-20T09:40:00+05:30,77.2,2026-01-20T10:37:00+05:30,50.2,stop,1,65,-1755.0,12.2625,12.2525,13.495310455291968,11.010672053770435,2.555321359433744,2.4920348268461816,18488405,21732295
NIFTY26012025400PE,buy,current,2026-01-20T11:05:00+05:30,23.9,2026-01-20T11:29:00+05:30,15.55,stop,1,65,-542.7499999999999,12.2425,12.2275,8.035812610082058,8.016505553314985,2.1332697186835334,1.854441681262576,27776645,29596580
NIFTY26012025450PE,buy,current,2026-01-20T11:35:00+05:30,28.85,2026-01-20T11:50:00+05:30,25.5,candle_reversal,1,65,-217.75000000000009,12.225,12.195,7.946598787720791,6.693985750577006,1.883829938656489,1.9253532770562838,25334140,28153515
NIFTY26012725200PE,buy,current,2026-01-21T09:40:00+05:30,124.6,2026-01-21T11:12:00+05:30,233.35,candle_reversal,1,65,7068.75,13.0725,13.885,26.630414140089947,16.513642726066294,1.829700997988245,0.626579013444726,12480715,4330105
NIFTY26012725000PE,buy,current,2026-01-21T11:15:00+05:30,128.4,2026-01-21T12:01:00+05:30,111.2,candle_reversal,1,65,-1118.0000000000002,13.935,13.8075,18.65334500359803,12.558812067763066,0.6411945976970012,0.7782301451129787,11260145,13003380
NIFTY26012725000PE,buy,current,2026-01-21T12:30:00+05:30,90.9,2026-01-21T12:34:00+05:30,82.95,candle_reversal,1,65,-516.7500000000002,13.665,13.6225,15.247473307425278,15.110962799603376,0.9529774946060132,0.941759826654366,12526670,12558975
NIFTY26012725300CE,buy,current,2026-01-21T12:50:00+05:30,166.75,2026-01-21T13:59:00+05:30,108.4,stop,1,65,-3792.7499999999995,13.59,13.8525,16.351178489354737,12.887382739147611,1.274971445104791,1.3827837261972415,7283445,8453380
NIFTY26012725200PE,buy,current,2026-01-22T11:00:00+05:30,113.95,2026-01-22T13:35:00+05:30,104.4,candle_reversal,1,65,-620.7499999999998,13.835,13.9375,13.31910381388047,12.168374509505481,1.4083919217949077,0.9648262758012991,8127145,8732100
NIFTY26012725300CE,buy,current,2026-01-22T13:55:00+05:30,116.95,2026-01-22T15:09:00+05:30,142.15,eod_square_off,1,65,1638.0000000000002,13.8675,13.435,11.65273312436301,13.945348569951777,0.9651474290169646,1.274572447828683,10587720,7781735
NIFTY26012725300CE,buy,current,2026-01-23T10:30:00+05:30,127.5,2026-01-23T11:39:00+05:30,82.9,stop,1,65,-2898.9999999999995,13.4325,13.48,10.227535528608017,8.440575241673834,1.2743956684966706,1.270888843342215,16420300,18333900
NIFTY26012725200PE,buy,current,2026-01-23T11:40:00+05:30,88.1,2026-01-23T14:04:00+05:30,172.0,candle_reversal,1,65,5453.5,13.5475,14.2275,8.440575241673834,10.099363434658425,1.1872871249599952,0.5100002758696791,14005485,7428720
NIFTY26012725000PE,buy,current,2026-01-23T14:05:00+05:30,73.8,2026-01-23T15:09:00+05:30,86.6,eod_square_off,1,65,831.9999999999998,14.21,14.2225,10.099363434658425,12.720243873502255,0.5192869912293682,0.5125434367300458,14107145,13023270
NIFTY26012725200CE,buy,current,2026-01-27T09:50:00+05:30,64.4,2026-01-27T09:56:00+05:30,51.55,candle_reversal,1,65,-835.2500000000006,15.2275,15.42,26.157808328403583,22.923117190256203,0.6930254905023111,0.7350659671801686,15392520,16327350
NIFTY26012725000PE,buy,current,2026-01-27T10:00:00+05:30,31.2,2026-01-27T10:17:00+05:30,22.7,candle_reversal,1,65,-552.5,15.3825,15.1025,21.064390840740877,19.417588552140177,0.7161953971500434,0.7304447993613689,23921235,25462385
NIFTY26012725200CE,buy,current,2026-01-27T10:20:00+05:30,72.3,2026-01-27T10:29:00+05:30,47.0,stop,1,65,-1644.4999999999998,15.185,15.1825,18.91899216995765,16.246080896293,0.7561332104443729,0.8553632243727936,17871490,18333120
NIFTY26012725000PE,buy,current,2026-01-27T10:30:00+05:30,29.95,2026-01-27T11:44:00+05:30,19.45,stop,1,65,-682.5,15.1925,15.02,16.246080896293,16.228440702451834,0.8553632243727936,0.6085865271150788,27449630,25609675
NIFTY26012725200CE,buy,current,2026-01-27T11:45:00+05:30,61.75,2026-01-27T11:48:00+05:30,40.15,stop,1,65,-1404.0,15.0425,15.0375,16.228440702451834,17.664148919791838,0.6085865271150788,0.7310892996521496,19257940,17855695
NIFTY26012725000PE,buy,current,2026-01-27T11:50:00+05:30,28.85,2026-01-27T12:24:00+05:30,18.75,stop,1,65,-656.5000000000001,15.12,15.0325,17.473852568378135,13.655577269821148,0.7112509956291604,0.7169506102580311,27310530,27452815
NIFTY26020325650CE,buy,current,2026-01-28T10:25:00+05:30,95.4,2026-01-28T10:30:00+05:30,84.75,candle_reversal,1,65,-692.2500000000003,14.1125,14.2225,13.285464256787899,12.543063137468662,0.11597188178837582,0.11559245871938148,1181960,1284270
NIFTY26020325700CE,buy,current,2026-01-28T10:40:00+05:30,86.05,2026-01-28T12:40:00+05:30,68.25,candle_reversal,1,65,-1156.9999999999998,14.0425,13.765,13.149765756105342,7.953094083507565,0.11582127347645968,0.1167456946087904,3027245,3087240
NIFTY26020325600PE,buy,current,2026-01-28T13:45:00+05:30,444.6,2026-01-28T13:55:00+05:30,432.0,candle_reversal,1,65,-819.0000000000015,13.8675,13.7425,9.1459056204012,9.455003467669254,0.11325765776911736,0.11342636712437745,540345,540475
NIFTY26020325600PE,buy,current,2026-01-29T09:40:00+05:30,408.85,2026-01-29T10:15:00+05:30,440.25,candle_reversal,1,65,2040.9999999999986,13.71,13.8625,16.405428414442735,13.690481401376514,0.11506076876894715,0.10375363138668635,557050,572260
NIFTY26020325600PE,buy,current,2026-01-29T10:30:00+05:30,465.0,2026-01-29T13:04:00+05:30,314.25,candle_reversal,1,65,-9798.75,14.035,13.32,16.19154342209169,9.163265739541313,0.10183628106580586,0.10362250903773122,573300,557895
NIFTY26020325600CE,buy,current,2026-01-29T13:05:00+05:30,92.7,2026-01-29T14:08:00+05:30,109.9,candle_reversal,1,65,1118.0000000000002,13.345,13.405,9.163265739541313,8.10239110243095,0.10596546764252252,0.1370874377311308,3873935,3675295
NIFTY26020325600CE,buy,current,2026-01-29T14:15:00+05:30,114.15,2026-01-29T15:09:00+05:30,122.15,eod_square_off,1,65,520.0,13.3925,13.3675,9.157986766347326,11.493357454317714,0.13546575162827293,0.14424461138866376,3635125,3799965
NIFTY26020325600PE,buy,current,2026-01-30T10:00:00+05:30,385.55,2026-01-30T10:13:00+05:30,375.0,candle_reversal,1,65,-685.7500000000007,13.81,13.7375,16.50412516256347,13.160585940861079,0.09173651301959872,0.08867198476828408,670670,666380
NIFTY26020325600PE,buy,current,2026-01-30T10:25:00+05:30,392.15,2026-01-30T10:47:00+05:30,371.75,candle_reversal,1,65,-1325.9999999999986,13.815,13.73,11.896636364028799,9.379422041112425,0.08758117725317069,0.08650432528609456,658515,653250
NIFTY26020325600PE,buy,current,2026-01-30T11:10:00+05:30,412.75,2026-01-30T11:41:00+05:30,397.75,candle_reversal,1,65,-975.0,13.895,13.8775,9.085940853274117,8.958902735337082,0.0844571038820997,0.08140167795942116,651820,633295
NIFTY26020325600CE,buy,current,2026-01-30T12:25:00+05:30,89.85,2026-01-30T13:07:00+05:30,80.6,candle_reversal,1,65,-601.25,13.7775,13.925,9.241942959249815,9.043972072412986,0.07959455078370528,0.08192360889456325,6266715,6112145
NIFTY26020325600CE,buy,current,2026-01-30T13:45:00+05:30,92.85,2026-01-30T15:09:00+05:30,95.1,eod_square_off,1,65,146.25,13.6675,13.6525,9.879446679996105,12.626287196303236,0.0809936527543978,0.08805683580620642,6120335,5171985
NIFTY26020325700PE,buy,current,2026-02-02T09:45:00+05:30,847.35,2026-02-02T11:33:00+05:30,899.15,candle_reversal,1,65,3366.9999999999973,15.33,14.855,26.627049795217783,17.714395061717074,0.03838133776925574,0.037645463295126434,455260,430235
NIFTY26020325600PE,buy,current,2026-02-02T11:35:00+05:30,793.15,2026-02-02T13:00:00+05:30,651.05,candle_reversal,1,65,-9236.500000000002,14.8475,14.67,18.24193827159432,11.686186816944582,0.03774119532241071,0.03852249486515508,360295,342160
NIFTY26020325600CE,buy,current,2026-02-02T13:10:00+05:30,3.0,2026-02-02T13:15:00+05:30,2.85,candle_reversal,1,65,-9.749999999999995,14.525,14.6225,11.04500156813994,11.21553433360465,0.039238042815860345,0.03919459140100179,10379915,10181600
NIFTY26020325600PE,buy,current,2026-02-02T13:20:00+05:30,733.55,2026-02-02T13:38:00+05:30,710.15,candle_reversal,1,65,-1520.9999999999986,14.63,14.495,12.377411133436107,12.587757709119824,0.03897321196545352,0.039124921773806234,335010,331630
NIFTY26020325600CE,buy,current,2026-02-02T13:45:00+05:30,3.05,2026-02-02T15:09:00+05:30,3.35,eod_square_off,1,65,19.500000000000018,14.3625,13.89,13.830760620600856,13.283444889532719,0.03915613689816392,0.038547644363457916,10389275,9849385
NIFTY26020325800CE,buy,current,2026-02-03T09:50:00+05:30,98.7,2026-02-03T09:59:00+05:30,64.15,stop,1,65,-2245.75,14.45,14.4925,31.721270337162604,25.768386366929754,0.43864200642580053,0.49362413344872363,17341870,18137340
NIFTY26020325800CE,buy,current,2026-02-03T10:20:00+05:30,89.05,2026-02-03T11:47:00+05:30,91.05,candle_reversal,1,65,130.0,14.62,13.675,21.731895387387777,10.391449588817823,0.45716232844297205,0.8679053628554876,18552300,16662750
NIFTY26020326000CE,buy,current,2026-02-03T11:50:00+05:30,21.9,2026-02-03T12:18:00+05:30,16.65,candle_reversal,1,65,-341.25,13.66,13.59,9.993647859745732,8.65238339851292,0.8732491107567767,0.8440064638837645,32940245,36141430
NIFTY26021025800CE,buy,current,2026-02-04T09:45:00+05:30,183.65,2026-02-04T09:53:00+05:30,157.05,candle_reversal,1,65,-1728.9999999999995,12.8725,12.8375,16.95987476015849,14.040658271930281,0.3663003188263045,0.42805514637323117,9102080,9103575
NIFTY26021025800CE,buy,current,2026-02-04T10:10:00+05:30,176.35,2026-02-04T10:19:00+05:30,158.4,candle_reversal,1,65,-1166.7499999999993,12.7225,12.6525,11.802652002714964,10.734485862395134,0.40908402075473976,0.4235481684032749,10043280,10230415
NIFTY26021025800CE,buy,current,2026-02-04T12:10:00+05:30,140.25,2026-02-04T12:47:00+05:30,129.4,candle_reversal,1,65,-705.2499999999997,12.2125,12.1125,8.279087397944494,8.552201883202239,0.3001722261528442,0.31560834861164183,11401650,11159785
NIFTY26021025800PE,buy,current,2026-02-05T09:45:00+05:30,230.6,2026-02-05T10:13:00+05:30,213.95,candle_reversal,1,65,-1082.2500000000005,12.395,12.3,14.38948432812933,11.629056392226685,0.2483953916006703,0.1995644422935422,6259565,5452460
NIFTY26021025800PE,buy,current,2026-02-05T10:35:00+05:30,216.55,2026-02-05T11:06:00+05:30,221.0,candle_reversal,1,65,289.24999999999926,12.2425,12.2675,10.27035009091634,8.928417487932414,0.21988113275868695,0.18865299785484274,5992220,5372965
NIFTY26021025800PE,buy,current,2026-02-05T11:20:00+05:30,215.05,2026-02-05T11:40:00+05:30,200.35,candle_reversal,1,65,-955.5000000000011,12.2325,12.155,8.2763042789836,7.7485493885193035,0.19504352507509143,0.19425373754393557,5449275,5505565
NIFTY26021025800PE,buy,current,2026-02-06T09:40:00+05:30,274.0,2026-02-06T09:48:00+05:30,262.75,candle_reversal,1,65,-731.25,12.205,12.2,13.353448075490698,12.124665969633869,0.12288060595128304,0.11489214193544108,3895970,3704480
NIFTY26021025750PE,buy,current,2026-02-06T10:05:00+05:30,238.0,2026-02-06T11:00:00+05:30,253.0,candle_reversal,1,65,975.0,12.1075,12.0625,11.602209945505027,9.977309917061236,0.10542335727356007,0.09625229350842343,1651455,1518725
NIFTY26021025800CE,buy,current,2026-02-06T11:40:00+05:30,55.15,2026-02-06T12:05:00+05:30,44.65,candle_reversal,1,65,-682.5,12.0325,11.9875,9.538697226078211,10.270831285459776,0.13086979754970846,0.12655591727307544,14501630,14361035
NIFTY26021025750PE,buy,current,2026-02-06T12:10:00+05:30,196.05,2026-02-06T13:37:00+05:30,207.05,candle_reversal,1,65,715.0,11.995,11.9125,9.41336584610605,8.3161988354698,0.12028776127135603,0.10132856611208906,2052505,1683825
NIFTY26021025800CE,buy,current,2026-02-06T13:55:00+05:30,45.35,2026-02-06T15:09:00+05:30,52.3,eod_square_off,1,65,451.7499999999997,11.9075,11.9225,8.835386221458124,9.222360172130115,0.10780806261017803,0.13147733255807467,15246140,13124085
NIFTY26021025800CE,buy,current,2026-02-09T10:05:00+05:30,104.05,2026-02-09T11:04:00+05:30,116.75,candle_reversal,1,65,825.5000000000002,12.1575,12.1575,8.26246353743554,6.36466701258365,0.3521229024181517,0.5913296206624601,23356840,15802410
NIFTY26021026000CE,buy,current,2026-02-09T11:05:00+05:30,31.95,2026-02-09T12:53:00+05:30,20.75,stop,1,65,-728.0,12.1575,12.0725,6.36466701258365,6.009093105404963,0.5913296206624601,0.5300079705358296,24444875,28297425
NIFTY26021025900CE,buy,current,2026-02-09T13:10:00+05:30,54.85,2026-02-09T14:41:00+05:30,45.4,candle_reversal,1,65,-614.2500000000002,12.0625,12.055,5.39113555216201,5.448136138219774,0.48714450775851204,0.5293795907154525,20711990,20905105
NIFTY26021026000CE,buy,current,2026-02-10T10:20:00+05:30,25.5,2026-02-10T11:23:00+05:30,16.6,stop,1,65,-578.4999999999999,11.9375,11.9325,7.998479564895841,5.293241891421028,1.0562956363927465,1.0727385463644319,38472525,44127265
NIFTY26021026000CE,buy,current,2026-02-10T12:50:00+05:30,21.25,2026-02-10T13:00:00+05:30,13.8,stop,1,65,-484.24999999999994,11.8325,11.785,5.293906725492435,6.270497251564485,1.1134369673790738,1.1352631156639612,47794240,48932845
NIFTY26021025900PE,buy,current,2026-02-10T14:05:00+05:30,20.0,2026-02-10T14:15:00+05:30,13.0,stop,1,65,-455.0,11.7825,11.795,7.174929968477818,7.759391111610753,0.6935304042706024,0.7146867034262444,43846530,47392540
NIFTY26021025950CE,buy,current,2026-02-10T14:20:00+05:30,9.6,2026-02-10T14:27:00+05:30,6.25,stop,1,65,-217.74999999999997,11.7875,11.815,7.331881756006017,7.215734946311543,0.7559627951590302,0.8165664448713257,50702535,50815310
NIFTY26021725900PE,buy,current,2026-02-11T10:05:00+05:30,102.85,2026-02-11T10:18:00+05:30,90.0,candle_reversal,1,65,-835.2499999999997,11.5575,11.435,9.202062399920525,8.898025338594612,1.3294493603576627,1.2739324599586805,8787480,9222655
NIFTY26021726000CE,buy,current,2026-02-11T10:20:00+05:30,118.05,2026-02-11T11:40:00+05:30,115.55,candle_reversal,1,65,-162.5,11.485,11.3725,8.712452100123777,6.317041318591339,1.2857864855108136,1.8195127289062605,17940195,16117400
NIFTY26021726000CE,buy,current,2026-02-11T11:45:00+05:30,111.3,2026-02-11T12:24:00+05:30,101.85,candle_reversal,1,65,-614.2500000000002,11.385,11.3725,6.429572758753656,6.40517384167926,1.8163468573902184,1.5918505374057406,16125850,17427735
NIFTY26021725900PE,buy,current,2026-02-11T12:35:00+05:30,93.0,2026-02-11T12:50:00+05:30,99.4,candle_reversal,1,65,416.00000000000034,11.41,11.4925,6.337635318866974,7.965436134379205,1.5179439797704726,1.209385123839331,10108345,9155120
NIFTY26021725900PE,buy,current,2026-02-11T13:05:00+05:30,99.65,2026-02-11T13:41:00+05:30,80.8,candle_reversal,1,65,-1225.2500000000005,11.4525,11.4,8.39903983071105,5.845866050370894,1.2214207360617237,1.4496150810932942,9611810,10160410
NIFTY26021726000CE,buy,current,2026-02-11T13:45:00+05:30,105.4,2026-02-11T13:51:00+05:30,94.1,candle_reversal,1,65,-734.5000000000007,11.4275,11.375,6.323694501700131,7.055030992449844,1.5424135475681868,1.5942752648733185,17214275,17003610
NIFTY26021725900PE,buy,current,2026-02-12T11:20:00+05:30,123.75,2026-02-12T12:08:00+05:30,134.35,candle_reversal,1,65,688.9999999999997,11.5825,11.6975,6.578682954226646,6.705317996967266,1.019967656412507,0.7841423312079479,8276060,6908590
NIFTY26021725800PE,buy,current,2026-02-12T12:10:00+05:30,85.8,2026-02-12T12:17:00+05:30,83.05,candle_reversal,1,65,-178.75,11.6925,11.69,6.762080997183889,6.641467860460613,0.7880659259282052,0.7862536841933856,8511945,8656960
NIFTY26021725800PE,buy,current,2026-02-12T13:50:00+05:30,82.15,2026-02-12T14:24:00+05:30,77.75,candle_reversal,1,65,-286.00000000000034,11.7675,11.7675,8.812517527054222,6.454543488579906,0.9344964446911227,0.794285672714877,9385025,8766485
NIFTY26021725500PE,buy,current,2026-02-13T10:20:00+05:30,76.45,2026-02-13T10:27:00+05:30,72.2,candle_reversal,1,65,-276.25,12.3175,12.24,9.781407003969445,9.198238793446581,0.354812533997395,0.35812386756875236,12241840,12519845
NIFTY26021725500PE,buy,current,2026-02-13T11:05:00+05:30,72.35,2026-02-13T13:11:00+05:30,64.1,candle_reversal,1,65,-536.25,12.385,12.615,8.961842724104546,8.725770887532699,0.42593578891727424,0.41380274350494284,14807650,15513420
NIFTY26021725500PE,buy,current,2026-02-13T13:25:00+05:30,67.65,2026-02-13T15:09:00+05:30,114.45,eod_square_off,1,65,3042.0,12.63,13.375,8.389189894151079,10.114668921552223,0.44469744483338536,0.2732721660139104,16186950,10194990
NIFTY26021725500PE,buy,current,2026-02-16T09:40:00+05:30,91.35,2026-02-16T10:03:00+05:30,70.15,candle_reversal,1,65,-1377.9999999999993,13.54,13.415,13.896938366278459,13.080721199975086,0.32215615881727777,0.27959927316029554,19249685,17429945
NIFTY26021725500PE,buy,current,2026-02-16T10:50:00+05:30,71.25,2026-02-16T11:06:00+05:30,63.85,candle_reversal,1,65,-480.9999999999999,13.43,13.3775,8.593113448276565,8.985658514996297,0.4205708691590241,0.3896621892663952,24380720,24408670
NIFTY26021725500PE,buy,current,2026-02-16T11:55:00+05:30,71.05,2026-02-16T12:31:00+05:30,46.2,stop,1,65,-1615.2499999999995,13.33,13.2775,7.950691235112714,7.803170549717573,0.37961191696828156,0.47557375713725,25310480,27218750
NIFTY26021725600CE,buy,current,2026-02-16T12:35:00+05:30,73.75,2026-02-16T12:40:00+05:30,68.9,candle_reversal,1,65,-315.24999999999966,13.26,13.3375,7.6760807936328135,7.331429388136942,0.5165719188558948,0.5389240350783775,19285760,19167785
NIFTY26021725600CE,buy,current,2026-02-16T13:30:00+05:30,65.25,2026-02-16T13:55:00+05:30,63.5,candle_reversal,1,65,-113.75,13.2875,13.395,6.9451460550853685,7.4226870110055705,0.5377704757229059,0.5666647752661556,20791940,20439250
NIFTY26021725600CE,buy,current,2026-02-16T14:30:00+05:30,100.25,2026-02-16T15:09:00+05:30,135.65,eod_square_off,1,65,2301.0000000000005,13.315,13.3075,8.50927313627982,8.421236067398368,0.6128961172666845,0.7791025740917684,15805855,8176090
NIFTY26021725600CE,buy,current,2026-02-17T09:45:00+05:30,81.0,2026-02-17T10:35:00+05:30,119.55,candle_reversal,1,65,2505.75,13.12,12.935,14.502782259639542,9.281975783051044,0.6275997118376785,1.069079115989625,26452985,8512335
NIFTY26021725700CE,buy,current,2026-02-17T10:40:00+05:30,45.2,2026-02-17T10:44:00+05:30,29.4,stop,1,65,-1027.0000000000002,12.975,12.9525,8.67175292429496,9.644777489513672,0.982158162403622,0.9711724461210505,22109880,23100805
NIFTY26021725700CE,buy,current,2026-02-17T11:30:00+05:30,35.25,2026-02-17T12:30:00+05:30,54.2,candle_reversal,1,65,1231.7500000000002,12.9,12.77,6.837846125302206,7.020875086776592,0.8242637421194187,1.1352014670965795,32267820,16696160
NIFTY26021725650PE,buy,current,2026-02-17T14:15:00+05:30,13.85,2026-02-17T14:16:00+05:30,9.0,stop,1,65,-315.25,12.72,12.62,9.976744673048836,11.50035637625133,0.874167255773082,0.874167255773082,30325750,30325750
NIFTY26022425600PE,buy,current,2026-02-18T10:00:00+05:30,109.95,2026-02-18T10:49:00+05:30,99.25,candle_reversal,1,65,-695.5000000000002,12.58,12.4025,11.320849690925561,7.60051743405535,2.7954088786735474,2.5689712702501057,6458205,7976670
NIFTY26022425650CE,buy,current,2026-02-18T11:00:00+05:30,176.25,2026-02-18T11:39:00+05:30,169.65,candle_reversal,1,65,-428.99999999999966,12.365,12.2675,7.038153158625023,7.52469944233938,2.6845196768390824,3.0744408026152437,4027790,3303495
NIFTY26022425650CE,buy,current,2026-02-18T12:10:00+05:30,175.65,2026-02-18T13:10:00+05:30,181.0,candle_reversal,1,65,347.74999999999966,12.2575,12.315,5.886589564021834,6.891073712771672,3.0849622974763085,3.8068386322735455,3437915,2472730
NIFTY26022425600CE,buy,current,2026-02-18T13:15:00+05:30,229.0,2026-02-18T13:28:00+05:30,219.0,candle_reversal,1,65,-650.0,12.29,12.2875,6.837971322117396,7.884616582915365,3.839320244119839,4.018035707975993,3680820,3496935
NIFTY26022425600PE,buy,current,2026-02-18T13:55:00+05:30,78.75,2026-02-18T14:00:00+05:30,74.05,candle_reversal,1,65,-305.50000000000017,12.3375,12.34,9.242563609692764,8.863882404485432,4.140982035187533,4.026542233630268,9083815,8890245
NIFTY26022425600CE,buy,current,2026-02-19T09:50:00+05:30,258.2,2026-02-19T09:54:00+05:30,246.15,candle_reversal,1,65,-783.2499999999989,12.125,12.23,11.54858442698529,10.990162409353866,4.564286895274627,4.544102766278994,2467465,2497690
NIFTY26022425500PE,buy,current,2026-02-19T10:35:00+05:30,50.6,2026-02-19T12:21:00+05:30,87.3,candle_reversal,1,65,2385.4999999999995,12.58,13.0925,9.256517122347569,10.688767041255137,3.98340967817712,1.929367328895361,9305010,8339305
NIFTY26022425600PE,buy,current,2026-02-19T12:25:00+05:30,127.8,2026-02-19T13:24:00+05:30,123.15,candle_reversal,1,65,-302.24999999999943,13.12,13.0925,10.212525943745414,9.505438660655475,1.9041009223021628,1.8289703808180535,6512610,7602010
NIFTY26022425500PE,buy,current,2026-02-20T10:10:00+05:30,135.05,2026-02-20T10:19:00+05:30,107.4,candle_reversal,1,65,-1797.2500000000005,14.43,14.08,13.226884230500355,13.613823898794962,1.354314135580371,1.3359451518119492,13879190,13561600
NIFTY26022425600CE,buy,current,2026-02-20T10:45:00+05:30,153.0,2026-02-20T11:10:00+05:30,130.9,candle_reversal,1,65,-1436.4999999999995,14.3875,14.4525,10.450060024553979,9.335482772199883,1.9423251913128945,2.0175252046011214,11893960,13254540
NIFTY26022425500PE,buy,current,2026-02-20T11:15:00+05:30,96.95,2026-02-20T11:28:00+05:30,90.35,candle_reversal,1,65,-429.00000000000057,14.3975,14.37,9.824564594356577,9.579672201808268,1.9651953501666264,1.9086576264747144,16601520,15371785
NIFTY26022425600CE,buy,current,2026-02-20T11:35:00+05:30,140.25,2026-02-20T12:40:00+05:30,163.15,candle_reversal,1,65,1488.5000000000005,14.3425,14.2475,9.975905660154606,7.767968162347117,1.9057285170925935,2.699349543541112,13746070,9545445
NIFTY26022425600CE,buy,current,2026-02-20T12:45:00+05:30,146.0,2026-02-20T13:09:00+05:30,118.9,candle_reversal,1,65,-1761.4999999999995,14.4225,14.41,8.472616583839905,9.74850452288598,2.683221217747745,2.3661466531710498,9394255,11386050
NIFTY26022425500PE,buy,current,2026-02-20T13:10:00+05:30,108.0,2026-02-20T13:28:00+05:30,101.4,candle_reversal,1,65,-428.99999999999966,14.495,14.495,9.74850452288598,11.215912353810968,2.3661466531710498,2.1003426782961516,16471845,16223870
NIFTY26022425650CE,buy,current,2026-02-23T11:05:00+05:30,113.5,2026-02-23T12:22:00+05:30,98.05,candle_reversal,1,65,-1004.2500000000002,14.255,14.225,8.038278579235165,8.491592188431225,2.944465282839935,3.0597215485258067,7779915,9452105
NIFTY26022425650CE,buy,current,2026-02-23T12:45:00+05:30,114.65,2026-02-23T12:53:00+05:30,91.0,candle_reversal,1,65,-1537.2500000000005,14.11,14.2025,7.079609708107411,8.266411812361511,2.9756331538521943,3.196615560558951,10133955,9656660
NIFTY26022425600PE,buy,current,2026-02-23T13:00:00+05:30,78.95,2026-02-23T14:30:00+05:30,51.3,stop,1,65,-1797.2500000000005,14.27,14.0525,8.41176179164481,9.798185397248316,3.0444395275215306,2.8299346632390336,16072940,16866265
NIFTY26022425500PE,buy,current,2026-02-24T10:15:00+05:30,66.65,2026-02-24T11:12:00+05:30,43.3,stop,1,65,-1517.7500000000005,14.0425,14.0425,9.943193337908761,7.107275024928208,1.1599019756048867,1.1186914828204244,23607220,24689340
NIFTY26022425500PE,buy,current,2026-02-24T11:55:00+05:30,50.25,2026-02-24T12:38:00+05:30,82.75,candle_reversal,1,65,2112.5,14.075,14.3175,7.105871301855708,7.633484934119771,1.209915438073334,0.8356360873138081,29862820,16049410
NIFTY26022425400PE,buy,current,2026-02-24T12:40:00+05:30,28.8,2026-02-24T13:55:00+05:30,35.4,candle_reversal,1,65,428.9999999999999,14.3125,14.6675,7.823950295968307,9.049209201989134,0.8356360873138081,0.7648207471586367,27573000,17061460
NIFTY26031024400PE,buy,current,2026-03-04T09:50:00+05:30,320.25,2026-03-04T11:10:00+05:30,274.9,candle_reversal,1,65,-2947.7500000000014,20.67,20.605,21.887584249183096,11.770042952085264,1.6456621082426763,1.6695752593462516,5406375,6177015
NIFTY26031024400PE,buy,current,2026-03-04T11:25:00+05:30,298.65,2026-03-04T12:57:00+05:30,285.0,candle_reversal,1,65,-887.2499999999985,20.81,20.7475,11.510374373727064,8.48719638706565,1.728870620786719,1.3632558370755796,6380790,5893355
NIFTY26031024400PE,buy,current,2026-03-04T13:55:00+05:30,288.25,2026-03-04T14:01:00+05:30,279.45,candle_reversal,1,65,-572.0000000000007,21.1875,21.1025,10.100096140521956,10.091491362199651,1.6760780570190736,1.631948744472693,6461650,6369480
NIFTY26031024500CE,buy,current,2026-03-04T14:15:00+05:30,354.85,2026-03-04T14:23:00+05:30,350.85,candle_reversal,1,65,-260.0,20.9825,21.155,13.02815813190732,12.329497666375813,1.7166257638080753,2.04586884062951,4268290,3743870
NIFTY26031024500PE,buy,current,2026-03-05T09:40:00+05:30,226.15,2026-03-05T09:45:00+05:30,197.2,candle_reversal,1,65,-1881.7500000000011,19.3025,19.0275,20.44468736120159,20.171858798102914,1.667512248581743,1.695356753105025,6435975,6538415
NIFTY26031024600CE,buy,current,2026-03-05T09:50:00+05:30,251.85,2026-03-05T10:14:00+05:30,233.3,candle_reversal,1,65,-1205.7499999999989,19.0125,19.13,18.35646499199884,12.375092742953877,1.7654016578550595,2.0920332512754647,6506110,5797155
NIFTY26031024600CE,buy,current,2026-03-05T10:40:00+05:30,245.0,2026-03-05T11:23:00+05:30,251.55,candle_reversal,1,65,425.75000000000074,18.845,18.7575,14.221317448719526,9.845927157859322,1.764923379496845,2.2767486991146155,6486285,5571020
NIFTY26031024600PE,buy,current,2026-03-05T11:50:00+05:30,244.35,2026-03-05T12:30:00+05:30,199.0,candle_reversal,1,65,-2947.7499999999995,19.025,18.6225,9.905321811446427,11.385451050583665,2.0499955481952385,1.9357627254938752,7045675,7095205
NIFTY26031024600PE,buy,current,2026-03-05T13:55:00+05:30,228.0,2026-03-05T14:39:00+05:30,174.75,candle_reversal,1,65,-3461.25,18.8475,18.285,11.100103525935603,15.869351640973088,2.3046880054190435,1.9469853797386467,7551635,6133140
NIFTY26031024650CE,buy,current,2026-03-06T09:45:00+05:30,225.75,2026-03-06T10:34:00+05:30,200.0,candle_reversal,1,65,-1673.75,18.3175,18.655,17.142149492217737,8.729933241374196,3.3882801098275905,3.3524004398922496,4160650,5043545
NIFTY26031024600PE,buy,current,2026-03-06T10:35:00+05:30,202.1,2026-03-06T11:02:00+05:30,195.75,candle_reversal,1,65,-412.74999999999966,18.6775,18.585,8.729933241374196,11.381577961661822,3.3524261316391475,2.1234062530415017,11779755,9243325
NIFTY26031024600PE,buy,current,2026-03-06T11:20:00+05:30,202.9,2026-03-06T11:49:00+05:30,191.35,candle_reversal,1,65,-750.7500000000007,18.715,18.6525,9.393096126372289,9.16735111732007,2.5850988189343704,2.7016441224561016,10328695,11252020
NIFTY26031024600CE,buy,current,2026-03-06T11:50:00+05:30,222.7,2026-03-06T12:04:00+05:30,211.65,candle_reversal,1,65,-718.2499999999989,18.655,18.72,9.16735111732007,7.7367610706624825,2.701679042984276,2.6970626777894973,7157995,7138365
NIFTY26031024600PE,buy,current,2026-03-06T12:30:00+05:30,215.4,2026-03-06T14:11:00+05:30,219.05,candle_reversal,1,65,237.25000000000037,18.8825,19.085,8.076175848979393,9.833564025519989,2.456343694189382,1.586049817694066,10587720,8097505
NIFTY26031024200PE,buy,current,2026-03-09T09:45:00+05:30,519.8,2026-03-09T10:09:00+05:30,454.8,candle_reversal,1,65,-4224.999999999996,24.455,24.1675,28.091291068403898,16.66432623016223,0.3822354290370792,0.331571427866823,1807000,1651780
NIFTY26031024300PE,buy,current,2026-03-09T10:20:00+05:30,540.0,2026-03-09T11:21:00+05:30,483.4,candle_reversal,1,65,-3679.0000000000014,24.24,23.76,16.146486034616792,16.524479899856537,0.31694451451397115,0.28691592552624073,1652560,1401790
NIFTY26031024200PE,buy,current,2026-03-09T12:10:00+05:30,412.95,2026-03-09T12:57:00+05:30,372.6,candle_reversal,1,65,-2622.7499999999977,23.7975,24.255,11.70495482580641,12.418815969483305,0.28049129620294133,0.26832490437579376,1518985,1537575
NIFTY26031024200CE,buy,current,2026-03-10T09:45:00+05:30,60.75,2026-03-10T09:58:00+05:30,42.7,candle_reversal,1,65,-1173.2499999999998,20.4025,20.8125,21.05828689397401,16.670306314238,0.16507633172729078,0.1707447493467792,23167560,24237590
NIFTY26031024200CE,buy,current,2026-03-10T10:05:00+05:30,54.4,2026-03-10T10:55:00+05:30,68.0,candle_reversal,1,65,884.0000000000001,20.655,20.1675,15.351522929211267,11.629118897616767,0.16881988601722514,0.3509383196711413,24456575,19588920
NIFTY26031723800PE,buy,current,2026-03-11T09:40:00+05:30,126.05,2026-03-11T11:29:00+05:30,191.5,candle_reversal,1,65,4254.25,19.1175,20.2075,16.872638692891307,9.956026564606661,10.591040928134063,8.879534676340644,1956435,2162875
NIFTY26031723800PE,buy,current,2026-03-11T11:35:00+05:30,223.1,2026-03-11T12:03:00+05:30,207.25,candle_reversal,1,65,-1030.2499999999995,20.7825,20.4425,9.781808028746394,10.20975594291713,8.55284742468416,8.619534883720931,2158910,2305550
NIFTY26031723600PE,buy,current,2026-03-12T09:40:00+05:30,284.8,2026-03-12T09:52:00+05:30,255.6,candle_reversal,1,65,-1898.0000000000011,22.35,22.1,20.23571069583378,16.85624005388353,1.901960567979964,1.919838199816987,4269980,5143255
NIFTY26031723600PE,buy,current,2026-03-12T10:10:00+05:30,252.45,2026-03-12T11:00:00+05:30,196.9,candle_reversal,1,65,-3610.749999999999,22.1275,21.71,15.151399114252836,15.28640173177853,2.1344423536109045,1.912091548571454,5259215,5255770
NIFTY26031723700PE,buy,current,2026-03-12T11:10:00+05:30,227.7,2026-03-12T13:11:00+05:30,235.4,candle_reversal,1,65,500.50000000000114,21.6575,21.355,14.024300519616423,11.717954356251397,2.122376646176706,1.887030291814228,4775745,4735770
NIFTY26031723800CE,buy,current,2026-03-12T13:40:00+05:30,276.3,2026-03-12T13:51:00+05:30,246.9,candle_reversal,1,65,-1911.0000000000005,20.86,21.1025,12.97497020927682,13.911887260016512,2.2940194933304543,2.355334869781106,3049930,3188315
NIFTY26031723400PE,buy,current,2026-03-13T09:45:00+05:30,217.1,2026-03-13T10:29:00+05:30,254.55,candle_reversal,1,65,2434.250000000001,21.6475,21.815,16.509964633778864,13.193235163648897,0.7763731481232221,0.3982967318672051,5396365,3483870
NIFTY26031723350PE,buy,current,2026-03-13T10:30:00+05:30,234.05,2026-03-13T10:52:00+05:30,219.25,candle_reversal,1,65,-962.0000000000007,21.7825,21.55,13.193235163648897,11.810224308414814,0.3982967318672051,0.3968638055104529,2509000,2841995
NIFTY26031723350PE,buy,current,2026-03-13T11:10:00+05:30,237.55,2026-03-13T13:29:00+05:30,333.35,candle_reversal,1,65,6227.000000000001,21.8325,22.4225,12.238157330808917,14.28722063645284,0.4129687758348212,0.2885080157898977,3335020,1402440
NIFTY26031723400PE,buy,current,2026-03-16T10:00:00+05:30,292.3,2026-03-16T11:16:00+05:30,330.25,candle_reversal,1,65,2466.749999999999,22.0875,21.9525,20.160232708933084,16.29289268824396,0.1972076580078813,0.15654348279303407,1575340,1149330
NIFTY26031723500PE,buy,current,2026-03-16T11:45:00+05:30,380.25,2026-03-16T13:39:00+05:30,395.1,candle_reversal,1,65,965.2500000000015,22.0275,22.0575,16.345016240760014,12.638633046006758,0.17398730993171385,0.15581034910903127,1524770,1445990
NIFTY26031723500PE,buy,current,2026-03-16T13:40:00+05:30,388.6,2026-03-16T14:21:00+05:30,302.15,candle_reversal,1,65,-5619.250000000003,22.0425,21.665,12.638633046006758,18.84102467637724,0.15581034910903127,0.15395639557570467,1445990,1436435
NIFTY26031723500CE,buy,current,2026-03-16T14:25:00+05:30,85.15,2026-03-16T15:09:00+05:30,116.5,eod_square_off,1,65,2037.7499999999995,21.64,21.5425,21.357518663994494,24.902498468147005,0.1940145814928768,0.3921483237192301,11380655,8826480
NIFTY26031723500CE,buy,current,2026-03-17T09:40:00+05:30,58.0,2026-03-17T10:27:00+05:30,83.6,candle_reversal,1,65,1663.9999999999995,20.68,20.085,22.847651374268953,13.506342065177236,0.38320985706661803,0.9705311268296472,19519500,13058370
NIFTY26031723600CE,buy,current,2026-03-17T10:30:00+05:30,24.35,2026-03-17T10:36:00+05:30,18.75,candle_reversal,1,65,-364.0000000000001,20.2425,20.36,14.893988821504815,16.47563306892824,0.9408892301811121,0.7469635551387293,15181400,15414165
NIFTY26031723500CE,buy,current,2026-03-17T10:50:00+05:30,74.45,2026-03-17T11:13:00+05:30,48.4,stop,1,65,-1693.2500000000002,20.28,20.335,16.699042236353826,14.22072951532202,0.5936941654772813,0.6821570184140147,19784310,17980625
NIFTY26032423200CE,buy,current,2026-03-18T10:20:00+05:30,590.9,2026-03-18T12:00:00+05:30,671.2,candle_reversal,1,65,5219.500000000005,19.0,18.9825,12.68315845275614,8.53513381266357,10.39735847586395,12.010066582117945,360555,310505
NIFTY26032423100CE,buy,current,2026-03-18T12:05:00+05:30,749.3,2026-03-18T13:32:00+05:30,771.25,candle_reversal,1,65,1426.750000000003,18.9825,18.885,8.645296408358115,9.664904946937842,12.203913491246139,11.738431677018633,342030,339040
NIFTY26032423200CE,buy,current,2026-03-18T13:35:00+05:30,699.0,2026-03-18T14:31:00+05:30,675.1,candle_reversal,1,65,-1553.4999999999986,18.8925,18.7225,10.407749673635234,10.569691740004247,11.75232426965418,11.99496479288777,336245,314665
NIFTY26032423200PE,buy,current,2026-03-19T09:40:00+05:30,225.5,2026-03-19T10:24:00+05:30,223.7,candle_reversal,1,65,-117.00000000000074,21.6175,21.4575,25.684845646411578,13.449961425500232,4.782616170931087,3.080260282714211,3464890,3952260
NIFTY26032423200PE,buy,current,2026-03-19T10:50:00+05:30,208.9,2026-03-19T12:13:00+05:30,219.3,candle_reversal,1,65,676.0000000000003,21.3125,21.53,13.02660425557937,9.854603871010937,4.0486033519553075,2.9587250071468207,4554160,4716985
NIFTY26032423200PE,buy,current,2026-03-19T12:15:00+05:30,213.35,2026-03-19T13:39:00+05:30,245.1,candle_reversal,1,65,2063.75,21.425,21.7925,10.393560737367403,10.205662477239704,2.9591230932239023,2.269712090610273,4716985,4908735
NIFTY26032423200PE,buy,current,2026-03-20T09:45:00+05:30,226.85,2026-03-20T10:26:00+05:30,218.95,candle_reversal,1,65,-513.5000000000003,22.2,22.2175,18.381997853367334,14.42837138706919,3.3387586328245282,3.0543452696752738,5287945,6087315
NIFTY26032423200CE,buy,current,2026-03-20T10:35:00+05:30,288.15,2026-03-20T10:58:00+05:30,296.2,candle_reversal,1,65,523.2500000000007,22.185,22.1525,13.40596798200505,11.69554715128308,3.1334119124467112,4.094168356997971,4557540,3515200
NIFTY26032423200CE,buy,current,2026-03-20T11:20:00+05:30,303.3,2026-03-20T11:44:00+05:30,286.7,candle_reversal,1,65,-1079.0000000000014,22.0975,22.14,11.493853167429247,9.839131466516788,4.169166027149093,4.528310417822718,3577015,3018405
NIFTY26032423200PE,buy,current,2026-03-20T11:55:00+05:30,216.1,2026-03-20T13:06:00+05:30,213.15,candle_reversal,1,65,-191.74999999999926,22.23,22.29,11.086775681100958,12.748582046240417,4.30649935520944,3.0963457273384445,7185230,6990230
NIFTY26032422700PE,buy,current,2026-03-23T09:50:00+05:30,246.0,2026-03-23T11:06:00+05:30,308.9,candle_reversal,1,65,4088.4999999999986,25.69,26.175,18.503426677666166,12.966902121066143,0.6447370634096667,0.327640412057555,8073845,3824210
NIFTY26032422700PE,buy,current,2026-03-23T11:10:00+05:30,293.0,2026-03-23T11:41:00+05:30,303.9,candle_reversal,1,65,708.4999999999985,26.0625,26.2575,15.762020393579709,12.91524834689653,0.3244026951446107,0.3144086310936099,3846050,3848520
NIFTY26032422800CE,buy,current,2026-03-24T10:00:00+05:30,75.6,2026-03-24T10:31:00+05:30,49.15,stop,1,65,-1719.2499999999998,25.395,25.45,20.034679505037776,15.717572119687976,0.3185303843405774,0.3129619412743839,16394170,17902950
NIFTY26032422700PE,buy,current,2026-03-24T10:35:00+05:30,115.35,2026-03-24T11:19:00+05:30,75.0,stop,1,65,-2622.7499999999995,25.5025,25.54,15.694954791164019,14.94145579178172,0.2688467903769382,0.24501410530673562,12605840,13634920
NIFTY26032422800CE,buy,current,2026-03-24T11:20:00+05:30,55.25,2026-03-24T11:25:00+05:30,35.9,stop,1,65,-1257.75,25.5275,25.65,14.94145579178172,16.39086031182763,0.24501410530673562,0.2706479729651622,18374135,17801030
NIFTY26032422800CE,buy,current,2026-03-24T11:35:00+05:30,62.0,2026-03-24T12:05:00+05:30,58.55,candle_reversal,1,65,-224.25000000000017,25.585,25.235,15.14364495895534,14.051024683621858,0.2972419120883948,0.48170575404717525,18169385,15951520
NIFTY26040722900CE,buy,current,2026-04-01T09:50:00+05:30,319.8,2026-04-01T10:08:00+05:30,325.0,candle_reversal,1,65,337.99999999999926,25.0625,25.285,20.22248795181586,14.025868785443441,0.33838625589683846,0.4872751465860832,4084925,3341975
NIFTY26040723000CE,buy,current,2026-04-01T10:10:00+05:30,258.75,2026-04-01T10:25:00+05:30,228.6,candle_reversal,1,65,-1959.7500000000005,25.3425,25.24,13.531163872197636,15.072506401945159,0.48619131921128134,0.4044343392975668,4532905,5065645
NIFTY26040723000CE,buy,current,2026-04-01T11:25:00+05:30,221.1,2026-04-01T11:45:00+05:30,224.25,candle_reversal,1,65,204.75000000000037,25.2475,25.065,10.854444544257792,10.074442891935579,0.2827185358808154,0.2851181952036144,5850260,5778695
NIFTY26040722900PE,buy,current,2026-04-01T13:45:00+05:30,400.05,2026-04-01T15:09:00+05:30,395.95,eod_square_off,1,65,-266.5000000000015,25.24,25.0025,20.562004957043282,14.286865343581,0.29395584964675003,0.2715009243295426,2178605,1601925
NIFTY26040723000PE,buy,current,2026-04-02T09:50:00+05:30,803.65,2026-04-02T10:14:00+05:30,812.7,candle_reversal,1,65,588.2500000000044,26.1525,25.99,18.762949895190282,14.610455681981634,0.20870844383582943,0.18853259644523848,1759355,1707615
NIFTY26040723000PE,buy,current,2026-04-02T10:20:00+05:30,817.6,2026-04-02T12:36:00+05:30,712.8,candle_reversal,1,65,-6812.000000000005,26.0425,25.975,14.818481829613175,13.903456148401832,0.1841716602284981,0.15783194772132955,1700920,1500330
NIFTY26040723000PE,buy,current,2026-04-02T12:55:00+05:30,720.0,2026-04-02T13:30:00+05:30,590.0,candle_reversal,1,65,-8450.0,25.935,26.0475,13.765365009826255,17.033117448494373,0.15496079512595323,0.1507116286592269,1425710,1399320
NIFTY26040723000CE,buy,current,2026-04-02T13:35:00+05:30,94.5,2026-04-02T14:38:00+05:30,124.95,candle_reversal,1,65,1979.2500000000002,26.01,25.6675,17.305841770263804,20.835338724274372,0.15374713127347928,0.15572523720003204,5928715,6047795
NIFTY26040723000CE,buy,current,2026-04-06T10:10:00+05:30,64.85,2026-04-06T11:02:00+05:30,62.8,candle_reversal,1,65,-133.24999999999983,26.3325,26.1975,18.181364725411296,17.037096012115814,0.08536989001791966,0.08425514303652422,11418550,11774230
NIFTY26040723000CE,buy,current,2026-04-06T11:20:00+05:30,62.85,2026-04-06T15:09:00+05:30,172.0,eod_square_off,1,65,7094.75,26.2475,25.3575,15.746663214617424,14.67380434398272,0.07893511342674005,0.31211213522523834,12430340,8081840
NIFTY26040723000CE,buy,current,2026-04-07T09:55:00+05:30,46.85,2026-04-07T10:58:00+05:30,30.45,stop,1,65,-1066.0000000000002,25.5575,25.515,21.76353423722888,17.184798296926004,0.14479425365096737,0.20616233143525867,18057390,21456955
NIFTY26040723000CE,buy,current,2026-04-07T11:05:00+05:30,33.85,2026-04-07T13:57:00+05:30,43.25,candle_reversal,1,65,610.9999999999999,25.525,25.145,17.084855405802685,19.645590243897125,0.16723848929409244,0.5327894837228778,24058710,18416450
NIFTY26040723000CE,buy,current,2026-04-07T14:00:00+05:30,40.25,2026-04-07T14:20:00+05:30,36.8,candle_reversal,1,65,-224.25000000000017,25.1475,25.1075,20.266860975605066,16.27747446349055,0.4254415253043727,0.4577298008352498,21439730,25051520
NIFTY26042124500CE,buy,current,2026-04-15T09:45:00+05:30,109.8,2026-04-15T10:53:00+05:30,104.0,candle_reversal,1,65,-376.99999999999983,18.675,18.7,17.503521528570925,9.014332613333911,0.06409704340999435,0.09731027857829011,5370235,4988490
NIFTY26042124500CE,buy,current,2026-04-15T11:50:00+05:30,109.25,2026-04-15T13:07:00+05:30,98.55,candle_reversal,1,65,-695.5000000000002,18.675,18.695,7.192939414455358,6.922628604143072,0.0829552494876805,0.08289417983364415,5958680,6469190
NIFTY26042124400CE,buy,current,2026-04-16T10:05:00+05:30,141.3,2026-04-16T10:52:00+05:30,140.6,candle_reversal,1,65,-45.50000000000111,18.2025,17.93,14.340670165624077,9.094239748303183,0.1703084431215613,0.18238544989586356,7680530,7707245
NIFTY26042124400CE,buy,current,2026-04-16T10:55:00+05:30,139.9,2026-04-16T11:39:00+05:30,122.95,candle_reversal,1,65,-1101.7500000000002,17.9225,18.01,8.628961823792134,10.13593289618065,0.1811015871713899,0.17434562209785368,7781215,7927075
NIFTY26042124400PE,buy,current,2026-04-16T12:00:00+05:30,335.45,2026-04-16T12:42:00+05:30,340.45,candle_reversal,1,65,325.0,18.435,18.425,11.825556007808164,10.630047044223815,0.1312854386438879,0.11577846307444227,1822860,1497470
NIFTY26042124400PE,buy,current,2026-04-16T12:55:00+05:30,363.45,2026-04-16T13:41:00+05:30,360.0,candle_reversal,1,65,-224.24999999999926,18.4975,18.3925,12.04481730448517,8.232759086333894,0.11424820939885559,0.10218553160473581,1473160,1426880
NIFTY26042124400CE,buy,current,2026-04-17T09:55:00+05:30,90.15,2026-04-17T12:20:00+05:30,108.2,candle_reversal,1,65,1173.2499999999998,18.0475,17.61,12.079741255376806,8.065809591858411,0.08079145842133148,0.11352213306887847,8245510,7799285
NIFTY26042124500CE,buy,current,2026-04-17T12:25:00+05:30,73.5,2026-04-17T13:53:00+05:30,75.1,candle_reversal,1,65,103.99999999999963,17.6075,17.445,7.061437623726129,5.104216237041912,0.11526781267399325,0.12658465222941448,10180495,10638420
NIFTY26042124500CE,buy,current,2026-04-20T09:55:00+05:30,65.75,2026-04-20T12:05:00+05:30,104.3,candle_reversal,1,65,2505.75,18.2925,18.075,16.55728570044736,6.305548336001628,0.20610084894032585,0.5239984181670867,10889320,12518545
NIFTY26042124500CE,buy,current,2026-04-20T12:10:00+05:30,102.3,2026-04-20T13:00:00+05:30,97.7,candle_reversal,1,65,-298.99999999999966,18.14,18.2275,6.865686589560107,9.539885244110142,0.5358650308258371,0.5357400648721086,12602850,12421240
NIFTY26042124400PE,buy,current,2026-04-20T13:40:00+05:30,153.45,2026-04-20T15:00:00+05:30,131.05,candle_reversal,1,65,-1455.9999999999986,18.83,18.5775,11.141237624417412,9.23772330597104,0.3801693232432113,0.35117630481891415,9211475,8458060
NIFTY26042124500CE,buy,current,2026-04-21T09:50:00+05:30,68.9,2026-04-21T10:22:00+05:30,52.3,candle_reversal,1,65,-1079.0000000000005,17.905,17.9475,13.08393626040356,8.19057239037569,0.7927125704512126,0.9129308441278627,20990125,22656010
NIFTY26042124500CE,buy,current,2026-04-21T10:35:00+05:30,73.95,2026-04-21T11:22:00+05:30,71.7,candle_reversal,1,65,-146.25,17.71,17.63,9.58292240957189,7.0773421136420955,0.8369152295939649,1.190453015769415,24981385,16088605
NIFTY26042124600CE,buy,current,2026-04-21T11:25:00+05:30,21.9,2026-04-21T11:34:00+05:30,16.0,candle_reversal,1,65,-383.4999999999999,17.63,17.69,6.913371516354464,6.470564486633139,1.1557235501727383,1.071196103636609,23564580,24259430
NIFTY26042824200PE,buy,current,2026-04-22T09:45:00+05:30,155.3,2026-04-22T10:40:00+05:30,162.45,candle_reversal,1,65,464.7499999999985,18.2525,18.475,14.632308657725842,7.892678625594738,3.3500529432526767,3.19640283977085,2898805,2898350
NIFTY26042824100PE,buy,current,2026-04-22T10:45:00+05:30,126.1,2026-04-22T10:54:00+05:30,113.2,candle_reversal,1,65,-838.4999999999994,18.41,18.2675,7.4389705910459805,8.198599494097508,3.2146012226580445,3.426647185060043,1910350,1994200
NIFTY26042824200PE,buy,current,2026-04-22T11:50:00+05:30,148.45,2026-04-22T12:45:00+05:30,137.4,candle_reversal,1,65,-718.2499999999989,18.2475,18.1875,8.0076426309235,6.87903203995142,3.6068536632765436,3.681451315692489,3086460,3109275
NIFTY26042824200CE,buy,current,2026-04-22T14:00:00+05:30,370.6,2026-04-22T15:09:00+05:30,321.0,eod_square_off,1,65,-3224.0000000000014,17.91,18.3825,7.289409070604504,7.19840714570355,3.7152414570588994,3.585870740305523,1341145,1376050
NIFTY26042824200PE,buy,current,2026-04-23T10:25:00+05:30,178.8,2026-04-23T11:55:00+05:30,195.35,candle_reversal,1,65,1075.7499999999989,18.6075,18.69,10.500042308782117,7.472759715997094,2.496002979360996,1.7636776565107886,7713485,7349225
NIFTY26042824200PE,buy,current,2026-04-23T12:30:00+05:30,213.8,2026-04-23T13:21:00+05:30,163.05,candle_reversal,1,65,-3298.75,18.735,18.2925,7.738212823794561,8.220823058064136,1.9108614776090505,2.0387237756035956,7937085,7845825
NIFTY26042824000PE,buy,current,2026-04-24T09:45:00+05:30,184.65,2026-04-24T11:06:00+05:30,192.7,candle_reversal,1,65,523.2499999999989,19.1575,19.2675,14.371333653604669,8.706533280331668,0.862752222429665,0.6313651362824176,10256545,9225905
NIFTY26042823900PE,buy,current,2026-04-24T11:10:00+05:30,150.1,2026-04-24T11:22:00+05:30,144.7,candle_reversal,1,65,-351.00000000000034,19.2675,19.2875,9.146357003239219,8.771425321668497,0.6356667318773206,0.6064599849557138,6416605,6213285
NIFTY26042823900PE,buy,current,2026-04-24T11:50:00+05:30,161.15,2026-04-24T12:34:00+05:30,153.15,candle_reversal,1,65,-520.0,19.205,19.27,7.61132640489484,8.858330716189567,0.6278907525313987,0.5955448433678504,6825910,7032740
NIFTY26042824000CE,buy,current,2026-04-27T09:45:00+05:30,163.5,2026-04-27T10:05:00+05:30,167.95,candle_reversal,1,65,289.24999999999926,18.91,18.765,18.888071998460912,12.578022597443734,0.7930776137388408,1.3072996102355532,15417415,9775025
NIFTY26042824100CE,buy,current,2026-04-27T10:10:00+05:30,111.2,2026-04-27T11:08:00+05:30,78.6,candle_reversal,1,65,-2119.0000000000005,18.7675,18.5425,12.115314020345718,10.211777545193181,1.214545951093642,1.0537973749251364,11691095,14173835
NIFTY26042824100CE,buy,current,2026-04-27T11:20:00+05:30,88.95,2026-04-27T11:28:00+05:30,78.05,candle_reversal,1,65,-708.5000000000003,18.515,18.6475,9.28783299548972,9.43552378154295,1.017286819247758,1.0109377622222087,14794195,14927900
NIFTY26042824000PE,buy,current,2026-04-27T11:40:00+05:30,104.2,2026-04-27T12:26:00+05:30,70.6,candle_reversal,1,65,-2184.0000000000005,19.0825,18.7475,11.508491003610795,7.527779289359493,0.8036207250880538,0.946639394805312,13881400,16557580
NIFTY26042824200CE,buy,current,2026-04-28T10:00:00+05:30,31.15,2026-04-28T10:34:00+05:30,20.25,stop,1,65,-708.4999999999999,17.7025,17.485,10.547874467356918,6.934458767650016,1.7316599706631428,2.061207975312975,20207135,25357930
NIFTY26042824200CE,buy,current,2026-04-28T10:55:00+05:30,26.55,2026-04-28T11:05:00+05:30,17.25,stop,1,65,-604.5,17.305,17.325,7.112312289225421,7.4428980886907015,1.9225962591359413,1.9524593375023578,26418405,27992055
NIFTY26042824000PE,buy,current,2026-04-28T11:30:00+05:30,28.0,2026-04-28T11:36:00+05:30,18.2,stop,1,65,-637.0,17.7625,17.72,9.851647845256673,10.645567710149367,1.1152045634817676,0.9755184862958477,27093625,27681745
NIFTY26042824000PE,buy,current,2026-04-28T12:00:00+05:30,22.3,2026-04-28T12:16:00+05:30,18.9,candle_reversal,1,65,-221.00000000000014,17.8775,17.9225,8.081880572038374,7.511038120804716,1.0481746148985236,0.8541125195292819,32743490,30815200
NIFTY26050524100CE,buy,current,2026-04-29T09:45:00+05:30,226.4,2026-04-29T11:46:00+05:30,323.65,candle_reversal,1,65,6321.249999999998,17.1525,17.0275,15.437355956197711,7.769941718623396,0.8171913937734723,2.2954318587386857,6889805,2509455
NIFTY26050524300CE,buy,current,2026-04-29T11:50:00+05:30,197.5,2026-04-29T12:06:00+05:30,192.95,candle_reversal,1,65,-295.75000000000074,17.0225,16.945,7.5855364270463355,5.956052017204449,2.272961593068106,2.234039728304984,5261880,5400915
NIFTY26050524200PE,buy,current,2026-04-29T14:05:00+05:30,181.4,2026-04-29T14:42:00+05:30,169.7,candle_reversal,1,65,-760.5000000000011,17.2975,17.3925,11.10099274576172,9.870293114194522,1.8357081857759676,1.5496496829949329,6278285,6878755
NIFTY26050523900PE,buy,current,2026-04-30T09:55:00+05:30,188.85,2026-04-30T11:27:00+05:30,238.65,candle_reversal,1,65,3237.000000000001,18.5375,19.2425,15.381349978691205,8.171944589766873,0.7228154406818501,0.4009640855136948,5782920,3279510
NIFTY26050523900PE,buy,current,2026-04-30T11:30:00+05:30,235.2,2026-04-30T11:57:00+05:30,223.9,candle_reversal,1,65,-734.4999999999989,19.295,19.2525,8.913054263625378,9.069792957766992,0.39731652519435484,0.42740700953404054,3287310,3461510
NIFTY26050524000CE,buy,current,2026-04-30T13:45:00+05:30,210.1,2026-04-30T14:14:00+05:30,199.35,candle_reversal,1,65,-698.75,18.4125,18.4775,11.651992339621867,12.329339870833309,0.7191665289843657,0.7957534846197785,6992050,6530680
NIFTY26050524000PE,buy,current,2026-04-30T14:20:00+05:30,172.6,2026-04-30T14:37:00+05:30,152.4,candle_reversal,1,65,-1312.9999999999993,18.51,18.46,12.491228708018555,12.695858383060695,0.8199904251282775,0.7821201276795543,7189585,6644170
NIFTY26050524300CE,buy,current,2026-05-04T09:40:00+05:30,120.35,2026-05-04T10:17:00+05:30,78.25,stop,1,65,-2736.4999999999995,17.7375,18.2075,21.662971179814182,14.098477565211029,1.093476685911464,0.9910833824792294,12726285,17442165
NIFTY26050524200CE,buy,current,2026-05-04T10:30:00+05:30,148.1,2026-05-04T10:58:00+05:30,132.85,candle_reversal,1,65,-991.25,18.065,18.125,14.787291542064679,10.674442976068999,0.8283418142386575,1.0477673280394069,17450160,13807430
NIFTY26050524200CE,buy,current,2026-05-04T11:05:00+05:30,140.5,2026-05-04T11:56:00+05:30,141.4,candle_reversal,1,65,58.50000000000037,18.0825,17.91,9.933676109241999,8.435246189452078,0.9493906602387702,1.111286551272635,15484300,14629485
NIFTY26050524000PE,buy,current,2026-05-04T12:15:00+05:30,67.15,2026-05-04T12:53:00+05:30,61.4,candle_reversal,1,65,-373.75000000000045,18.465,18.295,12.09183632286528,12.037933658604071,0.8880323589161211,0.6817897392132821,11893050,12302420
NIFTY26050524100PE,buy,current,2026-05-04T12:55:00+05:30,100.55,2026-05-04T13:43:00+05:30,110.65,candle_reversal,1,65,656.5000000000006,18.2975,18.5075,11.856652682989495,13.965962397731165,0.6817897392132821,0.5150720553802821,10474685,7400900
NIFTY26050524000PE,buy,current,2026-05-04T13:45:00+05:30,68.25,2026-05-04T14:19:00+05:30,44.35,stop,1,65,-1553.5,18.51,18.17,13.421965083607406,11.47298523226724,0.5203884546890936,0.5728721865455452,11718525,12250420
NIFTY26050524000PE,buy,current,2026-05-05T09:45:00+05:30,54.3,2026-05-05T09:53:00+05:30,35.3,stop,1,65,-1235.0,18.655,18.5075,19.630449478534132,16.063357126023675,0.7498654953306262,0.7347797664647856,26407485,29817450
NIFTY26050524000PE,buy,current,2026-05-05T10:05:00+05:30,52.8,2026-05-05T12:03:00+05:30,110.25,candle_reversal,1,65,3734.25,18.5675,18.6575,14.978189052919301,10.51250901212609,0.739372053818009,0.2788771256610911,30322500,8541845
NIFTY26050523900PE,buy,current,2026-05-05T12:05:00+05:30,35.1,2026-05-05T12:13:00+05:30,25.0,candle_reversal,1,65,-656.5000000000001,18.6075,18.575,10.133044082688565,9.56077796317775,0.28672975280753144,0.32835760235147204,21672300,25233650
NIFTY26050524100CE,buy,current,2026-05-05T13:05:00+05:30,12.75,2026-05-05T13:54:00+05:30,8.3,stop,1,65,-289.24999999999994,18.1875,18.15,10.225834538216677,12.979822207909134,0.6704942008091378,0.837353985184573,32023940,38859470
NIFTY26050524100CE,buy,current,2026-05-05T14:00:00+05:30,10.8,2026-05-05T14:04:00+05:30,7.0,stop,1,65,-247.00000000000006,18.14,18.145,13.303413527550164,12.631734580243315,0.8143870304619316,0.8131134327802821,39994630,41422615
NIFTY26051223500CE,buy,current,2026-05-06T10:15:00+05:30,710.0,2026-05-06T10:52:00+05:30,671.4,candle_reversal,1,65,-2509.0000000000014,17.4125,17.4225,10.517754455368307,8.890031769832348,23.44317234058685,23.55910129474486,660465,653510
NIFTY26051223500CE,buy,current,2026-05-06T11:30:00+05:30,686.75,2026-05-06T11:36:00+05:30,661.75,candle_reversal,1,65,-1625.0,17.345,17.4025,7.6102479775137315,7.311220096063358,23.906617100371747,24.29168232023443,670540,661570
NIFTY26051223500CE,buy,current,2026-05-06T11:50:00+05:30,675.0,2026-05-06T12:02:00+05:30,660.0,candle_reversal,1,65,-975.0,17.34,17.2875,7.361665512878373,7.725917583009162,25.603160270880363,26.11557370849406,661310,657540
NIFTY26051223500PE,buy,current,2026-05-06T12:25:00+05:30,39.4,2026-05-06T12:51:00+05:30,43.7,candle_reversal,1,65,279.5000000000003,17.7125,17.81,9.32817032322816,7.761958047736996,24.596164895145073,24.88422356828194,4536935,4716400
NIFTY26051223500PE,buy,current,2026-05-06T13:05:00+05:30,47.6,2026-05-06T13:09:00+05:30,41.65,candle_reversal,1,65,-386.75000000000017,18.055,17.83,8.180474247116578,8.543002868289053,26.170517817371937,26.429141576809972,4862390,4889365
NIFTY26051223500CE,buy,current,2026-05-07T09:45:00+05:30,922.9,2026-05-07T09:49:00+05:30,880.0,candle_reversal,1,65,-2788.4999999999986,16.69,16.69,14.620886565814088,14.310220045369194,34.15781198278716,34.63947324830214,589095,588510
NIFTY26051223500CE,buy,current,2026-05-07T10:05:00+05:30,886.8,2026-05-07T10:53:00+05:30,860.0,candle_reversal,1,65,-1741.999999999997,16.745,16.82,13.708578649320145,9.082542827646185,35.096336842105266,36.20623768314626,575185,560560
NIFTY26051223500CE,buy,current,2026-05-07T11:55:00+05:30,851.4,2026-05-07T13:10:00+05:30,910.0,candle_reversal,1,65,3809.0000000000014,16.97,16.81,8.801538782668347,14.126912484229015,41.071123755334284,42.14520367936925,487045,477815
NIFTY26051223500PE,buy,current,2026-05-08T09:45:00+05:30,12.85,2026-05-08T09:55:00+05:30,10.75,candle_reversal,1,65,-136.49999999999997,17.3775,17.2875,13.695591811137046,13.444539658126269,56.76802413273001,60.03600671845476,9588410,9726210
NIFTY26051223500PE,buy,current,2026-05-08T10:55:00+05:30,10.05,2026-05-08T11:04:00+05:30,9.1,candle_reversal,1,65,-61.75000000000007,17.09,17.0575,7.458942267450106,7.95219721356233,63.1490813648294,63.191406660363484,10250110,10184395
NIFTY26051223500PE,buy,current,2026-05-08T11:25:00+05:30,9.1,2026-05-08T12:28:00+05:30,8.9,candle_reversal,1,65,-12.999999999999954,17.075,17.0825,8.217314367607297,8.11587097067492,63.54899470899471,63.191803794151554,10164570,10149100
NIFTY26051223500PE,buy,current,2026-05-11T09:40:00+05:30,16.7,2026-05-11T10:04:00+05:30,14.35,candle_reversal,1,65,-152.74999999999997,18.8475,18.595,18.304423777038803,11.755344111564005,46.797633996431166,37.73166386725709,9939735,10165285
NIFTY26051223500PE,buy,current,2026-05-11T10:20:00+05:30,16.65,2026-05-11T11:07:00+05:30,11.8,candle_reversal,1,65,-315.2499999999999,18.695,18.505,11.11735319317614,7.920869098920689,34.26060795150651,40.28388250319285,10365615,10729225
NIFTY26051223600PE,buy,current,2026-05-11T11:50:00+05:30,16.8,2026-05-11T12:43:00+05:30,12.95,candle_reversal,1,65,-250.25000000000009,18.1375,18.2125,9.262186847203967,9.696429073039013,55.1604428721174,59.92125822368421,7989605,8414315
NIFTY26051223600PE,buy,current,2026-05-12T10:25:00+05:30,41.35,2026-05-12T10:43:00+05:30,36.6,candle_reversal,1,65,-308.75,18.8125,18.58,11.048193810421793,10.08662043545947,3.3057938268211773,2.481890388122035,26093145,24860290
NIFTY26051223600PE,buy,current,2026-05-12T10:50:00+05:30,44.0,2026-05-12T13:16:00+05:30,71.3,candle_reversal,1,65,1774.4999999999998,18.7525,19.0325,10.160910353235517,9.9256303825149,2.4377807970065395,1.1296652366931481,25772370,12048985
NIFTY26051223500PE,buy,current,2026-05-12T13:20:00+05:30,19.8,2026-05-12T15:09:00+05:30,131.25,eod_square_off,1,65,7244.25,19.1275,19.4025,10.941202605825323,13.38191348981442,1.223845903974553,0.8045983774335952,33254390,6763315
NIFTY26051923400PE,buy,current,2026-05-13T09:40:00+05:30,280.6,2026-05-13T09:53:00+05:30,237.7,candle_reversal,1,65,-2788.5000000000023,19.775,19.825,22.675007351765135,18.7394002798526,0.5391677325453182,0.5379460583207086,3855085,3698305
NIFTY26051923400PE,buy,current,2026-05-13T10:40:00+05:30,189.45,2026-05-13T11:04:00+05:30,214.7,candle_reversal,1,65,1641.25,19.585,19.695,14.133110224161177,12.97684960132255,0.7974165219323288,0.7049340616362206,5806060,5690230
NIFTY26051923500CE,buy,current,2026-05-13T12:15:00+05:30,250.75,2026-05-13T13:08:00+05:30,258.75,candle_reversal,1,65,520.0,19.46,19.27,10.416677832080177,13.227877539795827,0.8217151793170204,0.9873467038787483,7017075,5092100
NIFTY26051923500CE,buy,current,2026-05-13T13:35:00+05:30,260.0,2026-05-13T15:09:00+05:30,207.4,eod_square_off,1,65,-3418.9999999999995,19.355,19.415,12.40092349533808,13.108392309475859,0.8262980667018716,0.7646116674139392,5769400,5587335
NIFTY26051923500PE,buy,current,2026-05-14T09:45:00+05:30,181.35,2026-05-14T10:27:00+05:30,178.6,candle_reversal,1,65,-178.75,18.915,18.74,14.447175300479657,12.915449169016853,0.7455558626700535,0.6581501267210896,6604195,7342335
NIFTY26051923500CE,buy,current,2026-05-14T10:40:00+05:30,209.65,2026-05-14T10:45:00+05:30,189.0,candle_reversal,1,65,-1342.2500000000005,18.705,18.8625,10.651609348992212,11.626601070796502,0.6948866611416068,0.7258119315763686,8577205,8244145
NIFTY26051923500PE,buy,current,2026-05-14T10:50:00+05:30,214.1,2026-05-14T11:18:00+05:30,187.4,candle_reversal,1,65,-1735.4999999999993,18.96,18.9,12.329299072860419,11.351509661907894,0.6248466357959366,0.584870650115108,6695065,6546605
NIFTY26051923500CE,buy,current,2026-05-14T11:20:00+05:30,200.05,2026-05-14T15:09:00+05:30,285.45,eod_square_off,1,65,5550.999999999998,18.81,18.6925,11.369258971771512,14.870191998322962,0.607981976182813,1.7815876698707325,9051380,3815630
NIFTY26051923800CE,buy,current,2026-05-15T09:45:00+05:30,177.75,2026-05-15T11:04:00+05:30,158.05,candle_reversal,1,65,-1280.4999999999993,18.4575,18.33,16.42017674173904,9.573670960217571,2.158695061547786,2.616792263491272,8916050,9019725
NIFTY26051923800CE,buy,current,2026-05-15T12:05:00+05:30,141.25,2026-05-15T12:31:00+05:30,121.5,candle_reversal,1,65,-1283.75,18.46,18.495,9.016787521962705,8.429895642767748,1.5560631567401921,1.7571331309355918,11245910,10947430
NIFTY26051923800CE,buy,current,2026-05-15T12:45:00+05:30,141.95,2026-05-15T14:46:00+05:30,92.25,stop,1,65,-3230.499999999999,18.36,18.795,8.065499546189875,10.068723092145769,1.7137051197968267,1.5057597208561182,10671765,10330580
NIFTY26051923400PE,buy,current,2026-05-18T09:40:00+05:30,148.7,2026-05-18T10:02:00+05:30,144.6,candle_reversal,1,65,-266.49999999999966,19.925,19.84,18.67865520425635,12.950727842070776,0.6367413989502562,0.455586609583308,12235015,9669140
NIFTY26051923400PE,buy,current,2026-05-18T10:10:00+05:30,148.1,2026-05-18T10:36:00+05:30,110.25,candle_reversal,1,65,-2460.2499999999995,19.8225,19.6475,11.5281903242732,12.098976493711628,0.48769224966999813,0.5301325819603584,10824190,12117430
NIFTY26051923500PE,buy,current,2026-05-18T11:50:00+05:30,133.75,2026-05-18T12:14:00+05:30,120.95,candle_reversal,1,65,-831.9999999999998,19.54,19.5525,11.020515318280555,9.672042908911882,1.1279428998636345,0.9878044179509913,15699190,15704455
NIFTY26051923600CE,buy,current,2026-05-18T12:35:00+05:30,119.8,2026-05-18T13:08:00+05:30,125.55,candle_reversal,1,65,373.75,19.53,19.575,10.013623863307695,11.443030939506286,1.2142283396530318,1.5783003545314849,8288865,7491900
NIFTY26051923700CE,buy,current,2026-05-18T13:10:00+05:30,74.0,2026-05-18T14:01:00+05:30,88.25,candle_reversal,1,65,926.25,19.5725,19.5925,11.043528729541448,9.606695998772992,1.5430150619704097,1.6063341880437583,8672690,9292985
NIFTY26051923700CE,buy,current,2026-05-18T14:05:00+05:30,87.5,2026-05-18T14:57:00+05:30,56.9,stop,1,65,-1989.0,19.6,19.895,9.979741657909647,9.254903972083557,1.5756825213789947,1.4508751055332216,9537840,8845850
NIFTY26051923800CE,buy,current,2026-05-19T09:45:00+05:30,34.85,2026-05-19T09:53:00+05:30,22.65,stop,1,65,-793.0000000000002,18.8075,18.86,18.26224283650924,15.814083166868816,1.5751157765717498,1.4513970370273261,21295365,22649575
NIFTY26051923800CE,buy,current,2026-05-19T10:10:00+05:30,30.9,2026-05-19T11:08:00+05:30,26.6,candle_reversal,1,65,-279.49999999999983,18.6925,18.61,15.149989679542639,10.430470823207282,1.422771419619985,1.9003583842019975,25968605,29172975
NIFTY26051923800CE,buy,current,2026-05-19T11:10:00+05:30,26.05,2026-05-19T11:17:00+05:30,16.95,stop,1,65,-591.5000000000001,18.62,18.7275,10.021151478692529,11.859747667531161,1.8379185459859495,1.5309647888999722,29847025,30037865
NIFTY26051923650PE,buy,current,2026-05-19T14:00:00+05:30,11.4,2026-05-19T14:03:00+05:30,7.4,stop,1,65,-260.0,18.485,18.445,10.400996511657599,10.877140029400563,1.1917077868567627,1.2679357672815452,28146300,30761185
NIFTY26052623700PE,buy,current,2026-05-20T10:05:00+05:30,351.85,2026-05-20T10:29:00+05:30,323.35,candle_reversal,1,65,-1852.5,19.215,19.015,12.076002193429355,10.145727799891604,0.3516524845196548,0.33259011647942655,3411785,3310645
NIFTY26052623700PE,buy,current,2026-05-20T10:50:00+05:30,329.3,2026-05-20T10:54:00+05:30,305.75,candle_reversal,1,65,-1530.7500000000007,19.055,18.975,10.051366908519592,10.218149010764032,0.34120990393137807,0.33747127865445137,3337750,3338140
NIFTY26052623700CE,buy,current,2026-05-20T11:50:00+05:30,188.1,2026-05-20T12:02:00+05:30,167.3,candle_reversal,1,65,-1351.9999999999989,18.9025,19.0175,9.6565566875132,8.84168089610078,0.3722629401437784,0.37894169234210257,5297500,5412615
NIFTY26052623700PE,buy,current,2026-05-20T12:05:00+05:30,280.55,2026-05-20T12:33:00+05:30,272.65,candle_reversal,1,65,-513.5000000000023,19.0475,18.9625,8.415275874699095,7.727976245860773,0.37347720813443336,0.36511865245798253,3655340,3663270
NIFTY26052623700CE,buy,current,2026-05-20T14:00:00+05:30,173.6,2026-05-20T14:35:00+05:30,181.2,candle_reversal,1,65,493.99999999999966,19.005,18.6475,7.306353983582516,8.425179698281578,0.37308451178682656,0.4590598028606988,5628740,5681520
NIFTY26052623800CE,buy,current,2026-05-21T09:40:00+05:30,165.35,2026-05-21T09:59:00+05:30,157.85,candle_reversal,1,65,-487.5,18.1175,17.6925,16.36600583235302,13.1226241816793,0.45580658533696555,0.5139766183434825,8357050,8250645
NIFTY26052623800CE,buy,current,2026-05-21T10:05:00+05:30,160.45,2026-05-21T10:36:00+05:30,149.7,candle_reversal,1,65,-698.75,17.64,17.7175,12.139505489320412,10.262986322993438,0.5024381976800381,0.4824757914350579,8739055,9823060
NIFTY26052623700PE,buy,current,2026-05-21T11:20:00+05:30,200.3,2026-05-21T11:24:00+05:30,179.75,candle_reversal,1,65,-1335.7500000000007,18.095,17.9125,12.539700067996254,12.176748541059029,0.35921519334193064,0.362749650638638,5704790,5900895
NIFTY26052623800CE,buy,current,2026-05-21T11:25:00+05:30,130.85,2026-05-21T11:56:00+05:30,126.35,candle_reversal,1,65,-292.5,17.9075,17.7875,12.176748541059029,8.835574812893116,0.36855454186587133,0.4053646214788932,11004500,10584860
NIFTY26052623700PE,buy,current,2026-05-21T12:30:00+05:30,222.2,2026-05-21T12:53:00+05:30,233.3,candle_reversal,1,65,721.5000000000015,17.8475,17.955,11.82526574820223,11.08350111692978,0.36469761386038135,0.32607725457093584,6371690,6180135
NIFTY26052623650PE,buy,current,2026-05-21T12:55:00+05:30,207.7,2026-05-21T13:36:00+05:30,176.05,candle_reversal,1,65,-2057.2499999999986,17.98,17.8375,10.788251037149134,9.011637741264531,0.32581198818194174,0.3129400752833189,2562690,2644590
NIFTY26052623800CE,buy,current,2026-05-22T09:55:00+05:30,144.35,2026-05-22T10:17:00+05:30,144.05,candle_reversal,1,65,-19.49999999999889,18.8,18.6925,13.853426434077543,9.981730681134925,0.5636160956648256,0.6791090152852975,10934885,10806510
NIFTY26052623800CE,buy,current,2026-05-22T10:45:00+05:30,150.35,2026-05-22T11:03:00+05:30,144.6,candle_reversal,1,65,-373.75,18.755,18.58,9.07337597447723,7.519496776843694,0.6886650991250713,0.6792257197057402,11970790,12191660
NIFTY26052623800CE,buy,current,2026-05-22T11:45:00+05:30,165.75,2026-05-22T13:58:00+05:30,141.5,candle_reversal,1,65,-1576.25,18.36,17.8475,8.367667707190078,7.45981884665916,0.7063414918136236,0.7440293924593037,11582480,10854545
NIFTY26052623700PE,buy,current,2026-05-22T14:30:00+05:30,123.15,2026-05-22T15:09:00+05:30,128.75,eod_square_off,1,65,363.99999999999966,18.06,17.96,8.528385915147712,8.299380688390913,0.5679907518951564,0.4456249386739823,10253490,8769670
NIFTY26052624000CE,buy,current,2026-05-25T10:20:00+05:30,91.45,2026-05-25T10:27:00+05:30,85.95,candle_reversal,1,65,-357.5,17.095,17.4,8.358781506652571,7.979470703435843,0.9787412187551053,1.0524319793860135,25691185,25313535
NIFTY26052624000CE,buy,current,2026-05-25T10:40:00+05:30,99.0,2026-05-25T11:33:00+05:30,83.3,candle_reversal,1,65,-1020.5000000000002,17.41,16.8825,6.790292909711012,5.800748647175411,1.1545618492950462,1.1585525555925456,24509225,26772915
NIFTY26052624000CE,buy,current,2026-05-25T13:10:00+05:30,81.8,2026-05-25T13:56:00+05:30,70.7,candle_reversal,1,65,-721.4999999999997,17.01,16.9525,7.095866167664958,5.055414658199827,1.005759799324449,1.1455972033404545,27799915,25689885
NIFTY26052624100CE,buy,current,2026-05-26T09:40:00+05:30,41.2,2026-05-26T09:49:00+05:30,32.4,candle_reversal,1,65,-572.0000000000002,15.88,15.91,11.82921977357197,9.706547654068842,2.256598345418288,2.107309174559647,15271555,18341375
NIFTY26052624100CE,buy,current,2026-05-26T10:15:00+05:30,34.1,2026-05-26T10:44:00+05:30,29.95,candle_reversal,1,65,-269.7500000000001,16.26,15.6,9.151814483058699,6.734635745135792,1.876490435523587,2.419054369866309,20820735,21156460
NIFTY26052624000PE,buy,current,2026-05-26T12:50:00+05:30,49.65,2026-05-26T13:20:00+05:30,43.9,candle_reversal,1,65,-373.75,15.8075,15.835,8.394850755840944,9.190028395132272,1.2725056653279843,0.9739931152477603,35903985,23832900
NIFTY26052623950PE,buy,current,2026-05-26T13:25:00+05:30,22.55,2026-05-26T14:08:00+05:30,40.4,candle_reversal,1,65,1160.2499999999998,15.8375,15.9975,8.897737947557832,9.347316205643084,1.0149149494563448,0.8121434981342478,25364300,16472560
NIFTY26052623900PE,buy,current,2026-05-26T14:10:00+05:30,19.8,2026-05-26T14:21:00+05:30,12.85,stop,1,65,-451.75000000000006,16.045,16.01,9.729650762382656,8.932627351932862,0.8555548688722563,0.8554475543107954,33132320,34680490
NIFTY26060223800PE,buy,current,2026-05-27T10:00:00+05:30,119.8,2026-05-27T10:27:00+05:30,81.75,candle_reversal,1,65,-2473.25,15.855,15.255,11.621552961203042,9.208583580498559,4.1866304445532,5.586707675517468,4746300,5271565
NIFTY26060223800CE,buy,current,2026-05-27T10:30:00+05:30,266.05,2026-05-27T10:45:00+05:30,247.6,candle_reversal,1,65,-1199.2500000000011,15.2575,15.0975,9.045156250531877,9.295618919260104,5.781900683837157,5.979850457651154,1813825,1780285
NIFTY26060223800CE,buy,current,2026-05-27T10:55:00+05:30,286.65,2026-05-27T11:26:00+05:30,276.2,candle_reversal,1,65,-679.2499999999993,15.07,14.9575,9.145462161533237,7.519701137997102,5.919142559291113,6.398087372895034,1751555,1705860
NIFTY26060223800PE,buy,current,2026-05-27T11:50:00+05:30,82.9,2026-05-27T12:19:00+05:30,89.8,candle_reversal,1,65,448.49999999999943,14.8725,15.2225,7.92271002862708,7.487584540374539,6.378948343879902,5.894749311088667,5516355,5302375
NIFTY26060223800PE,buy,current,2026-05-29T09:45:00+05:30,81.45,2026-05-29T10:06:00+05:30,62.85,candle_reversal,1,65,-1209.0,14.9775,14.845,15.514383112139361,12.568141398611965,5.4280515400586316,6.041853377265239,6731790,7453095
NIFTY26060223800CE,buy,current,2026-05-29T10:10:00+05:30,256.0,2026-05-29T10:19:00+05:30,252.2,candle_reversal,1,65,-247.00000000000074,15.2625,15.1975,12.178992949253049,10.25968534944371,6.58904413592302,6.893384422612454,2732145,2667145
NIFTY26060223800PE,buy,current,2026-05-29T10:30:00+05:30,71.25,2026-05-29T12:25:00+05:30,89.3,candle_reversal,1,65,1173.2499999999998,15.18,15.12,9.753831220269655,8.038441126007672,6.855709166301755,3.7225556394751957,7895615,8933990
NIFTY26060223800PE,buy,current,2026-05-29T12:30:00+05:30,89.1,2026-05-29T13:57:00+05:30,138.05,candle_reversal,1,65,3181.750000000001,15.1,15.7825,6.9751527228215275,8.507120755328161,3.9294169636225167,1.7344544405282245,9357660,6848010
NIFTY26060223600PE,buy,current,2026-06-01T09:45:00+05:30,95.65,2026-06-01T10:08:00+05:30,109.5,candle_reversal,1,65,900.2499999999997,16.01,15.96,18.530728177897988,13.220695209201741,0.9735857906238927,0.7509423694287868,11838255,9557210
NIFTY26060223500PE,buy,current,2026-06-01T10:10:00+05:30,66.3,2026-06-01T10:49:00+05:30,61.05,candle_reversal,1,65,-341.25,15.92,15.9525,13.26921697997315,11.10195367356873,0.7719262075392342,0.7329357413733264,12826970,14589250
NIFTY26060223600PE,buy,current,2026-06-01T11:25:00+05:30,92.6,2026-06-01T11:50:00+05:30,103.1,candle_reversal,1,65,682.5,16.1675,16.28,8.8801172837674,8.722353612639255,1.0184041275243136,0.8050673586295356,14044095,10921690
NIFTY26060223350PE,buy,current,2026-06-02T10:15:00+05:30,96.7,2026-06-02T10:20:00+05:30,62.85,stop,1,65,-2200.25,16.1975,16.025,11.592961369050228,11.689963136212086,0.19890779995522367,0.1927862572360074,8285030,8042580
NIFTY26060223350PE,buy,current,2026-06-02T10:50:00+05:30,51.1,2026-06-02T11:24:00+05:30,33.2,stop,1,65,-1163.5,16.09,15.88,10.918653898891518,10.500298237476002,0.2986305448050015,0.25131111550898283,18711745,15285270
NIFTY26060223350PE,buy,current,2026-06-02T11:40:00+05:30,66.3,2026-06-02T12:33:00+05:30,43.1,stop,1,65,-1507.9999999999998,16.0225,15.9725,10.43706644536409,11.646671079103447,0.20409052956100068,0.17500833594666215,12253735,10832185
NIFTY26060223500CE,buy,current,2026-06-02T12:50:00+05:30,29.75,2026-06-02T14:38:00+05:30,19.35,stop,1,65,-675.9999999999999,15.695,15.565,13.818712828081615,13.18550649859857,0.5517430365562463,0.912121915896611,21895835,26576485
NIFTY26060923300PE,buy,current,2026-06-03T09:55:00+05:30,219.55,2026-06-03T10:21:00+05:30,194.6,candle_reversal,1,65,-1621.7500000000011,16.415,16.19,16.705969771337855,13.228364414056616,0.7639177063729186,0.6664101783051268,7518160,6981650
NIFTY26060923200PE,buy,current,2026-06-03T10:35:00+05:30,172.8,2026-06-03T12:30:00+05:30,150.5,candle_reversal,1,65,-1449.5000000000007,16.35,16.4325,11.634889404493654,11.318986184555584,0.670016476572418,0.5920610841673811,4603040,5683210
NIFTY26060923300CE,buy,current,2026-06-03T12:40:00+05:30,247.45,2026-06-03T13:06:00+05:30,216.1,candle_reversal,1,65,-2037.7499999999995,16.2875,16.49,14.853136914090074,12.962002448016333,0.8362911663268954,0.8372045517956076,8274760,8476520
NIFTY26060923300PE,buy,current,2026-06-03T13:10:00+05:30,178.6,2026-06-03T13:15:00+05:30,168.75,candle_reversal,1,65,-640.2499999999997,16.475,16.43,12.361723534363007,12.342899869417526,0.8409710435632362,0.8466322524186558,8002150,7869485
NIFTY26060923500CE,buy,current,2026-06-03T13:25:00+05:30,148.7,2026-06-03T15:09:00+05:30,183.3,eod_square_off,1,65,2249.0000000000014,16.3575,16.3125,11.814771004745685,17.491806344439656,0.9043411408416318,1.4154460266956386,8414185,7638670
NIFTY26060923500CE,buy,current,2026-06-04T09:45:00+05:30,135.05,2026-06-04T10:29:00+05:30,158.75,candle_reversal,1,65,1540.4999999999993,16.175,16.185,19.203363388481403,10.14414457790076,1.1219110221786461,1.509408812276299,8360430,8124155
NIFTY26060923500CE,buy,current,2026-06-04T10:30:00+05:30,155.9,2026-06-04T10:34:00+05:30,141.55,candle_reversal,1,65,-932.7499999999997,16.1475,16.1775,10.14414457790076,10.671717183990424,1.5076368064039753,1.4667807740673466,8130655,8132345
NIFTY26060923500CE,buy,current,2026-06-04T10:50:00+05:30,155.5,2026-06-04T12:34:00+05:30,135.7,candle_reversal,1,65,-1287.0000000000007,16.12,16.195,12.55494660362794,9.409759066195805,1.3424546458123698,1.311380230532597,8308040,8852805
NIFTY26060923400PE,buy,current,2026-06-04T12:45:00+05:30,162.85,2026-06-04T14:01:00+05:30,144.15,candle_reversal,1,65,-1215.4999999999993,16.2775,15.9925,9.807085347300212,12.582637281946761,1.2178607327915734,1.014855592079865,7006155,5715060
NIFTY26060923500CE,buy,current,2026-06-05T10:10:00+05:30,178.85,2026-06-05T10:15:00+05:30,153.45,candle_reversal,1,65,-1651.0000000000005,15.6875,15.74,15.468982106531751,16.18136773004966,1.5472702249916845,1.6874852322291831,13515580,12814815
NIFTY26060923400PE,buy,current,2026-06-05T10:40:00+05:30,153.3,2026-06-05T11:02:00+05:30,127.3,candle_reversal,1,65,-1690.000000000001,15.98,15.9125,16.680763474958106,13.251221404488803,1.0384421220864855,0.9734287402294356,8272095,9267960
NIFTY26060923500CE,buy,current,2026-06-05T11:05:00+05:30,156.75,2026-06-05T11:58:00+05:30,120.35,candle_reversal,1,65,-2366.0000000000005,15.7725,15.6625,13.807685802850088,10.150472384634877,1.0812459149145386,1.1428790495714354,16301350,16246880
NIFTY26060923400PE,buy,current,2026-06-05T12:00:00+05:30,128.15,2026-06-05T12:25:00+05:30,106.3,candle_reversal,1,65,-1420.2500000000005,15.8525,15.5425,9.968295785732282,8.63554148154162,1.129472182596291,1.2249686605643464,10393955,11286015
NIFTY26060923500CE,buy,current,2026-06-05T12:30:00+05:30,129.3,2026-06-05T12:44:00+05:30,109.65,candle_reversal,1,65,-1277.2500000000005,15.7525,15.7725,8.617930035774398,10.874354747650216,1.2771288778731673,1.0412284732998986,15445300,16395470
NIFTY26060923400PE,buy,current,2026-06-05T12:45:00+05:30,133.5,2026-06-05T14:25:00+05:30,161.35,candle_reversal,1,65,1810.2499999999995,15.7075,16.0775,10.874354747650216,8.820036274927844,1.0185112171056605,0.7030863403337226,9651135,6649565
NIFTY26060923100PE,buy,current,2026-06-08T09:40:00+05:30,83.2,2026-06-08T09:55:00+05:30,77.6,candle_reversal,1,65,-364.00000000000057,17.14,16.945,18.148464562825094,15.200824753063056,0.6374342178184436,0.6218011561230142,14494675,14884155
NIFTY26060923100PE,buy,current,2026-06-08T10:05:00+05:30,86.6,2026-06-08T10:32:00+05:30,70.75,candle_reversal,1,65,-1030.2499999999995,16.9675,16.9225,13.876827858108479,10.07607987281227,0.6812257855389824,0.6368865846624184,15719925,15634840
NIFTY26060923200PE,buy,current,2026-06-08T11:20:00+05:30,119.0,2026-06-08T11:40:00+05:30,107.35,candle_reversal,1,65,-757.2500000000003,16.9525,16.925,8.83632306920079,7.03356808682761,0.7053120427423603,0.7046886739585465,15688465,15992405
NIFTY26060923200PE,buy,current,2026-06-09T09:40:00+05:30,45.8,2026-06-09T09:54:00+05:30,43.5,candle_reversal,1,65,-149.49999999999983,15.905,15.9675,12.559052845038973,11.153793543408694,0.5722437027171587,0.4940561263487033,29518450,26851435
NIFTY26060923200PE,buy,current,2026-06-09T10:00:00+05:30,52.95,2026-06-09T10:45:00+05:30,66.05,candle_reversal,1,65,851.4999999999997,15.9875,16.195,10.526295063278454,6.085581656672495,0.45528224327799655,0.3386403095762365,25034035,17880330
NIFTY26060923100PE,buy,current,2026-06-09T10:50:00+05:30,36.0,2026-06-09T11:05:00+05:30,23.4,stop,1,65,-819.0000000000001,16.295,16.2025,7.662335945861775,6.6357542455675445,0.298835361018014,0.32600278036794256,22165780,25528035
NIFTY26060923200CE,buy,current,2026-06-09T12:20:00+05:30,39.85,2026-06-09T12:58:00+05:30,25.9,stop,1,65,-906.7500000000002,16.165,16.025,6.885186743947954,8.578335609812411,0.4545113561804439,0.581019198362583,44467605,39539825
NIFTY26060923200CE,buy,current,2026-06-09T13:15:00+05:30,46.4,2026-06-09T13:22:00+05:30,30.15,stop,1,65,-1056.25,15.835,15.9475,8.748581712884555,8.61938108767128,0.5813277597448194,0.5932187384612079,40857570,40295385
NIFTY26060923250CE,buy,current,2026-06-09T13:45:00+05:30,17.3,2026-06-09T13:49:00+05:30,11.25,stop,1,65,-393.25000000000006,15.81,15.9075,8.532049775813842,8.26319512965455,0.6083220654758061,0.5951628403271112,41320240,43140045
NIFTY26061623800CE,buy,current,2026-06-10T09:50:00+05:30,46.15,2026-06-10T12:41:00+05:30,34.65,candle_reversal,1,65,-747.5,15.675,15.4375,10.446638163812738,5.621099229510266,0.06634030689526485,0.046663799519654686,4053855,6043830
NIFTY26061623800CE,buy,current,2026-06-10T12:55:00+05:30,37.8,2026-06-10T13:16:00+05:30,42.4,candle_reversal,1,65,299.0000000000001,15.4125,15.425,7.2780105115630835,8.130258727526792,0.04640201909532008,0.04835099710597276,6023290,5943730
NIFTY26061623800CE,buy,current,2026-06-10T13:20:00+05:30,40.0,2026-06-10T14:31:00+05:30,26.0,stop,1,65,-910.0,15.39,15.57,7.908720271273956,9.095165880476765,0.04823891853938125,0.04727150213802033,5941130,5714085
NIFTY26061623800PE,buy,current,2026-06-11T10:00:00+05:30,678.8,2026-06-11T10:09:00+05:30,650.35,candle_reversal,1,65,-1849.2499999999955,15.605,15.54,14.131151151612288,13.733677813647331,0.045637867977933684,0.04506402539126628,409110,409695
NIFTY26061623800PE,buy,current,2026-06-11T10:55:00+05:30,635.4,2026-06-11T11:06:00+05:30,607.5,candle_reversal,1,65,-1813.4999999999986,15.5,15.425,10.256906334763388,10.35489721029337,0.04504962645173324,0.0447985385955888,410475,410215
NIFTY26061623800CE,buy,current,2026-06-11T11:45:00+05:30,13.9,2026-06-11T12:21:00+05:30,15.2,candle_reversal,1,65,84.49999999999993,15.5525,15.58,10.274569150677545,9.634887708376473,0.045005561954264,0.04522503484109882,4990245,4970680
NIFTY26061623750CE,buy,current,2026-06-11T12:35:00+05:30,22.1,2026-06-11T13:22:00+05:30,14.35,stop,1,65,-503.7500000000001,15.61,15.5825,9.265148460144742,10.466189708804283,0.04598329737601737,0.04468086797867816,2061410,1881035
NIFTY26061623800PE,buy,current,2026-06-11T13:25:00+05:30,564.9,2026-06-11T15:09:00+05:30,647.45,eod_square_off,1,65,5365.750000000005,15.6325,15.6325,11.12161255504048,14.155629082839184,0.04483110790184431,0.04316999111527684,399360,391495
NIFTY26061623800CE,buy,current,2026-06-12T11:00:00+05:30,14.75,2026-06-12T11:20:00+05:30,13.3,candle_reversal,1,65,-94.24999999999996,15.0225,14.9025,6.968896718010121,7.302035794822534,0.03040665900401966,0.029739256225709672,10197850,10177115
NIFTY26061623800CE,buy,current,2026-06-12T11:35:00+05:30,14.25,2026-06-12T11:53:00+05:30,14.75,candle_reversal,1,65,32.5,14.87,14.835,6.511852469447291,5.6532595408682615,0.02976272672336361,0.029515866713013827,10142795,10140520
NIFTY26061623900CE,buy,current,2026-06-12T11:55:00+05:30,8.35,2026-06-12T12:09:00+05:30,7.8,candle_reversal,1,65,-35.749999999999986,14.81,14.835,5.6958838593776715,6.316231660478705,0.029454102254841904,0.02935069765545985,5406050,5435755
NIFTY26061624000CE,buy,current,2026-06-15T09:45:00+05:30,81.45,2026-06-15T10:06:00+05:30,70.9,candle_reversal,1,65,-685.7499999999998,14.225,14.2025,14.596692178987917,10.333017215737256,0.7090412131816667,0.7316314916635868,21734570,24003005
NIFTY26061624000CE,buy,current,2026-06-15T10:45:00+05:30,84.5,2026-06-15T11:02:00+05:30,88.35,candle_reversal,1,65,250.24999999999963,14.035,14.0175,6.975792332340014,8.174832382664482,0.8465430790542381,1.0959027930331766,23850320,19026540
NIFTY26061624000CE,buy,current,2026-06-16T10:25:00+05:30,20.8,2026-06-16T11:03:00+05:30,20.05,candle_reversal,1,65,-48.75,13.6,13.5575,8.90917390617209,7.222106484817763,0.7822095687649423,1.0887444598783016,44100095,41372175
NIFTY26061623950CE,buy,current,2026-06-16T12:30:00+05:30,25.85,2026-06-16T12:35:00+05:30,22.75,candle_reversal,1,65,-201.50000000000009,13.5225,13.5125,8.450213197791712,8.076617379214243,0.8151047107080074,0.8407753879620936,36885225,37788920
NIFTY26061624000CE,buy,current,2026-06-16T13:25:00+05:30,13.25,2026-06-16T13:53:00+05:30,8.6,stop,1,65,-302.25,13.4325,13.435,7.389044763987022,7.2000449027711335,0.8486913813342712,0.9639406083657581,59603765,60396375
NIFTY26062324000CE,buy,current,2026-06-17T09:45:00+05:30,196.65,2026-06-17T10:03:00+05:30,184.45,candle_reversal,1,65,-793.0000000000011,13.4075,13.4575,9.426334053987402,7.974120477130874,1.7745060714409322,1.8344146636349614,8610810,8715135
NIFTY26062324000CE,buy,current,2026-06-17T10:20:00+05:30,198.2,2026-06-17T11:00:00+05:30,198.2,candle_reversal,1,65,0.0,13.49,13.445,7.1469578482595875,7.248441403041808,1.778150510387722,1.9343226509578435,8744970,8586240
NIFTY26062324100CE,buy,current,2026-06-17T11:15:00+05:30,146.85,2026-06-17T11:37:00+05:30,146.15,candle_reversal,1,65,-45.49999999999926,13.3975,13.3675,6.515122320750043,7.102097245080091,1.8454417072022595,1.9637859295263507,7272720,7085000
NIFTY26062324000PE,buy,current,2026-06-17T13:15:00+05:30,153.9,2026-06-17T14:38:00+05:30,138.45,candle_reversal,1,65,-1004.2500000000011,13.34,13.265,6.140825518605611,7.627713276027289,1.3848214054828831,1.3603160486430317,11430510,11173825
NIFTY26062324100CE,buy,current,2026-06-18T09:45:00+05:30,132.95,2026-06-18T10:39:00+05:30,109.35,candle_reversal,1,65,-1533.9999999999995,12.935,12.865,10.712974602717113,8.198439155265055,1.7061832491446076,1.7642868040676347,10098140,11139180
NIFTY26062324000PE,buy,current,2026-06-18T11:20:00+05:30,121.05,2026-06-18T12:28:00+05:30,78.7,stop,1,65,-2752.7499999999995,13.1675,12.8175,8.149017563541635,7.823878429886322,1.2553429368506526,1.5307579605005943,9769435,10830690
NIFTY26062324100CE,buy,current,2026-06-18T12:30:00+05:30,127.4,2026-06-18T14:21:00+05:30,108.0,candle_reversal,1,65,-1261.0000000000005,12.8275,12.8575,7.904315684894234,6.138945582894529,1.6809333460507947,1.9146128183294053,11299665,10739430
NIFTY26062324000PE,buy,current,2026-06-19T10:30:00+05:30,132.05,2026-06-19T11:11:00+05:30,133.3,candle_reversal,1,65,81.25,13.23,13.33,7.480121268496704,6.628342125358779,1.3407002655035085,1.0212532129503382,15085005,13028600
NIFTY26062324000PE,buy,current,2026-06-19T11:25:00+05:30,145.1,2026-06-19T11:32:00+05:30,133.4,candle_reversal,1,65,-760.4999999999993,13.4025,13.36,6.657190062181916,6.5252977905998435,1.0371655521162273,1.0160867758167704,13542490,13373230
NIFTY26062324100CE,buy,current,2026-06-22T10:00:00+05:30,98.45,2026-06-22T10:05:00+05:30,93.25,candle_reversal,1,65,-338.00000000000017,12.97,13.0,8.514530638609907,7.715850009511965,2.6897352220645265,2.794227201682759,16658915,16422705
NIFTY26062324100CE,buy,current,2026-06-22T11:00:00+05:30,101.65,2026-06-22T11:53:00+05:30,97.05,candle_reversal,1,65,-299.00000000000057,12.89,12.8675,6.809250048687862,5.760332671040745,3.4655150169287428,3.773654783864556,15396875,14960855
NIFTY26062324100CE,buy,current,2026-06-23T09:40:00+05:30,51.95,2026-06-23T10:26:00+05:30,44.95,candle_reversal,1,65,-455.0,12.5825,12.4875,8.562135081452121,5.903533088514832,3.9410279326873043,4.046646973348544,22067045,29446430
NIFTY26062324100PE,buy,current,2026-06-23T10:55:00+05:30,30.35,2026-06-23T11:14:00+05:30,22.05,candle_reversal,1,65,-539.5,12.4875,12.4825,6.583191842927387,6.009409181598295,3.21002888671998,2.893673540720028,50667630,45847490
NIFTY26062324100CE,buy,current,2026-06-23T11:20:00+05:30,46.9,2026-06-23T11:32:00+05:30,33.6,candle_reversal,1,65,-864.4999999999998,12.465,12.4675,5.951060036857922,6.2856511923649165,3.467250131803662,3.6267109700456257,37629540,37043630
NIFTY26062324100PE,buy,current,2026-06-23T11:40:00+05:30,28.8,2026-06-23T13:20:00+05:30,174.0,candle_reversal,1,65,9438.0,12.485,13.6675,6.182137459828569,7.558947438862726,3.1275720439379313,0.7189446349805699,50590150,5433350
NIFTY26062323900PE,buy,current,2026-06-23T13:25:00+05:30,30.1,2026-06-23T14:12:00+05:30,19.55,stop,1,65,-685.75,13.7975,13.7375,6.956479013987791,9.51395547489452,0.7182669293777236,0.7281631321581066,31370950,24104015
NIFTY26063023800PE,buy,current,2026-06-24T09:50:00+05:30,144.0,2026-06-24T10:10:00+05:30,101.05,candle_reversal,1,65,-2791.75,14.0075,13.7525,14.487248379765845,12.241945580627599,0.8987820976188601,1.0392052090455146,7945600,9082905
NIFTY26063024000CE,buy,current,2026-06-24T11:05:00+05:30,142.85,2026-06-24T12:09:00+05:30,147.3,candle_reversal,1,65,289.25000000000114,13.6125,13.6425,8.968509135407702,7.4625519014094,1.4272295808890398,1.7512752950100552,14750405,14048860
NIFTY26063024000CE,buy,current,2026-06-24T12:10:00+05:30,146.45,2026-06-24T12:29:00+05:30,151.45,candle_reversal,1,65,325.0,13.6575,13.6375,7.4625519014094,7.136522544045422,1.7681680801616486,1.780067672298498,14006415,14240545
NIFTY26063024000CE,buy,current,2026-06-24T12:30:00+05:30,146.2,2026-06-24T15:09:00+05:30,166.55,eod_square_off,1,65,1322.7500000000014,13.6225,13.405,7.136522544045422,9.813085204017826,1.7863832911098798,1.9952760832802934,14243015,11535720
NIFTY26063024100CE,buy,current,2026-06-25T09:50:00+05:30,154.3,2026-06-25T10:54:00+05:30,158.4,candle_reversal,1,65,266.49999999999966,12.815,12.725,10.623443516898385,7.313427230774337,2.2730300817146722,2.6426273114811822,8100820,6985680
NIFTY26063024100CE,buy,current,2026-06-25T11:00:00+05:30,164.2,2026-06-25T12:29:00+05:30,186.3,candle_reversal,1,65,1436.5000000000014,12.7475,12.8675,7.444053885278156,7.9050774800634525,2.6731782644920083,3.0194893767566184,6852235,5323240
NIFTY26063024100PE,buy,current,2026-06-25T14:15:00+05:30,96.1,2026-06-25T15:09:00+05:30,106.8,eod_square_off,1,65,695.5000000000002,13.065,13.07,10.387876941753719,14.905893620260668,2.82595823985664,2.074057908183229,11644425,7623590
NIFTY26063024000PE,buy,current,2026-06-29T10:05:00+05:30,58.4,2026-06-29T10:26:00+05:30,40.9,candle_reversal,1,65,-1137.5,13.6425,13.3875,11.330734646756591,10.87144203948426,2.0989743036484896,2.175444153673383,24098990,24106080
NIFTY26063024100CE,buy,current,2026-06-29T10:30:00+05:30,95.1,2026-06-29T10:49:00+05:30,80.95,candle_reversal,1,65,-919.7499999999994,13.4025,13.45,10.292677901146606,9.58620755804668,2.477230028098554,2.5771403898294136,18551065,19380725
NIFTY26063024000PE,buy,current,2026-06-29T10:55:00+05:30,55.75,2026-06-29T12:58:00+05:30,101.25,candle_reversal,1,65,2957.5,13.4625,13.8825,10.174772068278156,8.41392336776015,2.2835170206907707,1.0462260997883903,24946200,16658310
NIFTY26063023900PE,buy,current,2026-06-29T13:00:00+05:30,56.0,2026-06-29T13:31:00+05:30,54.6,candle_reversal,1,65,-90.99999999999991,13.8275,13.8225,8.273643127205906,7.707225673028228,1.0507095724585704,1.080576866436274,14213225,15350790
NIFTY26063023800PE,buy,current,2026-06-30T09:50:00+05:30,37.1,2026-06-30T10:02:00+05:30,24.1,stop,1,65,-845.0,13.9175,13.7775,12.154907270251572,9.949984615820227,0.6834209755033869,0.7083988066757688,16507790,17965090
NIFTY26063023900PE,buy,current,2026-06-30T10:10:00+05:30,63.85,2026-06-30T10:49:00+05:30,41.5,stop,1,65,-1452.75,13.805,13.5975,10.78934402764494,8.974262159947957,0.7745680446219096,0.8406317569433289,17944485,23181600
NIFTY26063023900PE,buy,current,2026-06-30T11:00:00+05:30,59.65,2026-06-30T11:11:00+05:30,38.75,stop,1,65,-1358.5,13.7175,13.5025,9.480240221596627,10.047036964451612,0.8464588604243174,0.8418285700534993,23549175,23893935
NIFTY26063024000CE,buy,current,2026-06-30T11:25:00+05:30,54.8,2026-06-30T11:29:00+05:30,42.05,candle_reversal,1,65,-828.75,13.22,13.2825,11.750684703598738,12.28333641796084,1.386884084208782,1.4215211033521022,33500275,34785910
NIFTY26063024000CE,buy,current,2026-06-30T14:25:00+05:30,21.15,2026-06-30T14:27:00+05:30,13.75,stop,1,65,-480.9999999999999,13.33,13.385,13.592683609771882,13.931496315841542,1.2301260589706045,1.2356134671970507,38878595,41447405
NIFTY26070724200CE,buy,current,2026-07-01T09:50:00+05:30,70.4,2026-07-01T11:33:00+05:30,81.6,candle_reversal,1,65,727.9999999999993,13.685,13.4625,10.411964457659769,6.795345147376876,0.08937178292413145,0.09244776873066969,5615610,6797310
NIFTY26070724200CE,buy,current,2026-07-01T11:35:00+05:30,78.1,2026-07-01T14:30:00+05:30,83.45,candle_reversal,1,65,347.75000000000057,13.4825,13.345,6.845677636849956,6.773047116761625,0.09264153126917217,0.09674205801889149,6767150,7154745
NIFTY26070724200CE,buy,current,2026-07-02T09:45:00+05:30,114.95,2026-07-02T09:50:00+05:30,109.6,candle_reversal,1,65,-347.75000000000057,12.765,12.74,10.678953277466258,9.572431088749207,0.17924308070879147,0.18291145392585137,7054385,7329725
NIFTY26070724200CE,buy,current,2026-07-02T10:30:00+05:30,82.1,2026-07-02T12:33:00+05:30,87.6,candle_reversal,1,65,357.5,12.755,12.575,9.49831821383981,6.839469179234299,0.11433674255131436,0.13036582684888354,9472580,9125415
NIFTY26070724350CE,buy,current,2026-07-03T10:30:00+05:30,105.3,2026-07-03T13:12:00+05:30,79.65,candle_reversal,1,65,-1667.2499999999995,12.02,11.8775,8.60898121403699,7.223233163769672,0.6318301097421319,0.6377551087168442,11111945,13446290
NIFTY26070724400CE,buy,current,2026-07-06T10:20:00+05:30,65.65,2026-07-06T12:21:00+05:30,87.0,candle_reversal,1,65,1387.7499999999995,11.8975,11.875,7.721119062354366,6.05987271252325,0.9491910659984267,1.3778806756838315,19064955,16178890
NIFTY26070724500CE,buy,current,2026-07-06T12:25:00+05:30,40.15,2026-07-06T12:40:00+05:30,40.05,candle_reversal,1,65,-6.500000000000092,11.8725,11.9075,5.7174345296695375,6.14008252236187,1.3843808209359147,1.4291124003086693,15662140,16350165
NIFTY26070724500CE,buy,current,2026-07-06T13:10:00+05:30,40.5,2026-07-06T13:48:00+05:30,33.65,candle_reversal,1,65,-445.2500000000001,11.935,11.92,6.527619775955387,6.135283993830883,1.3659507435460807,1.3506646698341402,17679025,19085560
NIFTY26070724500CE,buy,current,2026-07-07T09:45:00+05:30,22.8,2026-07-07T12:10:00+05:30,35.45,candle_reversal,1,65,822.2500000000001,11.855,11.745,11.661503763966163,6.312725024433694,1.0019954970611276,1.7045475413465507,38955735,32740370
NIFTY26070724500CE,buy,current,2026-07-07T12:15:00+05:30,27.75,2026-07-07T12:31:00+05:30,18.05,stop,1,65,-630.5,11.7175,11.685,6.734982544326701,7.528472815474816,1.6627485690833448,1.498701031731686,34454550,42716115
NIFTY26070724400PE,buy,current,2026-07-07T13:10:00+05:30,13.3,2026-07-07T13:46:00+05:30,8.65,stop,1,65,-302.25,11.665,11.635,8.126971174072303,7.886163204324061,1.0863042326930352,0.8570050460722665,55236415,58060015
NIFTY26071424200PE,buy,current,2026-07-08T11:45:00+05:30,121.75,2026-07-08T15:09:00+05:30,393.8,eod_square_off,1,65,17683.25,12.22,14.765,7.68485697298775,18.26189157043301,3.1539328950447865,0.6683902736475048,10070515,4292600
NIFTY26071424000PE,buy,current,2026-07-09T10:50:00+05:30,133.25,2026-07-09T11:25:00+05:30,114.2,candle_reversal,1,65,-1238.2499999999998,13.3675,13.1675,19.817258031977328,12.873442032297111,1.2382496650568038,1.0868110401966893,9513075,9614540
NIFTY26071424000PE,buy,current,2026-07-09T11:50:00+05:30,110.7,2026-07-09T12:24:00+05:30,102.75,candle_reversal,1,65,-516.7500000000002,13.1475,13.135,11.687650418893595,8.973265643136115,1.2292377196023516,1.2268346779880956,9926475,10116145
NIFTY26071424000PE,buy,current,2026-07-09T12:40:00+05:30,121.35,2026-07-09T13:33:00+05:30,106.35,candle_reversal,1,65,-975.0,13.2275,13.1725,8.380056446702921,8.826408126907202,1.2648199016037223,1.1882900740200397,10231975,10123165
NIFTY26071424200CE,buy,current,2026-07-10T10:00:00+05:30,125.6,2026-07-10T10:31:00+05:30,108.05,candle_reversal,1,65,-1140.7499999999998,12.535,12.455,8.0901055296319,7.148648054553858,2.0417295234016017,2.296754967092145,13159835,13779025
NIFTY26071424200CE,buy,current,2026-07-10T13:05:00+05:30,104.05,2026-07-10T13:09:00+05:30,97.65,candle_reversal,1,65,-415.99999999999943,12.38,12.3625,6.611838576590886,7.18084248865477,1.9106841699152233,1.9064812772017088,18783570,18835895
NIFTY26071424200CE,buy,current,2026-07-10T13:40:00+05:30,105.05,2026-07-10T14:53:00+05:30,100.0,candle_reversal,1,65,-328.24999999999983,12.3275,12.3075,6.783066341469909,6.840277907476464,1.9099535315160738,2.4503777120828123,18880095,15594020
NIFTY26071424200CE,buy,current,2026-07-13T10:35:00+05:30,61.1,2026-07-13T11:55:00+05:30,58.8,candle_reversal,1,65,-149.50000000000028,13.3475,13.365,10.632301664013381,8.008625388030493,2.4662270865414757,2.6212060332233458,14692405,15821065
NIFTY26071424200CE,buy,current,2026-07-13T12:15:00+05:30,71.4,2026-07-13T13:29:00+05:30,70.55,candle_reversal,1,65,-55.250000000000554,13.435,13.34,9.033360578400064,9.377362207909828,2.9571043294166417,3.564348819445853,15729415,15999555
NIFTY26071424200CE,buy,current,2026-07-13T13:35:00+05:30,85.95,2026-07-13T15:09:00+05:30,84.05,eod_square_off,1,65,-123.50000000000037,13.3725,13.2675,9.005961515777818,7.988995737224241,3.369466457862439,3.760604381911717,16761550,13206115
NIFTY26071424100PE,buy,current,2026-07-14T09:40:00+05:30,66.65,2026-07-14T10:31:00+05:30,55.0,candle_reversal,1,65,-757.2500000000003,13.7475,13.725,15.005816079232105,11.00207757241898,1.9743818285092254,1.3843722359825406,29432650,24427975
NIFTY26071424000PE,buy,current,2026-07-14T10:40:00+05:30,22.1,2026-07-14T10:45:00+05:30,15.85,candle_reversal,1,65,-406.2500000000001,13.7175,13.6975,10.339433495126517,10.374182067683686,1.5675535284292985,1.5831478350834343,43796220,44268315
NIFTY26071424100PE,buy,current,2026-07-14T11:45:00+05:30,42.15,2026-07-14T12:02:00+05:30,35.35,candle_reversal,1,65,-441.99999999999983,13.455,13.47,9.96121671893496,8.839939261555347,1.9213523467955886,1.7803828663792551,41475200,40564420
NIFTY26072124200CE,buy,current,2026-07-15T11:30:00+05:30,148.8,2026-07-15T11:50:00+05:30,135.0,candle_reversal,1,65,-897.0000000000007,13.095,13.12,7.156337276433081,7.357125182173048,0.9309684790300715,0.8907093180087202,10194340,10826725
NIFTY26072124200PE,buy,current,2026-07-15T12:40:00+05:30,187.25,2026-07-15T14:00:00+05:30,239.9,candle_reversal,1,65,3422.2500000000005,13.175,13.4125,7.912292499620462,9.098959758893958,0.8030751232556196,0.49532927478428124,9588930,4794335
NIFTY26072124000PE,buy,current,2026-07-15T14:05:00+05:30,136.5,2026-07-15T15:09:00+05:30,132.25,eod_square_off,1,65,-276.25,13.43,13.245,8.596046951107967,9.130529588242437,0.5132936550183057,0.4997175771268988,7768540,7088445
NIFTY26072124100CE,buy,current,2026-07-16T09:45:00+05:30,156.8,2026-07-16T09:49:00+05:30,147.5,candle_reversal,1,65,-604.5000000000007,12.955,12.9925,11.914245978201901,10.976366305677024,0.6155263772516276,0.6467929359564508,8133125,7920315
NIFTY26072124100PE,buy,current,2026-07-16T10:40:00+05:30,120.0,2026-07-16T10:47:00+05:30,107.2,candle_reversal,1,65,-831.9999999999998,12.9275,12.855,7.559981935621089,7.244944101375519,0.6596493906018834,0.6813888296048325,9043190,9226230
NIFTY26072124200CE,buy,current,2026-07-16T10:50:00+05:30,114.35,2026-07-16T13:37:00+05:30,74.35,stop,1,65,-2600.0,12.835,13.005,6.945895679247351,8.498821264316419,0.7431380540375484,0.6114208484999915,10101715,11232065
NIFTY26072124100PE,buy,current,2026-07-16T13:40:00+05:30,165.1,2026-07-16T15:09:00+05:30,141.25,eod_square_off,1,65,-1550.2499999999995,13.105,12.8875,8.159187722803301,10.16883816551361,0.5796862283349075,0.5427145557837245,7698795,7050030
NIFTY26072124200CE,buy,current,2026-07-17T09:50:00+05:30,136.4,2026-07-17T12:40:00+05:30,141.6,candle_reversal,1,65,337.99999999999926,13.145,13.2725,9.285469896974414,6.947041807291216,1.3896826089984755,1.9903532220960367,13022165,8639800
NIFTY26072124300CE,buy,current,2026-07-17T12:45:00+05:30,100.4,2026-07-17T13:51:00+05:30,65.25,stop,1,65,-2284.7500000000005,13.3025,13.055,7.3925476639433585,8.603803321043777,1.9985599841294848,1.7660918822982392,10611965,10905830
NIFTY26072124300CE,buy,current,2026-07-17T14:15:00+05:30,139.0,2026-07-17T15:09:00+05:30,122.0,eod_square_off,1,65,-1105.0,13.0775,13.1,7.462849219615096,7.617645254986161,1.7673380376831038,2.1054147893116326,11103690,8653385
NIFTY26072124200PE,buy,current,2026-07-20T09:40:00+05:30,117.65,2026-07-20T09:56:00+05:30,105.0,candle_reversal,1,65,-822.2500000000003,13.595,13.545,14.546383748600539,10.698656139636697,0.9960016523946539,0.8985247953470288,16555370,16125460
NIFTY26072124200PE,buy,current,2026-07-20T11:45:00+05:30,101.3,2026-07-20T12:58:00+05:30,95.25,candle_reversal,1,65,-393.24999999999983,13.42,13.3525,6.688837952647616,7.95008699209661,1.1606278796457823,0.7794254695794322,24645400,16192410
NIFTY26072124200CE,buy,current,2026-07-20T13:15:00+05:30,90.9,2026-07-20T13:44:00+05:30,97.25,candle_reversal,1,65,412.74999999999966,13.2175,13.195,8.419556632898237,6.210551796864002,0.9480670934782787,1.326989823587584,22163960,16398460
NIFTY26072124300CE,buy,current,2026-07-20T13:50:00+05:30,55.05,2026-07-20T15:09:00+05:30,47.3,eod_square_off,1,65,-503.75,13.14,12.975,7.505207295161705,6.260929535614723,1.2875086757861658,1.461747784902498,15636465,14170065
NIFTY26072124200PE,buy,current,2026-07-21T10:25:00+05:30,42.9,2026-07-21T11:32:00+05:30,45.1,candle_reversal,1,65,143.00000000000017,12.8575,12.7125,7.289265714126782,5.788233250532653,0.8251649992375102,0.6618282721186041,32472570,27749865
NIFTY26072124150PE,buy,current,2026-07-21T11:35:00+05:30,21.4,2026-07-21T11:57:00+05:30,23.9,candle_reversal,1,65,162.5,12.665,12.74,5.656180710918505,5.515378371749696,0.673212922089784,0.6303934661872416,28006160,28594345
NIFTY26072824000PE,buy,current,2026-07-22T10:20:00+05:30,151.5,2026-07-22T10:49:00+05:30,161.25,candle_reversal,1,65,633.75,13.025,13.0975,7.717707950638536,7.243391018134725,0.9677487674179491,0.8407936220215861,11435190,11324755
NIFTY26072824000PE,buy,current,2026-07-22T12:05:00+05:30,160.35,2026-07-22T12:50:00+05:30,161.8,candle_reversal,1,65,94.25000000000111,12.9875,13.0275,6.381424193451105,6.5335937145753205,0.9249807580515782,0.8111791227258239,12663690,11910145
NIFTY26072824000PE,buy,current,2026-07-23T11:25:00+05:30,156.3,2026-07-23T15:09:00+05:30,198.4,eod_square_off,1,65,2736.4999999999995,13.0425,13.48,6.254767482229701,10.598709240795717,1.0008103872141236,0.6335589372830546,13443430,6922955
NIFTY26072823700PE,buy,current,2026-07-24T09:40:00+05:30,132.9,2026-07-24T10:39:00+05:30,143.0,candle_reversal,1,65,656.4999999999997,14.315,14.5075,14.786427691818345,8.421554524335155,0.4736086134092254,0.34980458202947773,10444395,9360130
NIFTY26072823700PE,buy,current,2026-07-24T11:00:00+05:30,154.8,2026-07-24T11:18:00+05:30,140.35,candle_reversal,1,65,-939.2500000000011,14.555,14.4675,6.414880616422707,6.564517899239624,0.3577194445969585,0.34498894717837464,10011365,9501310
NIFTY26072823800CE,buy,current,2026-07-24T12:30:00+05:30,133.85,2026-07-24T13:03:00+05:30,122.25,candle_reversal,1,65,-753.9999999999997,13.9075,14.025,8.966296560566612,8.22219343393851,0.5750697684359657,0.6897006301257846,8414250,9335040
NIFTY26072823800CE,buy,current,2026-07-24T13:20:00+05:30,126.15,2026-07-24T13:32:00+05:30,119.6,candle_reversal,1,65,-425.75000000000074,14.1725,14.205,7.147080522960946,7.227028701577645,0.6631474218181872,0.6892816829296773,10083645,9633455
NIFTY26072823800CE,buy,current,2026-07-24T13:55:00+05:30,123.35,2026-07-24T14:12:00+05:30,128.25,candle_reversal,1,65,318.50000000000034,14.165,14.0825,8.765289838934077,8.693250508577254,0.6062653802308746,0.692157800163999,10947170,9730240
NIFTY26072824000CE,buy,current,2026-07-27T10:45:00+05:30,47.5,2026-07-27T10:49:00+05:30,43.65,candle_reversal,1,65,-250.25000000000009,13.365,13.3725,7.249922227063185,6.837322104355757,0.603165222530266,0.6323968280271312,26699075,26530725
NIFTY26072824000CE,buy,current,2026-07-27T11:00:00+05:30,49.35,2026-07-27T11:06:00+05:30,45.95,candle_reversal,1,65,-220.99999999999991,13.3375,13.285,7.3579614949577365,7.167747108109455,0.6269203190505533,0.6604434066396282,27304745,27239615
NIFTY26072824000CE,buy,current,2026-07-27T11:20:00+05:30,51.15,2026-07-27T12:01:00+05:30,56.05,candle_reversal,1,65,318.4999999999999,13.21,13.2125,7.076028667467008,6.739367947293078,0.690903260365771,0.9459764701387807,27249040,25302615
NIFTY26072824000CE,buy,current,2026-07-28T09:40:00+05:30,52.4,2026-07-28T10:02:00+05:30,34.05,stop,1,65,-1192.75,12.7075,12.6425,10.170154097827014,8.909322132155609,1.1441954187003982,1.1002069754134656,29099980,32907290
NIFTY26072824000CE,buy,current,2026-07-28T10:35:00+05:30,34.65,2026-07-28T11:32:00+05:30,34.75,candle_reversal,1,65,6.500000000000092,12.71,12.655,7.558868872050406,5.283728833435541,1.0069917718680923,1.2925635577307257,38845625,31825950
NIFTY26072824000CE,buy,current,2026-07-28T11:40:00+05:30,37.0,2026-07-28T12:36:00+05:30,31.9,candle_reversal,1,65,-331.5000000000001,12.5975,12.56,5.136118448621686,5.308535623384539,1.1867673313572071,1.2744617176588218,35647755,32617520
NIFTY26072824000PE,buy,current,2026-07-28T13:15:00+05:30,48.0,2026-07-28T13:22:00+05:30,31.2,stop,1,65,-1092.0,12.705,12.655,6.2773622003809635,6.70547461153883,1.0504057279608852,0.9422022647287928,43023565,36235290
NIFTY26072823950PE,buy,current,2026-07-28T13:45:00+05:30,10.1,2026-07-28T13:51:00+05:30,6.55,stop,1,65,-230.75,12.7,12.6425,5.6349386580329375,7.011355735101601,0.9438527469039372,0.9489158122194113,36332530,35110010
NIFTY26080424300CE,buy,current,2026-07-29T09:50:00+05:30,97.2,2026-07-29T14:38:00+05:30,105.05,candle_reversal,1,65,510.24999999999966,12.2175,12.0775,10.365153445077965,6.1403956106035205,0.14374567626099982,0.23287072479699533,5639075,6922500
NIFTY26080424300CE,buy,current,2026-07-30T11:15:00+05:30,84.25,2026-07-30T11:31:00+05:30,90.5,candle_reversal,1,65,406.25,12.1425,12.085,6.669913066246993,6.439916289816466,0.18948234333664665,0.20987194524468467,9425000,9175465
NIFTY26080424300CE,buy,current,2026-07-30T12:35:00+05:30,129.35,2026-07-30T13:12:00+05:30,84.1,stop,1,65,-2941.25,12.1725,12.18,10.55749623824272,9.43281928318102,0.2612159357229549,0.2427159559805034,7679880,9018620
NIFTY26080424300PE,buy,current,2026-07-30T14:25:00+05:30,144.85,2026-07-30T14:39:00+05:30,128.05,candle_reversal,1,65,-1091.9999999999989,12.2025,12.1225,6.6412588860584085,7.914979854851596,0.19260616661807783,0.18553524685709719,6319950,6077240
NIFTY26080424350CE,buy,current,2026-07-31T09:45:00+05:30,93.65,2026-07-31T10:06:00+05:30,94.4,candle_reversal,1,65,48.75,11.9125,11.9425,11.340018517686895,7.609766104286284,0.27080566758728414,0.3406914844627825,13611325,13374595
NIFTY26080424350CE,buy,current,2026-07-31T10:40:00+05:30,97.0,2026-07-31T11:09:00+05:30,90.7,candle_reversal,1,65,-409.49999999999983,11.865,11.9,6.232392609108865,5.6016478123898485,0.34780988317906086,0.37037836184478445,14003275,13881010
NIFTY26080424400CE,buy,current,2026-07-31T11:25:00+05:30,76.35,2026-07-31T11:40:00+05:30,72.0,candle_reversal,1,65,-282.74999999999966,11.8275,11.815,5.540038629621543,4.937065325725581,0.4115991673315616,0.4364791014461584,15704455,15662400
NIFTY26080424600CE,buy,current,2026-08-03T10:15:00+05:30,54.6,2026-08-03T10:23:00+05:30,53.3,candle_reversal,1,65,-84.50000000000028,11.8075,11.8225,7.050224205337997,6.711245343634102,1.122644531182787,1.2568935070573648,20115290,19595810
NIFTY26080424600CE,buy,current,2026-08-03T10:40:00+05:30,54.8,2026-08-03T11:46:00+05:30,57.35,candle_reversal,1,65,165.75000000000028,11.835,11.9225,7.040737589138915,5.605349310197829,1.2307425392108964,1.4027836259451147,20039630,21604895
NIFTY26080424600CE,buy,current,2026-08-04T09:45:00+05:30,51.7,2026-08-04T10:23:00+05:30,38.75,candle_reversal,1,65,-841.7500000000002,11.8475,11.8975,10.204420197200458,6.6951877420427275,1.045879793424355,1.0629251686729693,32290635,34282235
NIFTY26080424550PE,buy,current,2026-08-04T11:35:00+05:30,28.75,2026-08-04T12:20:00+05:30,61.8,candle_reversal,1,65,2148.25,12.025,12.2175,5.2711667792285315,6.768015793383064,0.8251427915857446,0.542630303793454,27348620,12600315
NIFTY26080424500PE,buy,current,2026-08-04T12:25:00+05:30,35.95,2026-08-04T14:07:00+05:30,61.95,candle_reversal,1,65,1690.0,12.1975,12.32,6.6188228622140794,7.272399001024285,0.5655444498730497,0.48417360742380205,28192645,13362635
NIFTY26080424400PE,buy,current,2026-08-04T14:10:00+05:30,18.95,2026-08-04T14:20:00+05:30,12.3,stop,1,65,-432.2499999999999,12.325,12.21,7.113446077413949,7.244091105737381,0.49903620789441244,0.5472280601464106,28092285,25894310
NIFTY26081124600CE,buy,current,2026-08-05T10:50:00+05:30,168.6,2026-08-05T11:20:00+05:30,170.1,candle_reversal,1,65,97.5,11.9325,11.995,7.759266734622055,7.831524274321907,0.8519863280543986,1.0840428086407556,10992605,8401055
NIFTY26081124700CE,buy,current,2026-08-05T11:25:00+05:30,116.75,2026-08-05T11:32:00+05:30,110.05,candle_reversal,1,65,-435.50000000000017,12.0225,12.0525,7.471107476023596,6.67356962507202,1.0733553062481274,1.0098402935051125,8703175,9108515
NIFTY26081124600PE,buy,current,2026-08-05T12:35:00+05:30,168.55,2026-08-05T13:10:00+05:30,176.35,candle_reversal,1,65,506.99999999999886,12.4275,12.4725,7.217234499665831,7.151360528374082,0.6995435653217156,0.5747060076764202,7455500,6466265
NIFTY26081124500PE,buy,current,2026-08-05T13:15:00+05:30,130.35,2026-08-05T14:04:00+05:30,128.1,candle_reversal,1,65,-146.25,12.5075,12.415,7.825611933852689,7.865363300342,0.5808552365703765,0.5716713504379443,6461390,7118540
NIFTY26081124500PE,buy,current,2026-08-05T14:05:00+05:30,125.9,2026-08-05T15:09:00+05:30,102.75,eod_square_off,1,65,-1504.7500000000005,12.42,12.205,7.865363300342,8.444875306889408,0.5719965964369619,0.6010102668633877,7124845,7061925
NIFTY26081124700CE,buy,current,2026-08-06T09:50:00+05:30,136.95,2026-08-06T11:35:00+05:30,134.0,candle_reversal,1,65,-191.74999999999926,12.175,12.2725,8.411577154849189,6.675314577820859,1.2675405281490149,1.4606847650325911,7599345,8929960
NIFTY26081124700CE,buy,current,2026-08-06T13:20:00+05:30,113.85,2026-08-06T13:24:00+05:30,108.7,candle_reversal,1,65,-334.74999999999943,12.305,12.3375,9.19948884437716,9.356817958096595,1.1394292327565108,1.1067210829848853,10761855,10905440
NIFTY26081124700CE,buy,current,2026-08-06T14:00:00+05:30,118.8,2026-08-06T14:31:00+05:30,118.9,candle_reversal,1,65,6.500000000000554,12.1875,12.125,9.575547748220986,7.098912259983097,1.1360264102392394,1.377497599880693,10911420,10188230
NIFTY26081124600CE,buy,current,2026-08-07T10:00:00+05:30,152.8,2026-08-07T10:12:00+05:30,141.25,candle_reversal,1,65,-750.7500000000007,12.46,12.425,7.77114706029923,7.114114114540692,1.390786816006339,1.3578030365315574,11717810,12160850
NIFTY26081124600PE,buy,current,2026-08-07T10:20:00+05:30,127.75,2026-08-07T10:47:00+05:30,127.9,candle_reversal,1,65,9.75000000000037,12.3925,12.455,7.697927532664003,6.439911231194208,1.147291752773732,0.9179459343065038,18164575,16205540
NIFTY26081124600PE,buy,current,2026-08-07T11:00:00+05:30,132.85,2026-08-07T11:27:00+05:30,124.65,candle_reversal,1,65,-532.9999999999993,12.4925,12.4025,6.376743423269384,5.999903732117078,0.9370377723061777,0.8991777545223502,16449615,15645435
NIFTY26081124600PE,buy,current,2026-08-07T11:50:00+05:30,135.65,2026-08-07T13:24:00+05:30,128.4,candle_reversal,1,65,-471.25,12.4825,12.385,5.689938918981956,6.773398645641357,0.9496552504277638,0.7720332663214134,16506165,14146535
NIFTY26081124600CE,buy,current,2026-08-10T10:20:00+05:30,87.0,2026-08-10T10:53:00+05:30,93.6,candle_reversal,1,65,428.99999999999966,12.63,12.6075,7.867927477834579,6.428946423421345,0.8443003276398842,1.360119504376244,26059215,21819005
NIFTY26081124600CE,buy,current,2026-08-10T11:05:00+05:30,98.35,2026-08-10T11:33:00+05:30,92.25,candle_reversal,1,65,-396.49999999999966,12.6275,12.5,5.728562863778559,6.88117264822034,1.3359756635083335,1.4283740130594582,22038380,20800780
NIFTY26081124600PE,buy,current,2026-08-10T13:10:00+05:30,78.9,2026-08-10T14:59:00+05:30,73.7,candle_reversal,1,65,-338.00000000000017,12.465,12.29,6.223045892165196,7.023776813370981,1.3280216590360547,1.0836561172136334,27113190,20074730
NIFTY26081124500PE,buy,current,2026-08-11T09:50:00+05:30,70.95,2026-08-11T09:59:00+05:30,62.85,candle_reversal,1,65,-526.5000000000001,12.2875,12.245,8.394281863402707,7.86763068348494,0.6155163617489905,0.6062676374437607,18730140,19494930
NIFTY26081124450PE,buy,current,2026-08-11T11:05:00+05:30,43.05,2026-08-11T11:40:00+05:30,41.9,candle_reversal,1,65,-74.74999999999991,12.25,12.29,6.164142014179445,4.933873359579492,0.6422575772093831,0.6058322105291899,19824545,20239115
NIFTY26081124400PE,buy,current,2026-08-11T11:45:00+05:30,23.8,2026-08-11T12:29:00+05:30,22.45,candle_reversal,1,65,-87.75000000000009,12.1675,12.25,4.7887639791480385,5.4760490059046365,0.6199922288014026,0.5943788176718807,26339950,28469415
NIFTY26081824400PE,buy,current,2026-08-12T09:50:00+05:30,112.05,2026-08-12T13:02:00+05:30,162.9,candle_reversal,1,65,3305.2500000000005,11.8,11.96,8.706956420820857,5.867612366265077,1.9105046899412297,0.8746080119578445,7972315,6351865
NIFTY26081824300PE,buy,current,2026-08-12T13:05:00+05:30,114.55,2026-08-12T14:42:00+05:30,84.35,candle_reversal,1,65,-1963.0000000000002,11.9525,11.8425,5.639931070912138,7.201970387205159,0.8750167057939476,1.0599651579516256,7152275,8063120
NIFTY26081824300PE,buy,current,2026-08-13T10:30:00+05:30,82.95,2026-08-13T10:50:00+05:30,69.6,candle_reversal,1,65,-867.7500000000006,11.705,11.5625,7.025223558992292,5.619937420071888,1.299444898750178,1.2418363712344096,9579180,9656140
NIFTY26081824400CE,buy,current,2026-08-13T11:40:00+05:30,107.95,2026-08-13T12:10:00+05:30,137.05,candle_reversal,1,65,1891.5000000000005,11.5225,11.49,5.32848700456223,6.876169970543887,1.3749948449052936,1.9567820642140723,11233105,8817770
NIFTY26081824500CE,buy,current,2026-08-13T12:15:00+05:30,82.0,2026-08-13T12:49:00+05:30,73.75,candle_reversal,1,65,-536.25,11.5175,11.4925,6.561311446498903,6.0891720913216565,1.9463982979171288,1.8642707427107308,11295895,11746735
NIFTY26081824400PE,buy,current,2026-08-13T13:20:00+05:30,87.85,2026-08-13T13:39:00+05:30,85.15,candle_reversal,1,65,-175.49999999999926,11.4225,11.4225,8.19586156137199,6.661282762340127,1.688375438190606,1.6331958390166144,10023975,9616880
NIFTY26081824400CE,buy,current,2026-08-13T13:45:00+05:30,130.0,2026-08-13T14:09:00+05:30,120.55,candle_reversal,1,65,-614.2500000000002,11.4375,11.435,7.1569130620379715,7.266472341286552,1.6575320667455533,1.8051706694419565,10199735,9330165
NIFTY26081824400PE,buy,current,2026-08-13T14:15:00+05:30,84.0,2026-08-13T15:09:00+05:30,85.6,eod_square_off,1,65,103.99999999999963,11.4525,11.44,6.6546229156995835,8.083324173224188,1.7140826875643511,1.59929986758682,9582235,7660510
NIFTY26081824300PE,buy,current,2026-08-14T10:35:00+05:30,66.9,2026-08-14T10:47:00+05:30,60.95,candle_reversal,1,65,-386.75000000000017,11.45,11.3975,7.11427386521843,5.718637624341944,1.138854033007389,1.095204202074431,15229890,15685150
NIFTY26081824350CE,buy,current,2026-08-14T12:20:00+05:30,100.4,2026-08-14T13:33:00+05:30,92.05,candle_reversal,1,65,-542.7500000000006,11.305,11.375,4.932037540596942,4.432909780048996,1.2126917240493231,1.3643709570773976,13477815,12543505
NIFTY26081824400CE,buy,current,2026-08-14T13:45:00+05:30,109.0,2026-08-14T14:21:00+05:30,92.65,candle_reversal,1,65,-1062.7499999999995,11.335,11.3175,4.719003391539842,5.26470281055793,1.3298492932696808,1.960915030897968,16108170,13088660
NIFTY26081824300PE,buy,current,2026-08-17T10:20:00+05:30,72.05,2026-08-17T12:16:00+05:30,58.45,candle_reversal,1,65,-883.9999999999997,11.5725,11.4775,6.998231694091179,6.533566780039187,0.7390309240812505,0.7230233243916824,16634865,15658305
NIFTY26081824300CE,buy,current,2026-08-17T12:45:00+05:30,77.7,2026-08-17T13:10:00+05:30,109.55,candle_reversal,1,65,2070.2499999999995,11.4375,11.39,5.415881155161963,7.188461200291903,0.9503344699764275,1.627243293973023,26960765,12514255
NIFTY26081824400CE,buy,current,2026-08-17T13:15:00+05:30,58.15,2026-08-17T14:10:00+05:30,47.35,candle_reversal,1,65,-701.9999999999998,11.3875,11.38,6.949256568657572,4.95852276526658,1.6401311245444434,1.7452540726946018,18091710,20699445
NIFTY26081824200PE,buy,current,2026-08-18T10:20:00+05:30,24.6,2026-08-18T12:51:00+05:30,22.25,candle_reversal,1,65,-152.75000000000009,11.4875,11.6575,5.737973365888392,5.04539971107013,0.7825370340364945,0.6563951852953451,36601630,37727690
NIFTY26081824200PE,buy,current,2026-08-18T12:55:00+05:30,21.1,2026-08-18T13:15:00+05:30,20.6,candle_reversal,1,65,-32.5,11.645,11.595,4.881138179745186,5.269991278945983,0.6688442457456014,0.6604864459371715,38920895,37649365
NIFTY26081824200PE,buy,current,2026-08-18T13:40:00+05:30,24.05,2026-08-18T14:30:00+05:30,15.65,stop,1,65,-546.0,11.63,11.4575,5.473614215416975,7.118842472744457,0.6765052453779774,0.6761255263673847,39239655,40415505
NIFTY26090823800PE,buy,current,2026-09-02T10:55:00+05:30,96.5,2026-09-02T11:54:00+05:30,100.25,candle_reversal,1,65,243.75,11.78,11.84,7.625654286839018,5.612382769011158,1.0352934091266481,0.8476001251418352,11271780,10241400
NIFTY26090823800PE,buy,current,2026-09-02T12:00:00+05:30,107.3,2026-09-02T12:12:00+05:30,97.0,candle_reversal,1,65,-669.4999999999998,11.88,11.77,5.901561729217183,6.713022228704239,0.828797857877719,0.8064085567823122,10153520,10141430
NIFTY26090824000CE,buy,current,2026-09-03T09:45:00+05:30,146.7,2026-09-03T10:15:00+05:30,129.7,candle_reversal,1,65,-1105.0,10.96,11.04,9.22631529032632,7.718740831874684,1.3379832255771873,1.3328670206597864,9748180,10750610
NIFTY26090824000CE,buy,current,2026-09-03T11:30:00+05:30,110.2,2026-09-03T12:18:00+05:30,90.0,candle_reversal,1,65,-1313.0000000000002,11.09,11.39,7.295604576194674,8.420547141633149,0.9613945030268866,0.9429768997329061,17871100,19338085
NIFTY26090823900PE,buy,current,2026-09-03T12:20:00+05:30,88.2,2026-09-03T12:47:00+05:30,90.5,candle_reversal,1,65,149.49999999999983,11.38,11.43,8.451222345802366,6.961789631797522,0.9292992997363162,0.8550949057225681,8381165,8524945
NIFTY26090823900PE,buy,current,2026-09-03T12:50:00+05:30,88.3,2026-09-03T13:06:00+05:30,85.1,candle_reversal,1,65,-208.00000000000017,11.44,11.37,6.755573713131627,7.184095008535347,0.8466829838409975,0.8302371321937129,8559915,8611265
NIFTY26090823900PE,buy,current,2026-09-03T13:55:00+05:30,86.85,2026-09-03T14:27:00+05:30,79.65,candle_reversal,1,65,-467.99999999999926,11.24,11.19,8.296258762472105,7.919146010852524,0.8211492962079128,0.8270034117447429,8938930,9051315
NIFTY26090824000CE,buy,current,2026-09-04T09:55:00+05:30,93.85,2026-09-04T10:11:00+05:30,87.85,candle_reversal,1,65,-390.0,10.94,11.04,7.404977468529732,6.304251503405373,1.0541718289931155,1.1939570463648088,22388795,21462025
NIFTY26090824000CE,buy,current,2026-09-04T10:25:00+05:30,95.85,2026-09-04T10:36:00+05:30,95.1,candle_reversal,1,65,-48.75,10.98,10.84,5.746886142555362,5.745379355367745,1.1626445230890778,1.2319116201904807,22936940,21683220
NIFTY26090823900PE,buy,current,2026-09-04T12:45:00+05:30,66.25,2026-09-04T14:28:00+05:30,50.9,candle_reversal,1,65,-997.7500000000001,10.8,10.9,4.865627131307635,5.025202609656631,1.2369809413202544,1.146228266822962,24811215,23510760
NIFTY26090823800PE,buy,current,2026-09-07T09:55:00+05:30,54.75,2026-09-07T11:45:00+05:30,65.9,candle_reversal,1,65,724.7500000000003,11.14,11.28,7.099094154104962,5.00828065625649,0.9968241022645983,0.6809730701513936,21551205,18879835
NIFTY26090823800PE,buy,current,2026-09-07T12:30:00+05:30,68.65,2026-09-07T13:53:00+05:30,49.55,candle_reversal,1,65,-1241.5000000000005,11.28,11.19,5.013551808858776,5.40821116344061,0.7166579547581579,0.7278296022799247,21291855,21564140
NIFTY26090823700PE,buy,current,2026-09-08T10:40:00+05:30,53.1,2026-09-08T10:49:00+05:30,43.4,candle_reversal,1,65,-630.5000000000002,11.19,11.14,6.8244527452318255,6.1264176416891605,0.7994642680946871,0.7768301246706847,31794750,30568590
NIFTY26090823650PE,buy,current,2026-09-08T11:05:00+05:30,27.85,2026-09-08T12:37:00+05:30,22.95,candle_reversal,1,65,-318.5000000000001,11.21,11.16,6.108710137090133,5.842076372118797,0.7760101258683502,0.7383905725988391,30568720,32179940
NIFTY26090823650PE,buy,current,2026-09-08T12:50:00+05:30,28.1,2026-09-08T15:09:00+05:30,29.7,eod_square_off,1,65,103.99999999999986,11.13,11.25,5.586727031701782,4.852672166798935,0.7816987713422826,0.8159624023818223,34697260,27772485
NIFTY26091523500PE,buy,current,2026-09-09T09:50:00+05:30,107.9,2026-09-09T10:19:00+05:30,96.45,candle_reversal,1,65,-744.2500000000002,11.61,11.64,8.665518834970799,7.902329703944529,1.2785973187362119,1.1013802833907613,13851435,11980540
NIFTY26091523500PE,buy,current,2026-09-09T11:55:00+05:30,99.2,2026-09-09T12:26:00+05:30,101.3,candle_reversal,1,65,136.49999999999963,11.67,11.69,5.408381337544723,5.609204859716682,1.2975936452150836,1.0125770585112526,15855385,13426140
NIFTY26091523500PE,buy,current,2026-09-09T14:30:00+05:30,85.3,2026-09-09T15:09:00+05:30,105.85,eod_square_off,1,65,1335.7499999999998,11.6,11.83,6.832320018660627,7.050323237997213,1.4123016238474397,1.04409319467459,16476070,11669125
NIFTY26091523400PE,buy,current,2026-09-10T10:10:00+05:30,85.6,2026-09-10T10:18:00+05:30,76.6,candle_reversal,1,65,-585.0,11.87,11.82,8.907393897860803,8.189959397471798,0.93697423634195,0.937990705782869,9979710,10134670
NIFTY26091523400PE,buy,current,2026-09-10T10:55:00+05:30,86.5,2026-09-10T11:47:00+05:30,73.35,candle_reversal,1,65,-854.7500000000003,11.86,11.78,6.6667594147718505,6.635877555648863,0.9695924097467309,0.9841067266129203,11388650,11497785
NIFTY26091523400PE,buy,current,2026-09-10T13:30:00+05:30,75.15,2026-09-10T14:45:00+05:30,79.45,candle_reversal,1,65,279.49999999999983,11.8,11.86,6.401242507547359,5.923598507882542,1.1592009961391698,1.0067810200761638,12211680,11032385
NIFTY26091523400CE,buy,current,2026-09-11T14:00:00+05:30,108.35,2026-09-11T14:19:00+05:30,120.75,candle_reversal,1,65,806.0000000000003,12.44,12.27,11.749436160174099,10.550521605116296,1.3665272384743585,1.4741267552678168,13062660,11623820
NIFTY26091523500CE,buy,current,2026-09-11T14:20:00+05:30,70.3,2026-09-11T15:09:00+05:30,70.0,eod_square_off,1,65,-19.499999999999815,12.26,12.35,10.550521605116296,7.5932968732120605,1.4718644598492925,1.352780551756353,15429895,13533585
NIFTY26091523300PE,buy,current,2026-09-15T10:05:00+05:30,29.4,2026-09-15T10:36:00+05:30,29.45,candle_reversal,1,65,3.250000000000046,12.73,12.77,12.553945804535731,8.568893371259227,0.8970666593480836,0.8304114275041481,22225060,24504285
NIFTY26091523300PE,buy,current,2026-09-15T10:45:00+05:30,35.0,2026-09-15T12:50:00+05:30,31.6,candle_reversal,1,65,-220.99999999999991,12.72,12.77,8.309097961904076,7.011522880815415,0.8057800952603541,0.7909699645065493,24055135,32362785
NIFTY26092223200PE,buy,current,2026-09-16T09:40:00+05:30,168.05,2026-09-16T09:52:00+05:30,149.45,candle_reversal,1,65,-1209.0000000000014,13.45,13.29,18.03672469120856,18.321351974544086,0.8723441712053694,0.8382211740552117,9401925,8431995
NIFTY26092223200PE,buy,current,2026-09-16T10:05:00+05:30,159.2,2026-09-16T11:03:00+05:30,122.65,candle_reversal,1,65,-2375.749999999999,13.45,13.21,17.98188835515972,9.874256657305287,0.9488747707613866,1.0086345864004718,10479950,12002640
NIFTY26092223300CE,buy,current,2026-09-16T11:05:00+05:30,154.9,2026-09-16T11:21:00+05:30,139.25,candle_reversal,1,65,-1017.2500000000003,13.22,13.31,9.665381181783532,9.152113042324421,1.0160352126422885,1.0407531675406383,6425250,6424730
NIFTY26092223200PE,buy,current,2026-09-16T11:30:00+05:30,143.0,2026-09-16T13:08:00+05:30,115.1,candle_reversal,1,65,-1813.5000000000005,13.28,13.01,9.688098309483651,7.134200992297964,1.033160565461638,1.0414794062416293,12315810,12174110
NIFTY26092223300CE,buy,current,2026-09-16T13:10:00+05:30,155.0,2026-09-16T13:15:00+05:30,147.5,candle_reversal,1,65,-487.5,13.01,12.97,7.481758064276681,7.0768686357929145,1.0727945102968262,1.0803250757092535,6616480,6826105
NIFTY26092223300CE,buy,current,2026-09-17T09:55:00+05:30,126.4,2026-09-17T10:41:00+05:30,121.4,candle_reversal,1,65,-325.0,12.58,12.49,10.69353856381582,8.206695335834072,0.8571150909886623,0.9403046101046921,8587345,8607950
NIFTY26092223200PE,buy,current,2026-09-17T11:05:00+05:30,109.95,2026-09-17T11:19:00+05:30,102.4,candle_reversal,1,65,-490.74999999999983,12.7,12.62,8.38801356209606,8.109646175471706,0.8295229946683903,0.726816470253953,10586875,9722765
NIFTY26092223300CE,buy,current,2026-09-17T11:45:00+05:30,115.55,2026-09-17T14:28:00+05:30,108.3,candle_reversal,1,65,-471.25,12.47,12.45,7.25331297969192,7.031909605622888,0.7866776761816278,0.8484935240577562,9872460,8810230
NIFTY26092223300CE,buy,current,2026-09-18T09:55:00+05:30,123.3,2026-09-18T10:04:00+05:30,121.8,candle_reversal,1,65,-97.5,12.03,11.97,8.547146590195243,7.542089472722645,0.766727310558973,0.8045155027175873,16333200,15674750
NIFTY26092223300CE,buy,current,2026-09-18T12:40:00+05:30,119.4,2026-09-18T13:43:00+05:30,105.0,candle_reversal,1,65,-936.0000000000003,11.63,11.57,5.884141665007663,5.223228599761952,0.7867238924384755,0.8664154656010061,18362500,16170050
NIFTY26092223400CE,buy,current,2026-09-18T14:05:00+05:30,66.2,2026-09-18T14:39:00+05:30,77.45,candle_reversal,1,65,731.25,11.52,11.42,5.1139968561398135,4.4476375151260825,0.8641942280699536,1.0166925600475951,16315000,15079545
