symbol,side,leg,entry_time,entry_price,exit_time,exit_price,exit_reason,qty_lots,lot_size,pnl,vix_entry,vix_exit,atr_entry,atr_exit,pcr_entry,pcr_exit,contract_oi_entry,contract_oi_exit
NIFTY25090224600PE,buy,current,2025-08-28T10:20:00+05:30,120.75,2025-08-28T10:25:00+05:30,109.9,candle_reversal,1,65,-705.2499999999997,12.785,12.6875,10.311719412043091,9.385636965348507,0.7383627885308061,0.7018952246958536,2356650,2346450
NIFTY25090224600PE,buy,current,2025-08-28T11:55:00+05:30,92.1,2025-08-28T12:07:00+05:30,88.4,candle_reversal,1,65,-240.49999999999926,12.27,12.225,7.294771176140634,6.8137161878554044,0.8682159515126434,0.8021858939885893,2771400,2884425
NIFTY25090224500PE,buy,current,2025-08-29T09:50:00+05:30,92.5,2025-08-29T10:19:00+05:30,84.85,candle_reversal,1,65,-497.25000000000034,12.0475,11.89,13.677776803244155,8.847944473902134,0.42000495275004157,0.3741714370921257,13724250,13865550
NIFTY25090224500PE,buy,current,2025-08-29T13:05:00+05:30,65.0,2025-08-29T13:52:00+05:30,68.35,candle_reversal,1,65,217.74999999999963,11.62,11.66,7.131316138503864,5.73511756973428,0.5327117885497015,0.4621816625966336,19032375,17863125
NIFTY25090224600CE,buy,current,2025-09-01T11:00:00+05:30,46.1,2025-09-01T15:09:00+05:30,79.2,eod_square_off,1,65,2151.5,11.5475,11.31,6.659127243284056,5.7961794216758875,0.45055193428131346,0.9607931675797338,24658500,14571300
NIFTY25090224700CE,buy,current,2025-09-02T09:55:00+05:30,47.55,2025-09-02T10:36:00+05:30,51.0,candle_reversal,1,65,224.25000000000017,11.2875,11.2325,7.727359268912271,8.144178788250953,1.4268315407575305,1.4464679083630685,24384375,19491825
NIFTY25090224750CE,buy,current,2025-09-02T10:40:00+05:30,30.7,2025-09-02T12:13:00+05:30,19.95,stop,1,65,-698.75,11.1375,11.1475,8.589125655170292,6.174181380480593,1.391722628642066,1.3545163840797598,26261550,35526075
NIFTY25090224650PE,buy,current,2025-09-02T13:45:00+05:30,20.3,2025-09-02T15:09:00+05:30,67.9,eod_square_off,1,65,3094.0000000000005,11.2675,11.385,10.331182999852704,12.208331329638552,0.8539695281157571,0.7153635905241679,30822600,5555850
NIFTY25090924700PE,buy,current,2025-09-03T09:40:00+05:30,188.35,2025-09-03T09:53:00+05:30,170.6,candle_reversal,1,65,-1153.75,11.2,11.1775,13.001552984883867,9.438785131803844,0.17533207713960033,0.1616233596690271,3413625,3378900
NIFTY25090924700PE,buy,current,2025-09-03T10:40:00+05:30,182.8,2025-09-03T10:58:00+05:30,174.85,candle_reversal,1,65,-516.7500000000011,11.185,11.2325,6.615422158543319,5.627056159908519,0.15941719014461986,0.1479021165974544,3841500,3609150
NIFTY25090924700CE,buy,current,2025-09-03T12:15:00+05:30,95.85,2025-09-03T14:42:00+05:30,97.05,candle_reversal,1,65,78.00000000000018,11.015,10.95,6.5985172085952835,6.669822686765888,0.16798006436037663,0.22836154008341175,10291125,10651950
NIFTY25090924800PE,buy,current,2025-09-04T14:20:00+05:30,102.35,2025-09-04T14:44:00+05:30,107.95,candle_reversal,1,65,364.00000000000057,11.11,11.0425,8.430624491027169,11.192882938241842,0.34672933006613244,0.2807162450540333,8217975,6512175
NIFTY25090924700PE,buy,current,2025-09-05T10:15:00+05:30,121.15,2025-09-05T10:26:00+05:30,93.4,candle_reversal,1,65,-1803.75,11.38,11.0375,12.260506553970355,15.233021459071542,0.24269542337894678,0.1939614193989519,11014125,10428375
NIFTY25090924700PE,buy,current,2025-09-05T10:35:00+05:30,90.7,2025-09-05T12:58:00+05:30,105.35,candle_reversal,1,65,952.2499999999994,11.14,11.02,14.434282255997786,6.002950630820235,0.2211378185638289,0.1693338668675266,11768850,10816875
NIFTY25090924700PE,buy,current,2025-09-05T13:00:00+05:30,98.5,2025-09-05T13:13:00+05:30,94.6,candle_reversal,1,65,-253.50000000000037,10.9975,10.9825,5.856311300047153,5.778552700695171,0.16925045681460035,0.16821302921510245,10816875,10749675
NIFTY25090924800CE,buy,current,2025-09-08T11:30:00+05:30,86.6,2025-09-08T11:53:00+05:30,80.5,candle_reversal,1,65,-396.49999999999966,10.8775,10.8975,6.030263818679486,5.323203397683582,0.4375566685639509,0.49238931812268505,22574550,21299775
NIFTY25090924800CE,buy,current,2025-09-08T12:05:00+05:30,91.2,2025-09-08T13:20:00+05:30,99.2,candle_reversal,1,65,520.0,10.8475,10.745,5.099026701658095,5.3688862826544534,0.4934445804636813,0.7355261964330129,21094500,12559650
NIFTY25090924900CE,buy,current,2025-09-08T13:25:00+05:30,45.85,2025-09-08T13:48:00+05:30,37.5,candle_reversal,1,65,-542.7500000000001,10.73,10.77,5.383595666360049,5.645828641535005,0.7406691644771839,0.7398325509143451,21588225,21611325
NIFTY25090924900CE,buy,current,2025-09-09T12:50:00+05:30,22.85,2025-09-09T12:55:00+05:30,14.85,stop,1,65,-520.0000000000001,10.9675,10.9775,5.970444691029407,6.1044726818044515,0.6408150914355469,0.6714931118658659,41613675,40081425
NIFTY25090924900CE,buy,current,2025-09-09T13:35:00+05:30,18.05,2025-09-09T13:48:00+05:30,11.75,stop,1,65,-409.50000000000006,10.98,10.98,4.809065835637331,5.850395290340919,0.7085638352089334,0.7366319237955294,43561050,44657775
NIFTY25090924900CE,buy,current,2025-09-09T14:15:00+05:30,15.75,2025-09-09T14:21:00+05:30,10.25,stop,1,65,-357.5,10.9775,10.9425,6.84026102370492,6.281840254835144,0.7411986578926677,0.7525918743702352,47276400,48072225
NIFTY25091625100CE,buy,current,2025-09-10T10:30:00+05:30,101.1,2025-09-10T10:37:00+05:30,97.8,candle_reversal,1,65,-214.49999999999983,10.7925,10.7975,5.994446847974677,6.359038782704106,0.16484242626274978,0.1675786210322254,6141525,6555075
NIFTY25091625100CE,buy,current,2025-09-10T11:10:00+05:30,94.85,2025-09-10T11:14:00+05:30,93.0,candle_reversal,1,65,-120.24999999999963,10.725,10.745,4.8174857834178155,4.795940398685533,0.15821469102325236,0.161513451485401,7470900,7341600
NIFTY25091625100CE,buy,current,2025-09-11T12:20:00+05:30,64.75,2025-09-11T15:09:00+05:30,66.05,eod_square_off,1,65,84.49999999999982,10.515,10.375,5.2103825844991905,9.866501877502092,0.1053676745927729,0.11610254094269211,9331275,8939475
NIFTY25091625100CE,buy,current,2025-09-12T10:10:00+05:30,76.95,2025-09-12T13:48:00+05:30,90.4,candle_reversal,1,65,874.2500000000002,10.1025,10.12,6.115052000732016,4.510859599333055,0.20242203347675589,0.4611651858653494,16768350,13839675
NIFTY25091625100CE,buy,current,2025-09-12T13:50:00+05:30,87.9,2025-09-12T15:09:00+05:30,92.75,eod_square_off,1,65,315.24999999999966,10.0975,10.1425,4.477941056523499,4.45754332802209,0.449178492368109,0.38675104355249806,14248875,14481000
NIFTY25091625100PE,buy,current,2025-09-15T13:45:00+05:30,51.65,2025-09-15T13:55:00+05:30,51.1,candle_reversal,1,65,-35.749999999999815,10.33,10.325,9.166918881588874,8.141450579584122,0.2833939041324528,0.2634696382022061,25502025,24520650
NIFTY25091625150CE,buy,current,2025-09-16T10:00:00+05:30,58.95,2025-09-16T10:51:00+05:30,46.95,candle_reversal,1,65,-780.0,10.4175,10.4525,5.980290156201531,4.379778600038906,0.6730561418858266,0.7462030581178108,18376425,15998700
NIFTY25091625200CE,buy,current,2025-09-16T11:15:00+05:30,22.1,2025-09-16T13:25:00+05:30,14.35,stop,1,65,-503.7500000000001,10.395,10.435,3.933319656731341,6.459582316928762,0.677411058317377,0.8346938905390134,32285400,40039800
NIFTY25092325300CE,buy,current,2025-09-17T13:20:00+05:30,160.5,2025-09-17T13:40:00+05:30,154.4,candle_reversal,1,65,-396.49999999999966,10.1625,10.1775,5.197359201236823,4.1329491799786044,1.4286899354686702,1.5440563251860853,8260800,7581075
NIFTY25092325400CE,buy,current,2025-09-18T11:05:00+05:30,132.4,2025-09-18T11:41:00+05:30,125.15,candle_reversal,1,65,-471.25,9.9825,9.97,4.866312220840302,5.725074212803098,1.8724850598070406,1.9091209906319397,9087150,9120225
NIFTY25092325400PE,buy,current,2025-09-18T14:10:00+05:30,79.15,2025-09-18T15:06:00+05:30,51.45,stop,1,65,-1800.5000000000002,10.05,9.9025,7.503332899741672,9.578661959422403,1.1644737594746684,1.348388763842061,11642925,11229825
NIFTY25092325300PE,buy,current,2025-09-19T10:00:00+05:30,74.65,2025-09-19T10:22:00+05:30,59.35,candle_reversal,1,65,-994.5000000000002,10.23,10.155,7.808873139679229,6.557651315843072,0.8302997715196956,0.7730470710652013,16457100,15695400
NIFTY25092325300PE,buy,current,2025-09-19T11:05:00+05:30,61.9,2025-09-19T12:11:00+05:30,66.3,candle_reversal,1,65,285.9999999999999,10.1425,10.175,4.639286639525776,4.4894497009122665,0.7707113983746684,0.7118199217147975,16182450,16371675
NIFTY25092325300PE,buy,current,2025-09-19T12:15:00+05:30,63.8,2025-09-19T13:04:00+05:30,52.8,candle_reversal,1,65,-715.0,10.1425,10.0425,4.91751858342006,5.4413818599059445,0.709152071353259,0.7745495231176521,16059075,17299950
NIFTY25092325300PE,buy,current,2025-09-22T14:30:00+05:30,61.35,2025-09-22T15:09:00+05:30,101.6,eod_square_off,1,65,2616.2499999999995,10.425,10.59,7.045946805662365,10.053553188157286,0.8953754943285035,0.566870554527083,24751575,7898925
NIFTY25092325100PE,buy,current,2025-09-23T09:45:00+05:30,28.5,2025-09-23T10:07:00+05:30,18.55,stop,1,65,-646.75,10.73,10.675,12.141400616282596,9.174939794733604,0.41066733585332166,0.4277325051569116,15651300,20108100
NIFTY25092325100PE,buy,current,2025-09-23T10:20:00+05:30,27.25,2025-09-23T11:04:00+05:30,17.7,stop,1,65,-620.75,10.795,10.775,7.860888439945114,7.145022675723858,0.46989006156058954,0.46306218605471394,21928875,24911325
NIFTY25092325300CE,buy,current,2025-09-23T13:35:00+05:30,11.15,2025-09-23T13:36:00+05:30,7.25,stop,1,65,-253.50000000000003,10.605,10.6375,9.73408761108865,9.979902072826292,0.9238029630377106,0.9238029630377106,28161150,28161150
NIFTY25092325300CE,buy,current,2025-09-23T14:10:00+05:30,14.0,2025-09-23T14:13:00+05:30,9.1,stop,1,65,-318.5,10.6075,10.595,9.56709401314861,9.732453199436065,1.0813315303417161,1.0314175267515575,29723025,31016475
NIFTY25093024800PE,buy,current,2025-09-24T10:50:00+05:30,23.7,2025-09-24T11:14:00+05:30,26.4,candle_reversal,1,65,175.49999999999994,10.67,10.71,5.86564192523928,7.073275331485242,7.450996704838341,7.232384544676535,5132325,5378475
NIFTY25093024800PE,buy,current,2025-09-24T11:15:00+05:30,25.35,2025-09-24T11:29:00+05:30,24.75,candle_reversal,1,65,-39.00000000000009,10.7275,10.72,7.073275331485242,5.388130541110412,7.220396510705789,7.289471593166468,5378475,5370225
NIFTY25093024800CE,buy,current,2025-09-24T13:15:00+05:30,408.0,2025-09-24T14:00:00+05:30,384.55,candle_reversal,1,65,-1524.2499999999993,10.505,10.52,6.4604621426561915,7.267672018618737,7.936782647247171,8.37204740770292,1139325,1109625
NIFTY25093024800PE,buy,current,2025-09-24T14:10:00+05:30,18.75,2025-09-24T14:39:00+05:30,19.0,candle_reversal,1,65,16.25,10.565,10.5025,6.858629614664266,7.438871921271852,8.410347755156398,8.402608594772866,5661450,5638425
NIFTY25093024800PE,buy,current,2025-09-25T10:40:00+05:30,23.65,2025-09-25T10:51:00+05:30,23.6,candle_reversal,1,65,-3.2499999999998153,10.6675,10.6675,8.332831131733084,7.797282656337353,7.630412378832912,7.615556997110338,6625125,6780075
NIFTY25093024800PE,buy,current,2025-09-25T11:05:00+05:30,23.9,2025-09-25T12:12:00+05:30,28.5,candle_reversal,1,65,299.0000000000001,10.695,10.73,6.373807988868044,7.9240079303464706,7.623958833020802,7.321222645809874,6936000,7389825
NIFTY25093024800PE,buy,current,2025-09-26T10:10:00+05:30,72.0,2025-09-26T10:25:00+05:30,65.55,candle_reversal,1,65,-419.25000000000017,11.0025,10.93,8.738733146671064,7.6767790275416115,3.0795276314579585,2.7518655474966014,21096900,20094825
NIFTY25093024800PE,buy,current,2025-09-26T11:05:00+05:30,78.5,2025-09-26T11:51:00+05:30,77.0,candle_reversal,1,65,-97.5,10.9775,10.9375,6.466352399492956,7.688039740971449,2.4863390073097174,1.9274467188191067,19975950,16429125
NIFTY25093024800PE,buy,current,2025-09-26T12:05:00+05:30,80.25,2025-09-26T12:24:00+05:30,73.6,candle_reversal,1,65,-432.25000000000034,10.96,10.955,8.228922424174323,6.446158581080809,2.0800794819275805,1.9964617617413052,17567550,17387925
NIFTY25093024700PE,buy,current,2025-09-29T11:40:00+05:30,58.4,2025-09-29T14:01:00+05:30,37.95,stop,1,65,-1329.2499999999998,11.41,11.305,8.34009950969165,10.823139215810755,1.5897538063347532,1.387898255802343,22380075,18373425
NIFTY25093024600PE,buy,current,2025-09-30T09:40:00+05:30,28.75,2025-09-30T10:54:00+05:30,36.6,candle_reversal,1,65,510.2500000000001,11.525,11.73,13.240453804191109,6.997994503626934,1.008348512779596,0.8078859079523465,19026825,22437975
NIFTY25093024600PE,buy,current,2025-09-30T10:55:00+05:30,30.6,2025-09-30T11:11:00+05:30,19.9,stop,1,65,-695.5000000000002,11.6675,11.5475,6.997994503626934,6.870816356530193,0.7839334268612789,0.8848951358221865,21823050,23897325
NIFTY25093024600PE,buy,current,2025-09-30T11:55:00+05:30,26.25,2025-09-30T12:05:00+05:30,17.05,stop,1,65,-598.0,11.63,11.51,5.6652356082256885,6.49835050067815,1.070604524709912,0.9963100934058107,28758825,29144775
NIFTY25100725000CE,buy,current,2025-10-01T09:50:00+05:30,25.7,2025-10-01T12:21:00+05:30,40.75,candle_reversal,1,65,978.25,10.9175,10.6675,8.975837782756766,7.034147627699061,0.11347199722286508,0.1290114034987051,8313375,8084850
NIFTY25100725000CE,buy,current,2025-10-01T12:25:00+05:30,37.35,2025-10-01T13:47:00+05:30,36.1,candle_reversal,1,65,-81.25,10.75,10.61,6.867154642148423,6.921240709663332,0.1254069388449532,0.11074033265124088,8120325,9044250
NIFTY25100725000CE,buy,current,2025-10-01T13:55:00+05:30,36.5,2025-10-01T15:09:00+05:30,40.5,eod_square_off,1,65,260.0,10.61,10.325,7.602868927318573,9.556394624267432,0.10955900592028003,0.1126676571959934,9034275,8764425
NIFTY25100725000CE,buy,current,2025-10-03T09:55:00+05:30,29.0,2025-10-03T10:44:00+05:30,19.4,candle_reversal,1,65,-624.0000000000001,10.3675,10.405,10.8667454745275,7.912278585034236,0.07467317180644738,0.07067978162395397,15579150,17360475
NIFTY25100725000CE,buy,current,2025-10-03T11:15:00+05:30,24.95,2025-10-03T11:40:00+05:30,24.3,candle_reversal,1,65,-42.24999999999991,10.3275,10.3075,5.736962763581983,5.684925924496431,0.06753321152031631,0.06955307624887198,18406350,18108375
NIFTY25100725000CE,buy,current,2025-10-03T11:55:00+05:30,24.5,2025-10-03T14:10:00+05:30,19.85,candle_reversal,1,65,-302.2499999999999,10.3,10.2025,5.178213050654714,5.661338613470598,0.0690192763340249,0.06752984608846925,18214050,19613850
NIFTY25100725000CE,buy,current,2025-10-06T09:45:00+05:30,35.55,2025-10-06T10:44:00+05:30,47.95,candle_reversal,1,65,806.0000000000003,10.315,10.3175,10.442203664508579,6.225351864916957,0.10085945606212182,0.20518284524101135,23612100,23186250
NIFTY25100725000CE,buy,current,2025-10-06T11:00:00+05:30,52.15,2025-10-06T13:51:00+05:30,105.75,candle_reversal,1,65,3484.0,10.28,10.3525,6.649936778375355,9.150257930285028,0.21875639311411424,0.5746367671300009,23192400,11098200
NIFTY25100725200CE,buy,current,2025-10-07T09:45:00+05:30,21.35,2025-10-07T10:09:00+05:30,43.5,candle_reversal,1,65,1439.75,10.345,10.425,9.721531762800717,9.083471875918097,0.6945641565891926,0.9732099313874464,26499900,26296575
NIFTY25100725200CE,buy,current,2025-10-07T11:30:00+05:30,12.4,2025-10-07T11:35:00+05:30,8.05,stop,1,65,-282.75,10.3275,10.3925,9.586012103239698,10.786892431887894,0.5641991663704805,0.5741182449227015,41166675,42258750
NIFTY25101425100PE,buy,current,2025-10-08T10:55:00+05:30,85.8,2025-10-08T11:52:00+05:30,116.35,candle_reversal,1,65,1985.7499999999998,10.1275,10.3725,6.6720515339704844,7.071697814549836,0.7454264766911053,0.42144385403624296,12302475,6428400
NIFTY25101425000PE,buy,current,2025-10-08T11:55:00+05:30,72.95,2025-10-08T12:10:00+05:30,79.55,candle_reversal,1,65,428.99999999999966,10.375,10.4075,7.688096584994502,6.736040113696103,0.40653946271939245,0.42068479558233507,10734825,11677200
NIFTY25101425000PE,buy,current,2025-10-08T12:15:00+05:30,77.7,2025-10-08T12:44:00+05:30,79.85,candle_reversal,1,65,139.74999999999943,10.39,10.415,6.289297211768117,7.377625199580993,0.41658321294570205,0.40939004280693575,11546325,12258525
NIFTY25101425200CE,buy,current,2025-10-08T14:00:00+05:30,82.3,2025-10-08T14:20:00+05:30,53.5,stop,1,65,-1871.9999999999998,10.1825,10.2925,7.735713436655119,11.695053183888438,0.5898188362886582,0.5838276061506551,16042500,15166050
NIFTY25101425100PE,buy,current,2025-10-09T09:50:00+05:30,109.55,2025-10-09T11:00:00+05:30,71.2,stop,1,65,-2492.7499999999995,10.455,10.3725,12.128419703178746,8.428337877741132,0.5493067824637553,0.6343221840276208,10388925,11805750
NIFTY25101425200CE,buy,current,2025-10-09T11:05:00+05:30,73.6,2025-10-09T11:18:00+05:30,83.95,candle_reversal,1,65,672.7500000000006,10.345,10.3575,8.637733187374028,8.459752601174126,0.6759869249169973,0.8961723608849952,13695900,12418275
NIFTY25101425200CE,buy,current,2025-10-09T11:25:00+05:30,90.45,2025-10-09T11:42:00+05:30,95.2,candle_reversal,1,65,308.75,10.395,10.32,8.192923088902477,8.253752443565412,0.8928746108873825,0.9843750375542283,13002600,12587775
NIFTY25101425300CE,buy,current,2025-10-10T09:50:00+05:30,93.5,2025-10-10T10:25:00+05:30,98.4,candle_reversal,1,65,318.50000000000034,10.325,10.2775,9.980618925091616,8.26519007203753,1.6237179516648814,1.864005787495762,13790325,14391375
NIFTY25101425300CE,buy,current,2025-10-10T10:35:00+05:30,103.3,2025-10-10T11:10:00+05:30,108.35,candle_reversal,1,65,328.24999999999983,10.2725,10.2175,7.485336780340195,6.69032757115573,1.821844073516669,2.159428934618285,15208725,13384800
NIFTY25101425200PE,buy,current,2025-10-13T10:05:00+05:30,72.35,2025-10-13T10:30:00+05:30,62.0,candle_reversal,1,65,-672.7499999999997,11.19,11.065,8.984947995313329,8.49988510551353,1.0340563930904503,0.8984572016696946,23047500,21345375
NIFTY25101425200PE,buy,current,2025-10-13T11:20:00+05:30,78.45,2025-10-13T12:57:00+05:30,59.15,candle_reversal,1,65,-1254.5000000000002,11.155,11.0425,6.46675844486542,7.1866133195278525,0.886841713226264,0.8485088741120892,21937725,21859350
NIFTY25101425200PE,buy,current,2025-10-13T13:05:00+05:30,64.65,2025-10-13T13:40:00+05:30,57.8,candle_reversal,1,65,-445.25000000000057,11.0825,11.01,8.25727630781343,7.995272365841586,0.8670543798512228,0.8291349775402137,23209950,22473750
NIFTY25101425300CE,buy,current,2025-10-13T14:30:00+05:30,42.7,2025-10-13T15:09:00+05:30,31.55,eod_square_off,1,65,-724.7500000000001,10.95,11.045,10.325234847458344,7.469229522722126,0.9711520739736663,0.9997898994529305,24512400,22422750
NIFTY25101425200PE,buy,current,2025-10-14T10:00:00+05:30,34.8,2025-10-14T10:26:00+05:30,48.75,candle_reversal,1,65,906.7500000000002,11.1625,11.4025,9.958322088061307,10.765462835928895,0.7164978314914449,0.5659770038232844,24109575,18908550
NIFTY25101425200PE,buy,current,2025-10-14T10:55:00+05:30,39.2,2025-10-14T12:35:00+05:30,107.5,candle_reversal,1,65,4439.5,11.2575,11.4925,9.297059886982044,8.794601678653542,0.6479266383979868,0.5027265959985412,24336300,9501600
NIFTY25101425000PE,buy,current,2025-10-14T12:40:00+05:30,17.25,2025-10-14T12:52:00+05:30,11.2,stop,1,65,-393.25000000000006,11.5925,11.57,10.201001367764032,9.330821768928782,0.4556425067688302,0.49818002082212737,20646300,25212300
NIFTY25102826100CE,buy,current,2025-10-23T10:15:00+05:30,159.25,2025-10-23T12:20:00+05:30,149.95,candle_reversal,1,65,-604.5000000000007,11.955,11.84,8.013617009289693,6.4728440190858985,1.2289319936723972,1.4140950754167365,9639150,9743100
NIFTY25102826000PE,buy,current,2025-10-23T14:00:00+05:30,87.45,2025-10-23T14:43:00+05:30,73.5,candle_reversal,1,65,-906.7500000000002,11.67,11.7025,9.159884627391724,13.046162585733896,1.1792274246706607,0.8808624981856459,13987500,10081575
NIFTY25102825900PE,buy,current,2025-10-24T09:55:00+05:30,90.6,2025-10-24T12:39:00+05:30,99.25,candle_reversal,1,65,562.2500000000003,11.83,11.6775,11.79389852723206,7.3711581176097924,0.9194130787750328,0.6612296549658544,16523325,10820700
NIFTY25102825800PE,buy,current,2025-10-24T12:40:00+05:30,61.8,2025-10-24T13:55:00+05:30,120.05,candle_reversal,1,65,3786.25,11.635,11.7575,7.3711581176097924,9.460101891468172,0.6459520559741104,0.37863456186923905,19142775,10353450
NIFTY25102825700PE,buy,current,2025-10-24T14:00:00+05:30,72.9,2025-10-24T14:28:00+05:30,54.2,candle_reversal,1,65,-1215.5000000000002,11.7725,11.625,9.656122972777391,8.683204853811663,0.3847375344438444,0.41485238282546777,12239025,13853475
NIFTY25102826000CE,buy,current,2025-10-27T09:45:00+05:30,89.35,2025-10-27T13:19:00+05:30,64.7,candle_reversal,1,65,-1602.2499999999995,12.305,12.565,11.577039131270444,7.515404893759686,1.048946944110128,1.3053107776253214,18146175,20217300
NIFTY25102826000CE,buy,current,2025-10-27T13:55:00+05:30,73.1,2025-10-27T14:49:00+05:30,59.9,candle_reversal,1,65,-857.9999999999998,12.4175,11.9725,7.285878610806625,7.812483114237769,1.0921995134632458,1.170638065633676,22755525,19944000
NIFTY25102825900PE,buy,current,2025-10-28T10:15:00+05:30,61.7,2025-10-28T10:44:00+05:30,61.3,candle_reversal,1,65,-26.00000000000037,12.4725,12.515,12.696497508291769,9.054216468736804,0.7136269122442721,0.6061534482637166,18792375,16580775
NIFTY25102825900PE,buy,current,2025-10-28T10:45:00+05:30,58.2,2025-10-28T12:36:00+05:30,37.85,stop,1,65,-1322.75,12.485,12.31,9.054216468736804,10.266911076794258,0.6061534482637166,0.5984883024567083,16580775,14451975
NIFTY25102825900PE,buy,current,2025-10-28T13:45:00+05:30,35.0,2025-10-28T14:36:00+05:30,64.2,candle_reversal,1,65,1898.0000000000002,12.12,12.2975,10.219636732644352,14.051050115778404,0.7988371862458072,0.6090723777313436,28488675,10747350
NIFTY25110425950CE,buy,current,2025-10-29T10:10:00+05:30,217.7,2025-10-29T10:50:00+05:30,254.4,candle_reversal,1,65,2385.500000000001,11.95,12.045,8.550138925653242,7.148268528354239,4.027595347659682,5.732039994605737,2740425,1662525
NIFTY25110425950CE,buy,current,2025-10-29T10:55:00+05:30,245.15,2025-10-29T11:35:00+05:30,246.7,candle_reversal,1,65,100.74999999999889,11.9625,11.9675,7.001382169885488,6.802523455028475,5.760160417546149,5.706458666616181,1662675,1778925
NIFTY25110425950CE,buy,current,2025-10-29T11:40:00+05:30,243.45,2025-10-29T14:49:00+05:30,234.35,candle_reversal,1,65,-591.4999999999997,11.9625,11.9775,6.696589244040792,7.5047269914471455,5.777905104650062,7.555005900513762,1792350,1210800
NIFTY25110425900PE,buy,current,2025-10-30T09:55:00+05:30,131.75,2025-10-30T10:04:00+05:30,119.45,candle_reversal,1,65,-799.4999999999998,12.27,12.1625,10.485839352397177,8.622244030234857,3.0300134490512116,2.6064743329269944,6972225,6764850
NIFTY25110425900PE,buy,current,2025-10-30T10:20:00+05:30,107.6,2025-10-30T11:14:00+05:30,91.25,candle_reversal,1,65,-1062.7499999999995,12.0825,12.0525,10.130371564853165,6.8662908913373615,3.2986455693506826,2.9348486826997116,8000100,8850375
NIFTY25110425900PE,buy,current,2025-10-30T11:40:00+05:30,93.15,2025-10-30T12:24:00+05:30,100.6,candle_reversal,1,65,484.24999999999926,12.025,12.0075,6.8834002043701314,6.941679366986555,3.5314859269192773,2.5940506951159583,9499875,8779350
NIFTY25110425800PE,buy,current,2025-10-31T10:25:00+05:30,70.45,2025-10-31T10:45:00+05:30,79.8,candle_reversal,1,65,607.7499999999997,12.06,12.095,9.028139678551575,8.536096204092754,2.2369986570684417,1.4599231927710843,14598000,12871725
NIFTY25110425800PE,buy,current,2025-10-31T10:55:00+05:30,86.4,2025-10-31T11:35:00+05:30,89.55,candle_reversal,1,65,204.74999999999943,12.105,12.1175,7.5470008089652625,6.951362669121288,1.5402815083150976,1.1897679916015946,14251350,12842700
NIFTY25110425800CE,buy,current,2025-11-03T14:00:00+05:30,71.6,2025-11-03T14:49:00+05:30,55.15,candle_reversal,1,65,-1069.2499999999998,12.66,12.69,8.030971864566832,6.850069532482736,1.2616853078528556,1.384433479032919,21632850,20115525
NIFTY25110425700PE,buy,current,2025-11-04T10:20:00+05:30,57.1,2025-11-04T10:25:00+05:30,44.9,candle_reversal,1,65,-793.0000000000002,12.83,12.7375,7.965390201513422,7.435356662505417,0.7766230371325591,0.8104330899859434,24129300,24738675
NIFTY25110425600PE,buy,current,2025-11-04T11:25:00+05:30,22.1,2025-11-04T11:57:00+05:30,14.35,stop,1,65,-503.7500000000001,12.685,12.7125,7.507580435641436,6.454666269473032,0.7381267277986776,0.6613189247403944,24083925,25948425
NIFTY25111125600PE,buy,current,2025-11-06T09:45:00+05:30,100.55,2025-11-06T11:49:00+05:30,124.0,candle_reversal,1,65,1524.2500000000002,12.5425,12.45,12.620110932358928,5.47591037800341,0.5073644857095783,0.31395999945192216,9296625,7576500
NIFTY25111125600PE,buy,current,2025-11-06T11:50:00+05:30,123.05,2025-11-06T12:19:00+05:30,125.85,candle_reversal,1,65,181.99999999999983,12.4525,12.5825,5.47591037800341,6.661031687149403,0.31395908598884664,0.3350730376380429,7576500,7968900
NIFTY25111125600PE,buy,current,2025-11-06T12:30:00+05:30,131.4,2025-11-06T15:09:00+05:30,134.75,eod_square_off,1,65,217.74999999999963,12.56,12.4125,7.507458881928467,8.818615469141587,0.32437186969659343,0.2762983285235261,7834575,6268050
NIFTY25111125600PE,buy,current,2025-11-07T09:55:00+05:30,259.75,2025-11-07T10:43:00+05:30,222.5,candle_reversal,1,65,-2421.25,12.3775,12.2975,12.41121367320053,7.649584514491434,0.14877753748029765,0.14152133663512326,3462300,3383025
NIFTY25111125600CE,buy,current,2025-11-07T12:45:00+05:30,51.7,2025-11-07T14:01:00+05:30,46.95,candle_reversal,1,65,-308.75,12.305,12.505,6.515305696709772,8.360240092899547,0.16387092100735745,0.22567342096230614,13712175,12453375
NIFTY25111125600CE,buy,current,2025-11-07T14:30:00+05:30,65.85,2025-11-07T14:52:00+05:30,53.05,candle_reversal,1,65,-831.9999999999998,12.485,12.565,8.114564506528952,7.055166851724225,0.18789258131879216,0.1885772259690148,12894675,12836550
NIFTY25111125600CE,buy,current,2025-11-10T09:55:00+05:30,77.2,2025-11-10T09:59:00+05:30,64.35,candle_reversal,1,65,-835.2500000000006,12.5475,12.6025,10.646132911728827,10.165005981872715,0.27002307389137586,0.2812142913402524,21269625,20885475
NIFTY25111125600CE,buy,current,2025-11-10T10:20:00+05:30,85.05,2025-11-10T11:34:00+05:30,95.15,candle_reversal,1,65,656.5000000000006,12.505,12.4675,8.88403231005916,5.3572435718196525,0.29410517047469836,0.5534478859583435,21510150,13407150
NIFTY25111125700CE,buy,current,2025-11-10T11:35:00+05:30,43.6,2025-11-10T13:05:00+05:30,38.8,candle_reversal,1,65,-312.0000000000003,12.4675,12.4075,5.3572435718196525,4.877225174922687,0.5534499171933207,0.5883945248286147,16557900,18695775
NIFTY25111125550PE,buy,current,2025-11-11T09:55:00+05:30,76.95,2025-11-11T09:59:00+05:30,62.2,candle_reversal,1,65,-958.75,12.715,12.665,10.176294281173005,9.253523610957362,0.14523434302712673,0.14362940693556364,10547400,10597650
NIFTY25111125550PE,buy,current,2025-11-11T10:15:00+05:30,66.2,2025-11-11T10:54:00+05:30,90.85,candle_reversal,1,65,1602.2499999999995,12.7125,12.865,10.141054245125954,7.417597832384867,0.16878847874817957,0.09837508494152125,13552950,6510375
NIFTY25111125550PE,buy,current,2025-11-11T10:55:00+05:30,88.0,2025-11-11T11:40:00+05:30,74.8,candle_reversal,1,65,-858.0000000000002,12.865,12.67,7.417597832384867,5.683531144634604,0.09873236229753775,0.10328490500597326,6787875,7591050
NIFTY25111125600CE,buy,current,2025-11-11T13:20:00+05:30,37.5,2025-11-11T14:14:00+05:30,52.25,candle_reversal,1,65,958.75,12.38,12.555,6.99655881029067,8.48989797825949,0.4612901280497454,0.8209787302629381,32568975,14515575
NIFTY25111125700CE,buy,current,2025-11-11T14:15:00+05:30,8.1,2025-11-11T14:15:00+05:30,5.25,stop,1,65,-185.24999999999997,12.515,12.515,8.48989797825949,8.90133383695524,0.8209787302629381,0.8209787302629381,36578250,36578250
NIFTY25111826000CE,buy,current,2025-11-12T09:45:00+05:30,87.9,2025-11-12T12:01:00+05:30,98.4,candle_reversal,1,65,682.5,11.9525,11.8575,13.166424805722249,4.838263130514115,0.5729643908787972,1.1012082466606652,9350400,9039000
NIFTY25111826000CE,buy,current,2025-11-12T12:10:00+05:30,104.2,2025-11-12T12:55:00+05:30,110.3,candle_reversal,1,65,396.49999999999966,12.0975,12.08,4.715298782471686,4.897729977161295,1.110906035182497,1.3155466218428051,9171825,8393550
NIFTY25111825900CE,buy,current,2025-11-13T09:50:00+05:30,142.45,2025-11-13T09:55:00+05:30,125.0,candle_reversal,1,65,-1134.2499999999993,11.9775,12.045,9.576102820295509,8.849359300218172,0.7519201492622735,0.8135231463298751,8798100,8532075
NIFTY25111825900CE,buy,current,2025-11-13T10:10:00+05:30,149.75,2025-11-13T12:34:00+05:30,185.65,candle_reversal,1,65,2333.5000000000005,11.9075,12.145,7.985585250947179,4.989370047402068,0.7938612718893486,1.411447879406301,9010050,4471650
NIFTY25111826000CE,buy,current,2025-11-13T12:35:00+05:30,123.85,2025-11-13T13:50:00+05:30,135.7,candle_reversal,1,65,770.2499999999997,12.1475,12.095,4.989370047402068,6.1325202417467635,1.411447879406301,1.5033282810131725,9199050,8813100
NIFTY25111825800PE,buy,current,2025-11-14T09:55:00+05:30,109.65,2025-11-14T10:52:00+05:30,106.2,candle_reversal,1,65,-224.25000000000017,12.1425,12.275,11.886254229326932,8.166844487369508,0.5537797862591426,0.36917944984307566,14840250,12676725
NIFTY25111825800PE,buy,current,2025-11-14T11:45:00+05:30,95.9,2025-11-14T12:27:00+05:30,73.65,candle_reversal,1,65,-1446.25,12.135,12.025,7.416380748141084,7.4908113805860035,0.4328967777648103,0.42624456524137355,14573625,14761200
NIFTY25111825800PE,buy,current,2025-11-14T13:05:00+05:30,92.4,2025-11-14T15:03:00+05:30,63.45,candle_reversal,1,65,-1881.7500000000002,12.1525,11.98,6.865971331604325,13.912402749387232,0.42291332803229553,0.3781037813032282,15133350,11195175
NIFTY25111826000CE,buy,current,2025-11-17T12:00:00+05:30,71.8,2025-11-17T15:09:00+05:30,73.75,eod_square_off,1,65,126.75000000000018,11.885,11.79,5.168353014274277,5.132524362502356,0.8275152762197738,1.138554696068671,28638600,24478800
NIFTY25111825900PE,buy,current,2025-11-18T09:50:00+05:30,44.85,2025-11-18T10:05:00+05:30,47.0,candle_reversal,1,65,139.74999999999991,12.0975,12.1175,8.736712281920482,7.69504280930496,0.9086132292950782,0.5837620774624559,28103100,21925050
NIFTY25111825900PE,buy,current,2025-11-18T10:15:00+05:30,53.75,2025-11-18T10:20:00+05:30,41.4,candle_reversal,1,65,-802.7500000000001,12.2475,12.1925,6.167027493318993,6.049161576224459,0.5941174459512308,0.5823158321508211,23589525,23750025
NIFTY25111826000CE,buy,current,2025-11-18T13:40:00+05:30,16.55,2025-11-18T13:55:00+05:30,13.9,candle_reversal,1,65,-172.25000000000003,12.0175,12.0475,4.8283355934490695,5.480801644530432,1.0022249536205265,1.0068353385338444,50042850,51652050
NIFTY25112526000CE,buy,current,2025-11-19T10:15:00+05:30,137.95,2025-11-19T10:41:00+05:30,136.2,candle_reversal,1,65,-113.75,11.8275,11.825,7.2870932229050345,5.016504176727682,1.1418640518114664,1.4181396265858834,16937100,16663650
NIFTY25112526000CE,buy,current,2025-11-19T10:55:00+05:30,134.25,2025-11-19T10:59:00+05:30,128.2,candle_reversal,1,65,-393.25000000000074,11.855,11.8675,5.842785980341057,5.721526902850639,1.3740906543012452,1.3709574862942433,17297625,17332350
NIFTY25112526100CE,buy,current,2025-11-20T10:30:00+05:30,149.0,2025-11-20T10:57:00+05:30,154.9,candle_reversal,1,65,383.50000000000034,11.895,11.835,6.106682922498527,4.698388474410514,1.6701448071732423,2.065668549656195,14466900,11297250
NIFTY25112526100CE,buy,current,2025-11-20T11:00:00+05:30,148.5,2025-11-20T11:39:00+05:30,158.6,candle_reversal,1,65,656.4999999999997,11.85,11.82,4.76417169477233,3.8343879627793997,2.0685550175422645,2.0599354856598855,11242575,11669700
NIFTY25112526100CE,buy,current,2025-11-20T11:40:00+05:30,158.5,2025-11-20T13:08:00+05:30,166.8,candle_reversal,1,65,539.5000000000007,11.8125,11.8225,3.8343879627793997,4.395334885182661,2.091770581012134,2.7975460413897855,11511900,8046450
NIFTY25112526100PE,buy,current,2025-11-21T09:55:00+05:30,107.5,2025-11-21T11:11:00+05:30,102.85,candle_reversal,1,65,-302.25000000000034,13.2925,13.7125,9.088832768245657,6.75864910273937,2.733054074638233,1.8046066281456363,16359525,12804975
NIFTY25112526100PE,buy,current,2025-11-21T11:20:00+05:30,100.35,2025-11-21T11:47:00+05:30,102.35,candle_reversal,1,65,130.0,13.6925,13.665,6.130643504828892,6.139959626388223,1.9243211420369821,1.9259059426887066,14059725,14337900
NIFTY25112526000PE,buy,current,2025-11-21T11:50:00+05:30,62.2,2025-11-21T12:05:00+05:30,55.8,candle_reversal,1,65,-416.00000000000034,13.6275,13.645,5.749506004385466,5.102480141839021,1.9296145365385762,1.9600296712958853,18757500,18978225
NIFTY25112526100CE,buy,current,2025-11-21T12:15:00+05:30,127.75,2025-11-21T13:18:00+05:30,117.0,candle_reversal,1,65,-698.75,13.6025,13.395,5.057169764057617,6.594168713512479,2.009265506032436,3.019414928239008,18204000,11013000
NIFTY25112526100CE,buy,current,2025-11-21T14:00:00+05:30,128.75,2025-11-21T15:09:00+05:30,98.2,eod_square_off,1,65,-1985.7499999999998,13.44,13.69,6.376476727206506,6.992360040959149,2.44029852075168,2.077896749099428,13648500,13378500
NIFTY25112526100CE,buy,current,2025-11-24T10:15:00+05:30,103.7,2025-11-24T11:01:00+05:30,86.1,candle_reversal,1,65,-1144.0000000000005,12.8975,12.94,6.99679236601021,5.66354548744395,1.731653092805751,2.1342848154936127,23212050,20169975
NIFTY25112526100PE,buy,current,2025-11-24T11:20:00+05:30,62.5,2025-11-24T11:28:00+05:30,52.35,candle_reversal,1,65,-659.7499999999999,12.8975,12.9025,5.275110636563651,5.316306978182716,1.8577315897662787,1.8178705398897534,19896900,19027500
NIFTY25112526000PE,buy,current,2025-11-24T14:05:00+05:30,45.15,2025-11-24T14:14:00+05:30,43.7,candle_reversal,1,65,-94.24999999999972,12.795,12.7825,6.580385575385468,7.0744418856725435,1.36458535094524,1.2436186619866827,19657725,19660200
NIFTY25112526000PE,buy,current,2025-11-24T14:20:00+05:30,53.15,2025-11-24T15:09:00+05:30,73.5,eod_square_off,1,65,1322.75,12.8225,13.265,7.919106438271557,9.768795811719965,1.2103456895902818,1.0246288665053085,19202700,15436425
NIFTY25112525900PE,buy,current,2025-11-25T09:50:00+05:30,28.9,2025-11-25T09:54:00+05:30,18.8,stop,1,65,-656.4999999999999,12.4025,12.3325,9.346083773646445,9.745268029259506,1.0764084120130857,1.0455484860109312,23495025,23371950
NIFTY25112525900PE,buy,current,2025-11-25T11:00:00+05:30,33.55,2025-11-25T11:25:00+05:30,21.8,stop,1,65,-763.7499999999998,12.675,12.5925,7.942202855786894,6.477515933022096,1.0390069517279374,0.8904720006962413,24443250,26316000
NIFTY25112526000CE,buy,current,2025-11-25T13:30:00+05:30,38.15,2025-11-25T13:41:00+05:30,24.8,stop,1,65,-867.7499999999999,12.5475,12.4075,7.595035206539867,7.718647264664672,1.246216957077853,1.2409418866026376,33726300,34161900
NIFTY25112526000CE,buy,current,2025-11-25T14:05:00+05:30,37.6,2025-11-25T14:18:00+05:30,24.45,stop,1,65,-854.7500000000001,12.4375,12.445,7.827975572563086,7.506299990378369,1.2787271759598025,1.2823889900546295,33891450,32560050
NIFTY25120226100CE,buy,current,2025-11-26T09:50:00+05:30,160.0,2025-11-26T10:53:00+05:30,169.0,candle_reversal,1,65,585.0,11.9725,11.875,8.335228115577156,7.776291272016712,0.7440945007429705,1.1469537725639174,6772875,7885125
NIFTY25120226200CE,buy,current,2025-11-26T10:55:00+05:30,114.0,2025-11-26T11:13:00+05:30,118.6,candle_reversal,1,65,298.99999999999966,11.6375,11.6475,7.502984752586999,6.348646567887079,1.1447260101803556,1.175128074988078,7872525,7865325
NIFTY25120226150CE,buy,current,2025-11-26T11:15:00+05:30,148.0,2025-11-26T15:09:00+05:30,180.05,eod_square_off,1,65,2083.250000000001,11.7425,12.0025,6.202314670181067,7.545336363856906,1.175128074988078,1.5370131523265675,3889200,3103425
NIFTY25120226300CE,buy,current,2025-11-27T10:00:00+05:30,131.75,2025-11-27T10:26:00+05:30,118.25,candle_reversal,1,65,-877.5,11.815,12.045,9.912501500446101,7.97069026768798,1.2578640587669805,1.5081767918260147,12229050,11428800
NIFTY25120226300CE,buy,current,2025-11-27T10:50:00+05:30,140.55,2025-11-27T10:55:00+05:30,124.2,candle_reversal,1,65,-1062.7500000000005,12.1125,12.09,6.592033400075954,6.898398041232383,1.5172622947916483,1.6654198261954236,11386875,10099200
NIFTY25120226300CE,buy,current,2025-11-27T12:50:00+05:30,101.8,2025-11-27T13:08:00+05:30,85.2,candle_reversal,1,65,-1078.9999999999995,11.9025,12.0125,6.234621930337087,6.254402618650574,1.2005451084157266,1.241143721093393,13423125,12982875
NIFTY25120226200PE,buy,current,2025-11-27T13:15:00+05:30,122.95,2025-11-27T13:55:00+05:30,103.45,candle_reversal,1,65,-1267.5,11.9675,11.8725,8.5517626118429,7.958163872541512,1.1141300413404203,0.8572652946151678,9957750,8093325
NIFTY25120226300CE,buy,current,2025-11-28T09:55:00+05:30,86.6,2025-11-28T10:15:00+05:30,78.0,candle_reversal,1,65,-558.9999999999997,11.16,11.245,10.04673399476701,7.640768775376422,1.2915107759412259,1.4782855424740555,16105950,16618425
NIFTY25120226300CE,buy,current,2025-11-28T10:35:00+05:30,84.8,2025-11-28T11:24:00+05:30,76.25,candle_reversal,1,65,-555.7499999999998,11.2,11.15,6.903286150133339,7.001364879724919,1.320605881188233,1.6123475064012243,17597625,16960050
NIFTY25120226300CE,buy,current,2025-11-28T11:50:00+05:30,77.25,2025-11-28T13:03:00+05:30,61.35,candle_reversal,1,65,-1033.5,11.2425,11.2425,6.745041530374719,6.306470092910204,1.4372031474085154,1.2584676316741203,18574125,19269750
NIFTY25120226200PE,buy,current,2025-11-28T13:20:00+05:30,79.1,2025-11-28T13:31:00+05:30,64.15,candle_reversal,1,65,-971.7499999999993,11.2,11.135,6.086738038211926,6.6101810826242895,1.2564605282014265,1.2036002668509453,21871725,21513750
NIFTY25120226200PE,buy,current,2025-11-28T13:50:00+05:30,79.25,2025-11-28T14:32:00+05:30,69.3,candle_reversal,1,65,-646.7500000000002,11.1925,11.46,6.43341535718921,5.877750004558999,1.1948361162120626,1.066134512201073,21494325,20251275
NIFTY25120226200PE,buy,current,2025-12-01T11:45:00+05:30,65.2,2025-12-01T12:53:00+05:30,78.3,candle_reversal,1,65,851.4999999999997,11.4375,11.7775,8.074927717079914,7.726075157741842,0.8830012770430807,0.6227397030568387,19706475,16093725
NIFTY25120226200PE,buy,current,2025-12-01T13:35:00+05:30,75.7,2025-12-01T14:03:00+05:30,56.65,candle_reversal,1,65,-1238.2500000000002,11.8475,11.54,5.826569388475576,7.3172895646980995,0.6555247552545703,0.676135636335263,17629650,18775275
NIFTY25120226100PE,buy,current,2025-12-02T09:45:00+05:30,50.1,2025-12-02T10:22:00+05:30,53.05,candle_reversal,1,65,191.74999999999972,11.2725,11.3325,10.891238123627478,7.01333023265754,0.5985369713555341,0.4581212503285555,25463775,19308975
NIFTY25120226000PE,buy,current,2025-12-02T10:25:00+05:30,16.3,2025-12-02T10:50:00+05:30,10.6,stop,1,65,-370.50000000000006,11.365,11.515,6.503075557750738,6.317071015659146,0.479081770518181,0.5798480151393147,31092525,35500875
NIFTY25120226000PE,buy,current,2025-12-02T11:30:00+05:30,14.75,2025-12-02T12:32:00+05:30,9.6,stop,1,65,-334.75,11.8075,11.8075,5.1505111988195456,5.212812864460261,0.5988873692690195,0.540910222593592,37688550,41361300
NIFTY25120925900PE,buy,current,2025-12-03T10:05:00+05:30,112.3,2025-12-03T11:36:00+05:30,100.8,candle_reversal,1,65,-747.5,11.15,11.0225,9.470514075531513,6.265466385565051,0.7750694150887395,0.6781513350108929,7320000,9537900
NIFTY25120925900PE,buy,current,2025-12-03T12:40:00+05:30,94.75,2025-12-03T13:28:00+05:30,90.25,candle_reversal,1,65,-292.5,11.2525,11.235,6.630866825188138,5.507674306409748,0.8180013945635074,0.801698689902924,10980075,11078625
NIFTY25120925900PE,buy,current,2025-12-03T13:50:00+05:30,102.9,2025-12-03T14:50:00+05:30,89.05,candle_reversal,1,65,-900.2500000000006,11.245,11.1775,6.368146185216105,6.156081888784029,0.7579174687984113,0.7810042491499316,10458750,9731925
NIFTY25120926000CE,buy,current,2025-12-04T09:45:00+05:30,141.55,2025-12-04T09:49:00+05:30,136.65,candle_reversal,1,65,-318.50000000000034,11.18,11.1675,10.611155327282134,9.427350945537134,1.078753817023652,1.1374557092556379,14634300,13957950
NIFTY25120926000CE,buy,current,2025-12-04T10:15:00+05:30,151.7,2025-12-04T10:50:00+05:30,184.05,candle_reversal,1,65,2102.7500000000014,11.1425,10.9925,7.335988017585736,6.205676610852701,1.1958726066308394,1.8796573474418212,13411725,8879550
NIFTY25120926100CE,buy,current,2025-12-04T10:55:00+05:30,120.85,2025-12-04T11:54:00+05:30,84.1,candle_reversal,1,65,-2388.75,11.055,11.07,6.047063194568885,7.532188522560588,1.8860824366256983,1.3537447562563287,8799375,11872200
NIFTY25120926100CE,buy,current,2025-12-05T10:05:00+05:30,115.4,2025-12-05T10:30:00+05:30,75.0,stop,1,65,-2626.0000000000005,10.7575,10.65,13.595075095037263,14.569680150856408,1.15997635090669,1.5953514073912598,18241425,14665650
NIFTY25120926100CE,buy,current,2025-12-05T10:45:00+05:30,98.0,2025-12-05T13:06:00+05:30,157.9,candle_reversal,1,65,3893.5000000000005,10.55,10.48,13.173928771677467,6.9484729963041545,1.2500241070075626,3.4363950395392178,18708675,7807800
NIFTY25120926200CE,buy,current,2025-12-05T13:10:00+05:30,93.3,2025-12-05T14:46:00+05:30,60.65,stop,1,65,-2122.25,10.4775,10.4475,6.490304363294643,8.535784354503532,3.424996941262835,2.9707547317201883,14126325,16696800
NIFTY25120926100PE,buy,current,2025-12-08T10:05:00+05:30,65.1,2025-12-08T11:24:00+05:30,64.0,candle_reversal,1,65,-71.49999999999963,10.7275,10.6025,9.10431809874538,6.988895959966732,1.3352566176200722,1.113195375448214,17369175,16541100
NIFTY25120926000PE,buy,current,2025-12-08T11:40:00+05:30,30.65,2025-12-08T13:05:00+05:30,35.1,candle_reversal,1,65,289.25000000000017,10.6075,10.7925,6.338721149280106,6.671894383138649,1.107728314540318,0.8331784678361105,22189575,24330375
NIFTY25120925700PE,buy,current,2025-12-09T09:50:00+05:30,31.85,2025-12-09T10:03:00+05:30,28.85,candle_reversal,1,65,-195.0,11.66,11.6225,11.782756349208972,10.487465136671075,0.3573259752000324,0.3281284447737273,17383425,19451100
NIFTY25120925800PE,buy,current,2025-12-09T10:35:00+05:30,55.7,2025-12-09T10:59:00+05:30,36.2,stop,1,65,-1267.5,11.38,11.3825,11.990975337414115,8.764357912475859,0.5482812931635174,0.5009843816046607,23596950,23394975
NIFTY25120925800PE,buy,current,2025-12-09T11:45:00+05:30,29.5,2025-12-09T11:56:00+05:30,19.2,stop,1,65,-669.5,11.2625,11.1625,10.101917038922567,9.840977882950389,0.7040288892527263,0.6584633369368318,30889650,32896875
NIFTY25121625900CE,buy,current,2025-12-10T10:15:00+05:30,161.0,2025-12-10T10:49:00+05:30,136.15,candle_reversal,1,65,-1615.2499999999995,10.745,10.825,7.0847236773239946,8.340647876402747,0.7457035937152662,0.8452459802965427,10103175,8428125
NIFTY25121625800PE,buy,current,2025-12-10T11:00:00+05:30,106.3,2025-12-10T13:13:00+05:30,109.3,candle_reversal,1,65,195.0,10.9475,10.905,9.819998894768547,6.280429380339041,0.6963291714180792,0.46419873937541783,8512800,9015600
NIFTY25121625800PE,buy,current,2025-12-10T14:00:00+05:30,116.0,2025-12-10T14:34:00+05:30,122.35,candle_reversal,1,65,412.74999999999966,10.9375,10.8925,7.3029157367219835,9.221444914105296,0.5356282430965414,0.39768704229615637,9949275,7313025
NIFTY25121625700PE,buy,current,2025-12-11T09:40:00+05:30,106.4,2025-12-11T10:07:00+05:30,72.15,candle_reversal,1,65,-2226.25,10.8625,10.625,15.517355553983576,13.745754440530323,0.3956654619216333,0.382376030139695,6988950,8485500
NIFTY25121625800CE,buy,current,2025-12-11T10:15:00+05:30,153.7,2025-12-11T12:35:00+05:30,191.7,candle_reversal,1,65,2470.0,10.6925,10.665,13.338582204225101,8.765817313042808,0.3962735042170545,0.9237038555578334,11861550,4918050
NIFTY25121626000CE,buy,current,2025-12-11T12:40:00+05:30,73.5,2025-12-11T13:10:00+05:30,59.1,candle_reversal,1,65,-935.9999999999999,10.6925,10.655,8.782524424141306,9.045416187334153,0.9305781390583605,0.911498223871412,11574900,11984700
NIFTY25121625900CE,buy,current,2025-12-11T13:40:00+05:30,113.85,2025-12-11T14:02:00+05:30,112.8,candle_reversal,1,65,-68.24999999999982,10.615,10.6275,8.704862016757994,7.664291866701548,0.7891035498081825,0.8525236409372525,10326450,9743850
NIFTY25121626000CE,buy,current,2025-12-12T11:10:00+05:30,101.75,2025-12-12T12:06:00+05:30,103.45,candle_reversal,1,65,110.50000000000018,10.0425,10.235,7.656452310269197,6.124974364977072,0.8173238205931642,1.2263313420700994,25570050,19004550
NIFTY25121626000CE,buy,current,2025-12-12T12:10:00+05:30,94.8,2025-12-12T12:40:00+05:30,106.3,candle_reversal,1,65,747.5,10.0725,10.015,5.951792521812952,5.359748498144712,1.233309177465313,1.3127892880238765,18957750,17879625
NIFTY25121626000CE,buy,current,2025-12-12T13:05:00+05:30,106.85,2025-12-12T14:17:00+05:30,116.35,candle_reversal,1,65,617.5,10.12,10.1625,5.09113308794755,5.145096798367345,1.2742092615444567,1.52593749398669,18415725,15633600
NIFTY25121626000CE,buy,current,2025-12-15T12:00:00+05:30,79.15,2025-12-15T13:19:00+05:30,79.8,candle_reversal,1,65,42.249999999999446,10.1125,10.105,6.4182868596524765,5.454579406010209,1.4901245635595306,1.6538359065528088,22394025,19899075
NIFTY25121625900PE,buy,current,2025-12-16T10:00:00+05:30,45.1,2025-12-16T10:20:00+05:30,36.25,candle_reversal,1,65,-575.2500000000001,10.205,10.3025,9.10495992476671,7.4205248277648606,0.8563922157216647,0.6589588785249694,34075875,26395425
NIFTY25121625900PE,buy,current,2025-12-16T11:25:00+05:30,35.05,2025-12-16T12:07:00+05:30,39.4,candle_reversal,1,65,282.7500000000001,10.1925,10.29,6.286101383747369,5.654623355873418,0.7172146624421301,0.6505145512166337,31244850,26851875
NIFTY25121625850PE,buy,current,2025-12-16T12:10:00+05:30,17.5,2025-12-16T12:20:00+05:30,13.35,candle_reversal,1,65,-269.75,10.2725,10.2625,5.50577217929887,5.203922170469171,0.6592249047365856,0.6760305473639939,31040100,32388825
NIFTY25122325950PE,buy,current,2025-12-17T09:50:00+05:30,152.7,2025-12-17T10:34:00+05:30,177.4,candle_reversal,1,65,1605.5000000000011,10.03,10.13,10.4053607583585,6.833727595765405,0.2178584424205827,0.14852272817675666,3269550,2104125
NIFTY25122326000PE,buy,current,2025-12-17T10:35:00+05:30,212.7,2025-12-17T11:16:00+05:30,188.25,candle_reversal,1,65,-1589.2499999999993,10.0425,10.0325,6.833727595765405,6.300107509588462,0.14852272817675666,0.14668865454249025,3790950,3886125
NIFTY25122326000PE,buy,current,2025-12-17T11:30:00+05:30,210.1,2025-12-17T11:43:00+05:30,195.2,candle_reversal,1,65,-968.5000000000003,10.0275,9.94,5.952586268282537,5.679272566349995,0.1487909684403548,0.1414291400885281,4031700,3868725
NIFTY25122326000PE,buy,current,2025-12-18T09:45:00+05:30,254.3,2025-12-18T10:08:00+05:30,240.15,candle_reversal,1,65,-919.7500000000003,9.88,9.87,11.633969154713574,9.195420734586634,0.11974465610131542,0.10787247017570606,3224925,2854050
NIFTY25122326000CE,buy,current,2025-12-18T10:35:00+05:30,61.65,2025-12-18T11:16:00+05:30,50.8,candle_reversal,1,65,-705.2500000000001,9.8275,9.8075,8.918391712455831,6.549312560511111,0.14252578059920146,0.14030897424493396,13057650,13473525
NIFTY25122326000CE,buy,current,2025-12-18T11:40:00+05:30,61.05,2025-12-18T12:01:00+05:30,62.1,candle_reversal,1,65,68.25000000000028,9.795,9.755,5.77898468433367,6.269283079469763,0.14621732866095608,0.15134770054554267,13059750,13023750
NIFTY25122326000CE,buy,current,2025-12-18T12:10:00+05:30,64.65,2025-12-18T13:31:00+05:30,56.75,candle_reversal,1,65,-513.5000000000003,9.7,9.7675,6.834682015333299,6.447776056283877,0.1541006960286566,0.16762894487053392,12827550,12912300
NIFTY25122326000PE,buy,current,2025-12-18T14:25:00+05:30,213.5,2025-12-18T14:33:00+05:30,194.3,candle_reversal,1,65,-1247.9999999999993,9.7275,9.72,7.779827663479346,8.61490194832516,0.12694257987093016,0.12294310618265891,3383175,3323250
NIFTY25122326000CE,buy,current,2025-12-19T10:45:00+05:30,80.05,2025-12-19T11:43:00+05:30,52.05,stop,1,65,-1820.0,9.67,9.55,6.519954454663219,6.016784621646061,0.37455202967384027,0.3306444477550314,19927350,22058625
NIFTY25122326000CE,buy,current,2025-12-19T12:10:00+05:30,60.6,2025-12-19T15:09:00+05:30,67.45,eod_square_off,1,65,445.2500000000001,9.535,9.5025,7.280407520950992,6.008793305035753,0.2659187033579307,0.40823620892278056,23372775,18834525
NIFTY25122326100CE,buy,current,2025-12-22T11:00:00+05:30,84.55,2025-12-22T12:35:00+05:30,79.35,candle_reversal,1,65,-338.00000000000017,9.7175,9.6975,5.3005246422427295,4.53228700326703,1.0329924567306634,1.0923852122794802,15686775,15245100
NIFTY25122326150CE,buy,current,2025-12-22T13:30:00+05:30,51.55,2025-12-22T14:21:00+05:30,48.0,candle_reversal,1,65,-230.74999999999983,9.7275,9.7275,4.6614990975552155,5.341728856659466,1.0711258359529883,1.0953095896101162,17215725,16925850
NIFTY25122326150CE,buy,current,2025-12-22T14:30:00+05:30,50.15,2025-12-22T15:09:00+05:30,53.95,eod_square_off,1,65,247.00000000000028,9.7225,9.6625,5.760145492385192,5.000990520891209,1.0947758593565062,1.1268807928334026,16713150,12536625
NIFTY25122326200CE,buy,current,2025-12-23T10:05:00+05:30,29.25,2025-12-23T10:21:00+05:30,21.6,candle_reversal,1,65,-497.2499999999999,9.53,9.465,7.234800720736589,5.9602172023871205,1.0797659853840929,1.2084288895345432,33882675,33676200
NIFTY25122326200CE,buy,current,2025-12-23T11:15:00+05:30,22.9,2025-12-23T11:36:00+05:30,14.9,stop,1,65,-519.9999999999999,9.4925,9.4775,5.253155610576817,5.23466218780679,1.0835511559890953,1.1152255186929938,42956925,42967125
NIFTY25122326200CE,buy,current,2025-12-23T13:20:00+05:30,15.35,2025-12-23T13:41:00+05:30,10.0,stop,1,65,-347.75,9.535,9.49,5.094494446483731,4.694600209481024,1.0832787772370522,1.0719586835816504,53986200,56259150
NIFTY25123026200PE,buy,current,2025-12-24T13:25:00+05:30,87.25,2025-12-24T14:46:00+05:30,95.8,candle_reversal,1,65,555.7499999999998,9.25,9.2175,5.660022225909054,7.05279842213536,2.016253412287631,1.5933737275648483,15463350,10403925
NIFTY25123026100PE,buy,current,2025-12-26T09:45:00+05:30,74.25,2025-12-26T15:09:00+05:30,86.85,eod_square_off,1,65,818.9999999999997,9.1675,9.1825,8.553262030129115,6.732726128177755,1.3667986462677744,0.9033290661630454,15031350,8823825
NIFTY25123026000PE,buy,current,2025-12-29T10:00:00+05:30,35.6,2025-12-29T12:58:00+05:30,59.95,candle_reversal,1,65,1582.75,9.5475,9.6575,7.906501157141343,5.614539095873598,1.134989889685429,0.6387134836160803,25182950,20534000
NIFTY25123026000PE,buy,current,2025-12-29T13:15:00+05:30,68.1,2025-12-29T13:45:00+05:30,85.25,candle_reversal,1,65,1114.7500000000005,9.72,9.685,5.830386059632461,6.300421979533177,0.6276438925208091,0.5525808523607203,19718750,15074575
NIFTY25123025900PE,buy,current,2025-12-30T09:50:00+05:30,31.95,2025-12-30T09:52:00+05:30,20.75,stop,1,65,-728.0,9.9225,9.8675,8.843833590808,9.56153513083264,0.9251287795945372,0.8980583041205861,32679600,32717850
NIFTY25123025900PE,buy,current,2025-12-30T11:15:00+05:30,19.95,2025-12-30T11:43:00+05:30,21.9,candle_reversal,1,65,126.74999999999996,9.8125,9.825,6.570530633574701,6.027505267220238,0.876507015023047,0.7260549265774839,38216850,32831475
NIFTY25123025900PE,buy,current,2025-12-30T11:45:00+05:30,19.2,2025-12-30T12:40:00+05:30,22.9,candle_reversal,1,65,240.49999999999994,9.775,9.8725,5.7969691767044536,5.969900888074476,0.7249114875770044,0.7036395982874278,32831475,30612525
NIFTY26010626100CE,buy,current,2025-12-31T10:20:00+05:30,80.6,2025-12-31T10:37:00+05:30,88.6,candle_reversal,1,65,520.0,9.4275,9.3675,7.417258206056012,5.996651814182038,0.22874611381015475,0.29169827928053893,9974705,9357075
NIFTY26010626100CE,buy,current,2025-12-31T10:45:00+05:30,99.05,2025-12-31T11:24:00+05:30,92.7,candle_reversal,1,65,-412.74999999999966,9.43,9.3775,6.350074796918589,5.583036111180156,0.3273674098791648,0.40600696222819693,8211320,9064185
NIFTY26010626200CE,buy,current,2026-01-01T10:50:00+05:30,81.7,2026-01-01T10:57:00+05:30,80.55,candle_reversal,1,65,-74.75000000000037,9.25,9.2675,7.662121966413842,6.534198922568106,0.5487077713321,0.5927343948934135,14608295,14195025
NIFTY26010626200CE,buy,current,2026-01-02T09:45:00+05:30,110.55,2026-01-02T10:07:00+05:30,121.05,candle_reversal,1,65,682.5,9.2425,9.3625,10.729623046795727,7.394314460005659,0.944203503695862,1.2452877088890983,14203800,10704915
NIFTY26010626300CE,buy,current,2026-01-02T10:15:00+05:30,65.7,2026-01-02T11:59:00+05:30,71.8,candle_reversal,1,65,396.49999999999966,9.37,9.415,7.08217629448113,5.322810774778375,1.222053178225546,1.435911013569984,14232855,15157675
NIFTY26010626300CE,buy,current,2026-01-05T10:10:00+05:30,85.65,2026-01-05T12:03:00+05:30,63.65,candle_reversal,1,65,-1430.0000000000005,10.0475,10.1275,11.546814460134481,7.529504811748533,1.2165260301531355,1.285440022901167,19185530,14869400
NIFTY26010626350CE,buy,current,2026-01-05T12:55:00+05:30,47.3,2026-01-05T13:12:00+05:30,32.45,candle_reversal,1,65,-965.2499999999997,10.07,10.0625,5.38113726655404,5.011918634036588,1.3022824593630848,1.2613986980118483,20993050,22070425
NIFTY26010626300PE,buy,current,2026-01-05T13:30:00+05:30,59.15,2026-01-05T15:09:00+05:30,96.2,eod_square_off,1,65,2408.2500000000005,10.06,10.04,5.611937075794293,7.49161003091511,1.048204143202373,0.6715122098849081,27004640,10382125
NIFTY26010626100PE,buy,current,2026-01-06T11:20:00+05:30,11.85,2026-01-06T11:29:00+05:30,7.7,stop,1,65,-269.74999999999994,10.215,10.18,8.558099474186614,8.126981837431103,0.5158901904276223,0.4618067165556641,27333605,30490395
NIFTY26010626150PE,buy,current,2026-01-06T12:10:00+05:30,19.65,2026-01-06T12:54:00+05:30,12.75,stop,1,65,-448.4999999999999,10.1675,10.1975,7.379019744810298,6.442676055302486,0.5524587567686957,0.548610355744974,31418400,35298510
NIFTY26010626150PE,buy,current,2026-01-06T13:40:00+05:30,15.75,2026-01-06T13:45:00+05:30,10.25,stop,1,65,-357.5,10.1875,10.1525,5.935329788867336,5.657404246805115,0.5722288768893105,0.5771719351452234,38848095,39526890
NIFTY26011326000PE,buy,current,2026-01-07T09:45:00+05:30,51.25,2026-01-07T09:57:00+05:30,47.6,candle_reversal,1,65,-237.24999999999991,10.1325,10.1075,12.379788532096105,11.059608106997254,8.536056431351978,7.694216476626238,7848490,8033025
NIFTY26011326000PE,buy,current,2026-01-07T10:30:00+05:30,43.95,2026-01-07T10:56:00+05:30,33.65,candle_reversal,1,65,-669.5000000000002,10.06,10.0325,9.004510870878718,7.482557487365672,9.814190920802915,9.411051898666381,9248590,9131265
NIFTY26011326000PE,buy,current,2026-01-07T11:55:00+05:30,42.15,2026-01-07T13:50:00+05:30,47.55,candle_reversal,1,65,350.9999999999999,9.9775,9.9775,6.698171197878182,5.755536351089725,9.799584105359976,6.0818268315889625,9700860,8842730
NIFTY26011326000PE,buy,current,2026-01-08T10:05:00+05:30,52.65,2026-01-08T12:16:00+05:30,118.9,candle_reversal,1,65,4306.25,10.0125,10.68,10.054636029321626,8.853173647714767,4.890213861143453,1.2664731750219878,10030085,7071415
NIFTY26011325900PE,buy,current,2026-01-08T12:20:00+05:30,83.15,2026-01-08T13:46:00+05:30,74.75,candle_reversal,1,65,-546.0000000000003,10.815,10.7325,8.811670008756941,6.869546950972169,1.30080889698277,1.1533098001891486,6746155,7959185
NIFTY26011325900PE,buy,current,2026-01-09T10:15:00+05:30,90.7,2026-01-09T10:46:00+05:30,88.55,candle_reversal,1,65,-139.75000000000037,10.615,10.5675,12.333320002133243,9.98398284594525,1.632661728938266,1.4213249424143535,17723485,16149770
NIFTY26011325800PE,buy,current,2026-01-09T10:55:00+05:30,58.8,2026-01-09T13:22:00+05:30,120.6,candle_reversal,1,65,4017.0,10.5525,10.86,9.61327632502408,7.660204409962456,1.3669085484472852,0.7033294188249132,18688215,7943325
NIFTY26011325700PE,buy,current,2026-01-09T13:25:00+05:30,78.1,2026-01-09T13:37:00+05:30,68.0,candle_reversal,1,65,-656.4999999999997,10.9175,10.87,7.6434925779779395,8.44739963721728,0.6922618560866617,0.7169748255990295,16628495,16862170
NIFTY26011325600PE,buy,current,2026-01-12T10:00:00+05:30,87.75,2026-01-12T12:21:00+05:30,57.05,stop,1,65,-1995.5000000000002,11.81,11.435,14.24940835643271,16.260743296836544,0.49820243696465194,0.370371520332224,20690735,15745405
NIFTY26011325700CE,buy,current,2026-01-12T12:30:00+05:30,83.65,2026-01-12T14:36:00+05:30,83.35,candle_reversal,1,65,-19.50000000000074,11.65,11.535,17.71939087870157,10.342406751493275,0.4871376612304392,0.7779167577811794,14986530,10735335
NIFTY26011325700PE,buy,current,2026-01-13T12:15:00+05:30,31.7,2026-01-13T12:29:00+05:30,22.0,candle_reversal,1,65,-630.5,11.405,11.385,9.57949916941853,9.179177120172568,0.6873927975742186,0.6278886653346236,30049825,30169620
NIFTY26011325700PE,buy,current,2026-01-13T12:45:00+05:30,38.15,2026-01-13T13:21:00+05:30,51.75,candle_reversal,1,65,884.0000000000001,11.4375,11.5675,9.53912370769187,9.94257534084728,0.587825344950287,0.5089130071924027,27379495,15014740
NIFTY26011325600PE,buy,current,2026-01-13T13:25:00+05:30,12.1,2026-01-13T13:34:00+05:30,7.85,stop,1,65,-276.25,11.5725,11.5325,10.05209111656016,10.335606179188844,0.5144877337385756,0.545411767247734,31422625,32768255
NIFTY26012025500CE,buy,current,2026-01-14T09:55:00+05:30,332.1,2026-01-14T10:46:00+05:30,254.7,candle_reversal,1,65,-5031.000000000002,11.255,11.3225,15.394889445963528,12.688926771830948,18.565341517379203,17.903468151938085,994240,1077570
NIFTY26012025500CE,buy,current,2026-01-14T11:00:00+05:30,288.0,2026-01-14T13:40:00+05:30,238.0,candle_reversal,1,65,-3250.0,11.2975,11.2575,10.746151679558722,9.094722751209856,18.03172431763403,19.85385437238968,1066650,1055665
NIFTY26012025500PE,buy,current,2026-01-14T13:45:00+05:30,58.75,2026-01-14T14:42:00+05:30,55.7,candle_reversal,1,65,-198.24999999999983,11.2675,11.37,9.451907447347647,10.180237503077308,18.088758667239368,15.091561100272045,6845020,5658445
NIFTY26012025500CE,buy,current,2026-01-16T09:45:00+05:30,278.0,2026-01-16T11:45:00+05:30,342.7,candle_reversal,1,65,4205.499999999999,11.2325,11.305,13.196513291585445,7.432931346369207,23.517140086698607,32.66013295867315,1244295,952770
NIFTY26012025500CE,buy,current,2026-01-16T11:55:00+05:30,352.0,2026-01-16T12:00:00+05:30,327.95,candle_reversal,1,65,-1563.2500000000007,11.31,11.315,8.00792310074552,7.6632797418041125,32.34112117933459,31.85176494250947,966355,984100
NIFTY26012025500PE,buy,current,2026-01-16T13:25:00+05:30,39.85,2026-01-16T13:47:00+05:30,29.8,candle_reversal,1,65,-653.25,11.49,11.4075,9.250048094263162,10.241496741206147,27.340189535911264,24.942411178831573,11040575,10182705
NIFTY26012025500PE,buy,current,2026-01-16T13:55:00+05:30,34.8,2026-01-16T15:09:00+05:30,32.95,eod_square_off,1,65,-120.24999999999963,11.4575,11.3675,10.866521556109092,8.166749072637481,25.52602332078222,26.185804924553732,10371140,9426040
NIFTY26012025500PE,buy,current,2026-01-19T09:40:00+05:30,58.5,2026-01-19T10:59:00+05:30,58.35,candle_reversal,1,65,-9.749999999999908,12.0025,11.905,16.815765858454427,8.565715018507788,9.157668162806523,4.481249979153673,17335500,20427225
NIFTY26012025500PE,buy,current,2026-01-19T11:00:00+05:30,58.1,2026-01-19T11:36:00+05:30,61.45,candle_reversal,1,65,217.75000000000009,11.9325,11.895,8.565715018507788,7.020408078952323,4.481249979153673,4.881542483749246,20427225,22301110
NIFTY26012025500PE,buy,current,2026-01-19T11:40:00+05:30,55.2,2026-01-19T12:16:00+05:30,54.75,candle_reversal,1,65,-29.250000000000185,11.925,11.88,7.002819442222305,6.6033208215886585,4.8695947802197805,4.805041570446279,21983325,23252515
NIFTY26012025500CE,buy,current,2026-01-19T14:00:00+05:30,141.9,2026-01-19T14:12:00+05:30,136.5,candle_reversal,1,65,-351.00000000000034,11.7525,11.7675,9.953411296590517,9.900557791950561,9.139104215315728,11.907706477875001,7340775,5478915
NIFTY26012025500PE,buy,current,2026-01-20T09:40:00+05:30,77.2,2026-01-20T10:37:00+05:30,50.2,stop,1,65,-1755.0,12.2625,12.2525,13.495310455291968,11.010672053770435,2.555321359433744,2.4920348268461816,18488405,21732295
NIFTY26012025400PE,buy,current,2026-01-20T11:05:00+05:30,23.9,2026-01-20T11:29:00+05:30,15.55,stop,1,65,-542.7499999999999,12.2425,12.2275,8.035812610082058,8.016505553314985,2.1332697186835334,1.854441681262576,27776645,29596580
NIFTY26012025450PE,buy,current,2026-01-20T11:35:00+05:30,28.85,2026-01-20T11:50:00+05:30,25.5,candle_reversal,1,65,-217.75000000000009,12.225,12.195,7.946598787720791,6.693985750577006,1.883829938656489,1.9253532770562838,25334140,28153515
NIFTY26012725200PE,buy,current,2026-01-21T09:40:00+05:30,124.6,2026-01-21T11:12:00+05:30,233.35,candle_reversal,1,65,7068.75,13.0725,13.885,26.630414140089947,16.513642726066294,1.829700997988245,0.626579013444726,12480715,4330105
NIFTY26012725000PE,buy,current,2026-01-21T11:15:00+05:30,128.4,2026-01-21T12:01:00+05:30,111.2,candle_reversal,1,65,-1118.0000000000002,13.935,13.8075,18.65334500359803,12.558812067763066,0.6411945976970012,0.7782301451129787,11260145,13003380
NIFTY26012725000PE,buy,current,2026-01-21T12:30:00+05:30,90.9,2026-01-21T12:34:00+05:30,82.95,candle_reversal,1,65,-516.7500000000002,13.665,13.6225,15.247473307425278,15.110962799603376,0.9529774946060132,0.941759826654366,12526670,12558975
NIFTY26012725200PE,buy,current,2026-01-22T11:00:00+05:30,113.95,2026-01-22T13:35:00+05:30,104.4,candle_reversal,1,65,-620.7499999999998,13.835,13.9375,13.31910381388047,12.168374509505481,1.4083919217949077,0.9648262758012991,8127145,8732100
NIFTY26012725200PE,buy,current,2026-01-22T14:15:00+05:30,123.1,2026-01-22T14:29:00+05:30,91.2,candle_reversal,1,65,-2073.4999999999995,13.935,13.6825,10.696664768886302,10.98880147731081,0.9832025180183821,0.9798263715473374,9288045,9053915
NIFTY26012725300CE,buy,current,2026-01-23T10:35:00+05:30,135.0,2026-01-23T11:38:00+05:30,87.75,stop,1,65,-3071.25,13.4,13.48,11.562877538048424,7.789850260264017,1.3729531211951038,1.270888843342215,15651545,18333900
NIFTY26012725200PE,buy,current,2026-01-23T11:45:00+05:30,88.15,2026-01-23T14:04:00+05:30,172.0,candle_reversal,1,65,5450.25,13.7125,14.2275,9.050775724413118,10.099363434658425,1.1065297122253261,0.5100002758696791,14627470,7428720
NIFTY26012725000PE,buy,current,2026-01-23T14:05:00+05:30,73.8,2026-01-23T15:09:00+05:30,86.6,eod_square_off,1,65,831.9999999999998,14.21,14.2225,10.099363434658425,12.720243873502255,0.5192869912293682,0.5125434367300458,14107145,13023270
NIFTY26012725000PE,buy,current,2026-01-27T10:45:00+05:30,62.85,2026-01-27T11:21:00+05:30,40.85,stop,1,65,-1430.0,15.49,15.255,16.707402163325998,14.678910716110964,0.6471300002754827,0.4347860810234833,23981685,22850295
NIFTY26012725200CE,buy,current,2026-01-27T11:45:00+05:30,61.75,2026-01-27T11:48:00+05:30,40.15,stop,1,65,-1404.0,15.0425,15.0375,16.228440702451834,17.664148919791838,0.6085865271150788,0.7310892996521496,19257940,17855695
NIFTY26012725200CE,buy,current,2026-01-27T12:25:00+05:30,39.7,2026-01-27T12:30:00+05:30,25.8,stop,1,65,-903.5000000000001,15.0275,15.09,13.655577269821148,12.92327605129593,0.7169506102580311,0.7194965163201459,20008755,20430020
NIFTY26012725000PE,buy,current,2026-01-27T12:50:00+05:30,31.3,2026-01-27T12:53:00+05:30,20.35,stop,1,65,-711.75,15.295,15.1475,11.879346966665052,12.51932342552382,0.7006954290402478,0.6683449577418561,29552315,29202550
NIFTY26012725200CE,buy,current,2026-01-27T13:30:00+05:30,27.05,2026-01-27T13:36:00+05:30,17.6,stop,1,65,-614.25,15.1,15.1775,11.231042217811488,12.065973193359165,0.6189938779892648,0.6562127374951192,25249835,25094745
NIFTY26012725000PE,buy,current,2026-01-27T14:05:00+05:30,38.55,2026-01-27T14:10:00+05:30,25.05,stop,1,65,-877.4999999999998,15.3225,15.16,13.488633613844456,13.570934898911233,0.5671418024587458,0.5219764990153717,30177940,28816970
NIFTY26020325700CE,buy,current,2026-01-28T10:40:00+05:30,86.05,2026-01-28T12:40:00+05:30,68.25,candle_reversal,1,65,-1156.9999999999998,14.0425,13.765,13.149765756105342,7.953094083507565,0.11582127347645968,0.1167456946087904,3027245,3087240
NIFTY26020325600PE,buy,current,2026-01-28T13:45:00+05:30,444.6,2026-01-28T13:55:00+05:30,432.0,candle_reversal,1,65,-819.0000000000015,13.8675,13.7425,9.1459056204012,9.455003467669254,0.11325765776911736,0.11342636712437745,540345,540475
NIFTY26020325600PE,buy,current,2026-01-29T09:45:00+05:30,431.0,2026-01-29T10:15:00+05:30,440.25,candle_reversal,1,65,601.25,13.815,13.8625,15.566340721655694,13.690481401376514,0.11277895358362058,0.10375363138668635,559390,572260
NIFTY26020325600PE,buy,current,2026-01-29T10:30:00+05:30,465.0,2026-01-29T13:04:00+05:30,314.25,candle_reversal,1,65,-9798.75,14.035,13.32,16.19154342209169,9.163265739541313,0.10183628106580586,0.10362250903773122,573300,557895
NIFTY26020325600CE,buy,current,2026-01-29T13:05:00+05:30,92.7,2026-01-29T14:08:00+05:30,109.9,candle_reversal,1,65,1118.0000000000002,13.345,13.405,9.163265739541313,8.10239110243095,0.10596546764252252,0.1370874377311308,3873935,3675295
NIFTY26020325600CE,buy,current,2026-01-29T14:15:00+05:30,114.15,2026-01-29T15:09:00+05:30,122.15,eod_square_off,1,65,520.0,13.3925,13.3675,9.157986766347326,11.493357454317714,0.13546575162827293,0.14424461138866376,3635125,3799965
NIFTY26020325600PE,buy,current,2026-01-30T11:35:00+05:30,422.0,2026-01-30T11:41:00+05:30,397.75,candle_reversal,1,65,-1576.25,14.005,13.8775,9.531672729047822,8.958902735337082,0.0818757759934071,0.08140167795942116,633880,633295
NIFTY26020325700PE,buy,current,2026-01-30T13:20:00+05:30,523.0,2026-01-30T13:42:00+05:30,463.55,candle_reversal,1,65,-3864.249999999999,14.1,13.725,11.053471130010992,9.932967747214304,0.08029846501770613,0.08091266507611143,548015,588445
NIFTY26020325600CE,buy,current,2026-01-30T13:45:00+05:30,92.85,2026-01-30T15:09:00+05:30,95.1,eod_square_off,1,65,146.25,13.6675,13.6525,9.879446679996105,12.626287196303236,0.0809936527543978,0.08805683580620642,6120335,5171985
NIFTY26020325700PE,buy,current,2026-02-02T11:05:00+05:30,953.15,2026-02-02T11:33:00+05:30,899.15,candle_reversal,1,65,-3510.0,15.16,14.855,15.138018956142192,17.714395061717074,0.03798034716720253,0.037645463295126434,439335,430235
NIFTY26020325600CE,buy,current,2026-02-02T13:45:00+05:30,3.05,2026-02-02T15:09:00+05:30,3.35,eod_square_off,1,65,19.500000000000018,14.3625,13.89,13.830760620600856,13.283444889532719,0.03915613689816392,0.038547644363457916,10389275,9849385
NIFTY26021025800CE,buy,current,2026-02-04T09:45:00+05:30,183.65,2026-02-04T09:53:00+05:30,157.05,candle_reversal,1,65,-1728.9999999999995,12.8725,12.8375,16.95987476015849,14.040658271930281,0.3663003188263045,0.42805514637323117,9102080,9103575
NIFTY26021025800CE,buy,current,2026-02-04T10:10:00+05:30,176.35,2026-02-04T10:19:00+05:30,158.4,candle_reversal,1,65,-1166.7499999999993,12.7225,12.6525,11.802652002714964,10.734485862395134,0.40908402075473976,0.4235481684032749,10043280,10230415
NIFTY26021025800CE,buy,current,2026-02-04T12:10:00+05:30,140.25,2026-02-04T12:47:00+05:30,129.4,candle_reversal,1,65,-705.2499999999997,12.2125,12.1125,8.279087397944494,8.552201883202239,0.3001722261528442,0.31560834861164183,11401650,11159785
NIFTY26021025800PE,buy,current,2026-02-05T09:45:00+05:30,230.6,2026-02-05T10:13:00+05:30,213.95,candle_reversal,1,65,-1082.2500000000005,12.395,12.3,14.38948432812933,11.629056392226685,0.2483953916006703,0.1995644422935422,6259565,5452460
NIFTY26021025800PE,buy,current,2026-02-05T10:35:00+05:30,216.55,2026-02-05T11:06:00+05:30,221.0,candle_reversal,1,65,289.24999999999926,12.2425,12.2675,10.27035009091634,8.928417487932414,0.21988113275868695,0.18865299785484274,5992220,5372965
NIFTY26021025800PE,buy,current,2026-02-05T11:20:00+05:30,215.05,2026-02-05T11:40:00+05:30,200.35,candle_reversal,1,65,-955.5000000000011,12.2325,12.155,8.2763042789836,7.7485493885193035,0.19504352507509143,0.19425373754393557,5449275,5505565
NIFTY26021025800PE,buy,current,2026-02-06T09:40:00+05:30,274.0,2026-02-06T09:48:00+05:30,262.75,candle_reversal,1,65,-731.25,12.205,12.2,13.353448075490698,12.124665969633869,0.12288060595128304,0.11489214193544108,3895970,3704480
NIFTY26021025750PE,buy,current,2026-02-06T10:05:00+05:30,238.0,2026-02-06T11:00:00+05:30,253.0,candle_reversal,1,65,975.0,12.1075,12.0625,11.602209945505027,9.977309917061236,0.10542335727356007,0.09625229350842343,1651455,1518725
NIFTY26021025800CE,buy,current,2026-02-06T11:50:00+05:30,53.45,2026-02-06T12:05:00+05:30,44.65,candle_reversal,1,65,-572.0000000000002,12.005,11.9875,9.663407081939173,10.270831285459776,0.12396435565181432,0.12655591727307544,14524900,14361035
NIFTY26021025800PE,buy,current,2026-02-06T12:35:00+05:30,277.35,2026-02-06T13:37:00+05:30,246.9,candle_reversal,1,65,-1979.2500000000011,12.04,11.9125,9.194249560589213,8.3161988354698,0.10500824129128637,0.10132856611208906,3589820,3532360
NIFTY26021025800CE,buy,current,2026-02-06T14:10:00+05:30,41.3,2026-02-06T15:09:00+05:30,52.3,eod_square_off,1,65,715.0,11.9325,11.9225,8.321832852166327,9.222360172130115,0.11486845854307151,0.13147733255807467,14683565,13124085
NIFTY26021026000CE,buy,current,2026-02-09T10:55:00+05:30,33.45,2026-02-09T11:04:00+05:30,29.6,candle_reversal,1,65,-250.25000000000009,12.145,12.1575,7.28996307966553,6.36466701258365,0.5300946228008068,0.5913296206624601,25427740,24444875
NIFTY26021026000CE,buy,current,2026-02-10T10:20:00+05:30,25.5,2026-02-10T11:23:00+05:30,16.6,stop,1,65,-578.4999999999999,11.9375,11.9325,7.998479564895841,5.293241891421028,1.0562956363927465,1.0727385463644319,38472525,44127265
NIFTY26021026000CE,buy,current,2026-02-10T12:50:00+05:30,21.25,2026-02-10T13:00:00+05:30,13.8,stop,1,65,-484.24999999999994,11.8325,11.785,5.293906725492435,6.270497251564485,1.1134369673790738,1.1352631156639612,47794240,48932845
NIFTY26021025950CE,buy,current,2026-02-10T14:20:00+05:30,9.6,2026-02-10T14:27:00+05:30,6.25,stop,1,65,-217.74999999999997,11.7875,11.815,7.331881756006017,7.215734946311543,0.7559627951590302,0.8165664448713257,50702535,50815310
NIFTY26021726000CE,buy,current,2026-02-11T10:40:00+05:30,126.8,2026-02-11T11:40:00+05:30,115.55,candle_reversal,1,65,-731.25,11.4275,11.3725,7.042305054497746,6.317041318591339,1.6443067804611222,1.8195127289062605,16463005,16117400
NIFTY26021725900PE,buy,current,2026-02-11T12:45:00+05:30,107.7,2026-02-11T12:50:00+05:30,99.4,candle_reversal,1,65,-539.4999999999998,11.49,11.4925,7.7164839399086755,7.965436134379205,1.2816385388892062,1.209385123839331,9233250,9155120
NIFTY26021725900PE,buy,current,2026-02-12T11:20:00+05:30,123.75,2026-02-12T12:08:00+05:30,134.35,candle_reversal,1,65,688.9999999999997,11.5825,11.6975,6.578682954226646,6.705317996967266,1.019967656412507,0.7841423312079479,8276060,6908590
NIFTY26021725800PE,buy,current,2026-02-12T12:10:00+05:30,85.8,2026-02-12T12:17:00+05:30,83.05,candle_reversal,1,65,-178.75,11.6925,11.69,6.762080997183889,6.641467860460613,0.7880659259282052,0.7862536841933856,8511945,8656960
NIFTY26021725800PE,buy,current,2026-02-12T13:50:00+05:30,82.15,2026-02-12T14:24:00+05:30,77.75,candle_reversal,1,65,-286.00000000000034,11.7675,11.7675,8.812517527054222,6.454543488579906,0.9344964446911227,0.794285672714877,9385025,8766485
NIFTY26021725500PE,buy,current,2026-02-13T10:20:00+05:30,76.45,2026-02-13T10:27:00+05:30,72.2,candle_reversal,1,65,-276.25,12.3175,12.24,9.781407003969445,9.198238793446581,0.354812533997395,0.35812386756875236,12241840,12519845
NIFTY26021725500PE,buy,current,2026-02-13T11:05:00+05:30,72.35,2026-02-13T13:11:00+05:30,64.1,candle_reversal,1,65,-536.25,12.385,12.615,8.961842724104546,8.725770887532699,0.42593578891727424,0.41380274350494284,14807650,15513420
NIFTY26021725500PE,buy,current,2026-02-13T13:25:00+05:30,67.65,2026-02-13T15:09:00+05:30,114.45,eod_square_off,1,65,3042.0,12.63,13.375,8.389189894151079,10.114668921552223,0.44469744483338536,0.2732721660139104,16186950,10194990
NIFTY26021725600CE,buy,current,2026-02-16T12:30:00+05:30,72.8,2026-02-16T12:40:00+05:30,68.9,candle_reversal,1,65,-253.49999999999943,13.325,13.3375,7.711961110915129,7.331429388136942,0.4679520020120675,0.5389240350783775,20330115,19167785
NIFTY26021725600CE,buy,current,2026-02-16T13:30:00+05:30,65.25,2026-02-16T13:55:00+05:30,63.5,candle_reversal,1,65,-113.75,13.2875,13.395,6.9451460550853685,7.4226870110055705,0.5377704757229059,0.5666647752661556,20791940,20439250
NIFTY26021725600CE,buy,current,2026-02-16T14:30:00+05:30,100.25,2026-02-16T15:09:00+05:30,135.65,eod_square_off,1,65,2301.0000000000005,13.315,13.3075,8.50927313627982,8.421236067398368,0.6128961172666845,0.7791025740917684,15805855,8176090
NIFTY26021725600CE,buy,current,2026-02-17T09:45:00+05:30,81.0,2026-02-17T10:35:00+05:30,119.55,candle_reversal,1,65,2505.75,13.12,12.935,14.502782259639542,9.281975783051044,0.6275997118376785,1.069079115989625,26452985,8512335
NIFTY26021725700CE,buy,current,2026-02-17T10:40:00+05:30,45.2,2026-02-17T10:44:00+05:30,29.4,stop,1,65,-1027.0000000000002,12.975,12.9525,8.67175292429496,9.644777489513672,0.982158162403622,0.9711724461210505,22109880,23100805
NIFTY26021725700CE,buy,current,2026-02-17T11:30:00+05:30,35.25,2026-02-17T12:30:00+05:30,54.2,candle_reversal,1,65,1231.7500000000002,12.9,12.77,6.837846125302206,7.020875086776592,0.8242637421194187,1.1352014670965795,32267820,16696160
NIFTY26022425600PE,buy,current,2026-02-18T10:00:00+05:30,109.95,2026-02-18T10:49:00+05:30,99.25,candle_reversal,1,65,-695.5000000000002,12.58,12.4025,11.320849690925561,7.60051743405535,2.7954088786735474,2.5689712702501057,6458205,7976670
NIFTY26022425650CE,buy,current,2026-02-18T13:20:00+05:30,192.6,2026-02-18T13:28:00+05:30,184.3,candle_reversal,1,65,-539.4999999999989,12.25,12.2875,6.8531846591128485,7.884616582915365,3.896902740016678,4.018035707975993,2389075,2231125
NIFTY26022425650CE,buy,current,2026-02-18T14:10:00+05:30,191.95,2026-02-18T15:09:00+05:30,252.55,eod_square_off,1,65,3939.0000000000014,12.2775,12.1525,7.180975040241369,8.494691277265812,4.023176065371756,4.623920170528914,2255435,1087450
NIFTY26022425500PE,buy,current,2026-02-19T11:20:00+05:30,55.55,2026-02-19T12:21:00+05:30,87.3,candle_reversal,1,65,2063.75,12.6525,13.0925,8.325532341943918,10.688767041255137,3.5267925972499383,1.929367328895361,9063340,8339305
NIFTY26022425600PE,buy,current,2026-02-19T12:25:00+05:30,127.8,2026-02-19T13:24:00+05:30,123.15,candle_reversal,1,65,-302.24999999999943,13.12,13.0925,10.212525943745414,9.505438660655475,1.9041009223021628,1.8289703808180535,6512610,7602010
NIFTY26022425600CE,buy,current,2026-02-20T10:45:00+05:30,153.0,2026-02-20T11:10:00+05:30,130.9,candle_reversal,1,65,-1436.4999999999995,14.3875,14.4525,10.450060024553979,9.335482772199883,1.9423251913128945,2.0175252046011214,11893960,13254540
NIFTY26022425600CE,buy,current,2026-02-20T11:35:00+05:30,140.25,2026-02-20T12:40:00+05:30,163.15,candle_reversal,1,65,1488.5000000000005,14.3425,14.2475,9.975905660154606,7.767968162347117,1.9057285170925935,2.699349543541112,13746070,9545445
NIFTY26022425600CE,buy,current,2026-02-20T12:45:00+05:30,146.0,2026-02-20T13:09:00+05:30,118.9,candle_reversal,1,65,-1761.4999999999995,14.4225,14.41,8.472616583839905,9.74850452288598,2.683221217747745,2.3661466531710498,9394255,11386050
NIFTY26022425650CE,buy,current,2026-02-23T11:05:00+05:30,113.5,2026-02-23T12:22:00+05:30,98.05,candle_reversal,1,65,-1004.2500000000002,14.255,14.225,8.038278579235165,8.491592188431225,2.944465282839935,3.0597215485258067,7779915,9452105
NIFTY26022425650CE,buy,current,2026-02-23T12:45:00+05:30,114.65,2026-02-23T12:53:00+05:30,91.0,candle_reversal,1,65,-1537.2500000000005,14.11,14.2025,7.079609708107411,8.266411812361511,2.9756331538521943,3.196615560558951,10133955,9656660
NIFTY26022425600PE,buy,current,2026-02-23T13:00:00+05:30,78.95,2026-02-23T14:30:00+05:30,51.3,stop,1,65,-1797.2500000000005,14.27,14.0525,8.41176179164481,9.798185397248316,3.0444395275215306,2.8299346632390336,16072940,16866265
NIFTY26022425500PE,buy,current,2026-02-24T10:15:00+05:30,66.65,2026-02-24T11:12:00+05:30,43.3,stop,1,65,-1517.7500000000005,14.0425,14.0425,9.943193337908761,7.107275024928208,1.1599019756048867,1.1186914828204244,23607220,24689340
NIFTY26022425500PE,buy,current,2026-02-24T11:55:00+05:30,50.25,2026-02-24T12:38:00+05:30,82.75,candle_reversal,1,65,2112.5,14.075,14.3175,7.105871301855708,7.633484934119771,1.209915438073334,0.8356360873138081,29862820,16049410
NIFTY26022425400PE,buy,current,2026-02-24T12:40:00+05:30,28.8,2026-02-24T13:55:00+05:30,35.4,candle_reversal,1,65,428.9999999999999,14.3125,14.6675,7.823950295968307,9.049209201989134,0.8356360873138081,0.7648207471586367,27573000,17061460
NIFTY26031024400PE,buy,current,2026-03-04T09:50:00+05:30,320.25,2026-03-04T11:10:00+05:30,274.9,candle_reversal,1,65,-2947.7500000000014,20.67,20.605,21.887584249183096,11.770042952085264,1.6456621082426763,1.6695752593462516,5406375,6177015
NIFTY26031024400PE,buy,current,2026-03-04T11:25:00+05:30,298.65,2026-03-04T12:57:00+05:30,285.0,candle_reversal,1,65,-887.2499999999985,20.81,20.7475,11.510374373727064,8.48719638706565,1.728870620786719,1.3632558370755796,6380790,5893355
NIFTY26031024500CE,buy,current,2026-03-04T14:15:00+05:30,354.85,2026-03-04T14:23:00+05:30,350.85,candle_reversal,1,65,-260.0,20.9825,21.155,13.02815813190732,12.329497666375813,1.7166257638080753,2.04586884062951,4268290,3743870
NIFTY26031024600CE,buy,current,2026-03-05T09:50:00+05:30,251.85,2026-03-05T10:14:00+05:30,233.3,candle_reversal,1,65,-1205.7499999999989,19.0125,19.13,18.35646499199884,12.375092742953877,1.7654016578550595,2.0920332512754647,6506110,5797155
NIFTY26031024600CE,buy,current,2026-03-05T10:40:00+05:30,245.0,2026-03-05T11:23:00+05:30,251.55,candle_reversal,1,65,425.75000000000074,18.845,18.7575,14.221317448719526,9.845927157859322,1.764923379496845,2.2767486991146155,6486285,5571020
NIFTY26031024600PE,buy,current,2026-03-05T14:00:00+05:30,240.3,2026-03-05T14:39:00+05:30,174.75,candle_reversal,1,65,-4260.750000000001,18.96,18.285,10.972944194486121,15.869351640973088,2.148662515748535,1.9469853797386467,7238335,6133140
NIFTY26031024650CE,buy,current,2026-03-06T09:45:00+05:30,225.75,2026-03-06T10:34:00+05:30,200.0,candle_reversal,1,65,-1673.75,18.3175,18.655,17.142149492217737,8.729933241374196,3.3882801098275905,3.3524004398922496,4160650,5043545
NIFTY26031024600PE,buy,current,2026-03-06T10:50:00+05:30,214.0,2026-03-06T11:02:00+05:30,195.75,candle_reversal,1,65,-1186.25,18.765,18.585,9.359313288402777,11.381577961661822,2.693202483739371,2.1234062530415017,10940995,9243325
NIFTY26031024600PE,buy,current,2026-03-06T11:20:00+05:30,202.9,2026-03-06T11:49:00+05:30,191.35,candle_reversal,1,65,-750.7500000000007,18.715,18.6525,9.393096126372289,9.16735111732007,2.5850988189343704,2.7016441224561016,10328695,11252020
NIFTY26031024600PE,buy,current,2026-03-06T12:30:00+05:30,215.4,2026-03-06T14:11:00+05:30,219.05,candle_reversal,1,65,237.25000000000037,18.8825,19.085,8.076175848979393,9.833564025519989,2.456343694189382,1.586049817694066,10587720,8097505
NIFTY26031024200PE,buy,current,2026-03-09T09:45:00+05:30,519.8,2026-03-09T10:09:00+05:30,454.8,candle_reversal,1,65,-4224.999999999996,24.455,24.1675,28.091291068403898,16.66432623016223,0.3822354290370792,0.331571427866823,1807000,1651780
NIFTY26031024300PE,buy,current,2026-03-09T10:20:00+05:30,540.0,2026-03-09T11:21:00+05:30,483.4,candle_reversal,1,65,-3679.0000000000014,24.24,23.76,16.146486034616792,16.524479899856537,0.31694451451397115,0.28691592552624073,1652560,1401790
NIFTY26031024200PE,buy,current,2026-03-09T12:10:00+05:30,412.95,2026-03-09T12:57:00+05:30,372.6,candle_reversal,1,65,-2622.7499999999977,23.7975,24.255,11.70495482580641,12.418815969483305,0.28049129620294133,0.26832490437579376,1518985,1537575
NIFTY26031024300CE,buy,current,2026-03-10T11:25:00+05:30,35.3,2026-03-10T11:48:00+05:30,29.35,candle_reversal,1,65,-386.7499999999997,19.9525,19.775,9.651070060760233,8.436139689765524,0.40570471618988274,0.49671066470094954,20233590,20665190
NIFTY26031024300CE,buy,current,2026-03-10T13:40:00+05:30,32.9,2026-03-10T13:43:00+05:30,21.4,stop,1,65,-747.5,19.51,19.47,12.536587546104775,11.95091958830435,0.4105501566253971,0.47240612984512703,27205295,25349805
NIFTY26031024300CE,buy,current,2026-03-10T14:10:00+05:30,48.85,2026-03-10T14:13:00+05:30,31.75,stop,1,65,-1111.5,19.2875,19.2475,12.509390327683407,12.486064326035384,0.4788456556492648,0.6083396483602377,29148405,20906080
NIFTY26031723800PE,buy,current,2026-03-11T09:45:00+05:30,118.3,2026-03-11T11:29:00+05:30,191.5,candle_reversal,1,65,4758.0,19.075,20.2075,15.921434127520525,9.956026564606661,10.544587683784359,8.879534676340644,2003300,2162875
NIFTY26031723800PE,buy,current,2026-03-11T11:35:00+05:30,223.1,2026-03-11T12:03:00+05:30,207.25,candle_reversal,1,65,-1030.2499999999995,20.7825,20.4425,9.781808028746394,10.20975594291713,8.55284742468416,8.619534883720931,2158910,2305550
NIFTY26031723600PE,buy,current,2026-03-12T09:40:00+05:30,284.8,2026-03-12T09:52:00+05:30,255.6,candle_reversal,1,65,-1898.0000000000011,22.35,22.1,20.23571069583378,16.85624005388353,1.901960567979964,1.919838199816987,4269980,5143255
NIFTY26031723600PE,buy,current,2026-03-12T10:15:00+05:30,266.85,2026-03-12T11:00:00+05:30,196.9,candle_reversal,1,65,-4546.750000000001,22.3075,21.71,15.47425762206314,15.28640173177853,2.0935920915606037,1.912091548571454,5385445,5255770
NIFTY26031723400PE,buy,current,2026-03-13T09:45:00+05:30,217.1,2026-03-13T10:29:00+05:30,254.55,candle_reversal,1,65,2434.250000000001,21.6475,21.815,16.509964633778864,13.193235163648897,0.7763731481232221,0.3982967318672051,5396365,3483870
NIFTY26031723350PE,buy,current,2026-03-13T10:30:00+05:30,234.05,2026-03-13T10:52:00+05:30,219.25,candle_reversal,1,65,-962.0000000000007,21.7825,21.55,13.193235163648897,11.810224308414814,0.3982967318672051,0.3968638055104529,2509000,2841995
NIFTY26031723350PE,buy,current,2026-03-13T11:10:00+05:30,237.55,2026-03-13T13:29:00+05:30,333.35,candle_reversal,1,65,6227.000000000001,21.8325,22.4225,12.238157330808917,14.28722063645284,0.4129687758348212,0.2885080157898977,3335020,1402440
NIFTY26031723400PE,buy,current,2026-03-16T10:00:00+05:30,292.3,2026-03-16T11:16:00+05:30,330.25,candle_reversal,1,65,2466.749999999999,22.0875,21.9525,20.160232708933084,16.29289268824396,0.1972076580078813,0.15654348279303407,1575340,1149330
NIFTY26031723500PE,buy,current,2026-03-16T11:45:00+05:30,380.25,2026-03-16T13:39:00+05:30,395.1,candle_reversal,1,65,965.2500000000015,22.0275,22.0575,16.345016240760014,12.638633046006758,0.17398730993171385,0.15581034910903127,1524770,1445990
NIFTY26031723500PE,buy,current,2026-03-16T13:40:00+05:30,388.6,2026-03-16T14:21:00+05:30,302.15,candle_reversal,1,65,-5619.250000000003,22.0425,21.665,12.638633046006758,18.84102467637724,0.15581034910903127,0.15395639557570467,1445990,1436435
NIFTY26031723500CE,buy,current,2026-03-16T14:30:00+05:30,85.85,2026-03-16T15:09:00+05:30,116.5,eod_square_off,1,65,1992.2500000000005,21.6525,21.5425,24.783231089186163,24.902498468147005,0.2689421180991404,0.3921483237192301,9167470,8826480
NIFTY26031723500CE,buy,current,2026-03-17T09:40:00+05:30,58.0,2026-03-17T10:27:00+05:30,83.6,candle_reversal,1,65,1663.9999999999995,20.68,20.085,22.847651374268953,13.506342065177236,0.38320985706661803,0.9705311268296472,19519500,13058370
NIFTY26031723600CE,buy,current,2026-03-17T10:30:00+05:30,24.35,2026-03-17T10:36:00+05:30,18.75,candle_reversal,1,65,-364.0000000000001,20.2425,20.36,14.893988821504815,16.47563306892824,0.9408892301811121,0.7469635551387293,15181400,15414165
NIFTY26031723500CE,buy,current,2026-03-17T10:50:00+05:30,74.45,2026-03-17T11:13:00+05:30,48.4,stop,1,65,-1693.2500000000002,20.28,20.335,16.699042236353826,14.22072951532202,0.5936941654772813,0.6821570184140147,19784310,17980625
NIFTY26032423200CE,buy,current,2026-03-18T10:20:00+05:30,590.9,2026-03-18T12:00:00+05:30,671.2,candle_reversal,1,65,5219.500000000005,19.0,18.9825,12.68315845275614,8.53513381266357,10.39735847586395,12.010066582117945,360555,310505
NIFTY26032423100CE,buy,current,2026-03-18T12:05:00+05:30,749.3,2026-03-18T13:32:00+05:30,771.25,candle_reversal,1,65,1426.750000000003,18.9825,18.885,8.645296408358115,9.664904946937842,12.203913491246139,11.738431677018633,342030,339040
NIFTY26032423200CE,buy,current,2026-03-18T13:35:00+05:30,699.0,2026-03-18T14:31:00+05:30,675.1,candle_reversal,1,65,-1553.4999999999986,18.8925,18.7225,10.407749673635234,10.569691740004247,11.75232426965418,11.99496479288777,336245,314665
NIFTY26032423200PE,buy,current,2026-03-19T09:40:00+05:30,225.5,2026-03-19T10:24:00+05:30,223.7,candle_reversal,1,65,-117.00000000000074,21.6175,21.4575,25.684845646411578,13.449961425500232,4.782616170931087,3.080260282714211,3464890,3952260
NIFTY26032423200PE,buy,current,2026-03-19T10:50:00+05:30,208.9,2026-03-19T12:13:00+05:30,219.3,candle_reversal,1,65,676.0000000000003,21.3125,21.53,13.02660425557937,9.854603871010937,4.0486033519553075,2.9587250071468207,4554160,4716985
NIFTY26032423200PE,buy,current,2026-03-19T12:15:00+05:30,213.35,2026-03-19T13:39:00+05:30,245.1,candle_reversal,1,65,2063.75,21.425,21.7925,10.393560737367403,10.205662477239704,2.9591230932239023,2.269712090610273,4716985,4908735
NIFTY26032423200CE,buy,current,2026-03-20T10:50:00+05:30,303.7,2026-03-20T10:58:00+05:30,296.2,candle_reversal,1,65,-487.5,22.085,22.1525,12.479607101432714,11.69554715128308,3.8497795758757016,4.094168356997971,3758040,3515200
NIFTY26032423200CE,buy,current,2026-03-20T11:20:00+05:30,303.3,2026-03-20T11:44:00+05:30,286.7,candle_reversal,1,65,-1079.0000000000014,22.0975,22.14,11.493853167429247,9.839131466516788,4.169166027149093,4.528310417822718,3577015,3018405
NIFTY26032423200PE,buy,current,2026-03-20T12:20:00+05:30,255.2,2026-03-20T13:06:00+05:30,213.15,candle_reversal,1,65,-2733.249999999999,22.71,22.29,12.371630355916967,12.748582046240417,3.397706882219738,3.0963457273384445,6834815,6990230
NIFTY26032423200CE,buy,current,2026-03-20T13:30:00+05:30,276.95,2026-03-20T13:47:00+05:30,255.3,candle_reversal,1,65,-1407.2499999999986,22.405,22.5775,12.65685357106438,12.087074642144387,3.31125519864574,3.6247823167502826,4854005,4503265
NIFTY26032423200PE,buy,current,2026-03-20T14:00:00+05:30,242.75,2026-03-20T14:04:00+05:30,222.2,candle_reversal,1,65,-1335.7500000000007,22.77,22.5675,11.89352575628608,12.793224565338832,3.511197156951148,3.472050016314244,7437625,7495150
NIFTY26032423200PE,buy,current,2026-03-20T14:25:00+05:30,259.25,2026-03-20T15:09:00+05:30,267.4,eod_square_off,1,65,529.7499999999985,22.745,22.7425,13.58273378900472,18.935617487881,3.364606672913187,2.1745538602267063,7295730,4127240
NIFTY26032422700PE,buy,current,2026-03-23T09:50:00+05:30,246.0,2026-03-23T11:06:00+05:30,308.9,candle_reversal,1,65,4088.4999999999986,25.69,26.175,18.503426677666166,12.966902121066143,0.6447370634096667,0.327640412057555,8073845,3824210
NIFTY26032422700PE,buy,current,2026-03-23T11:10:00+05:30,293.0,2026-03-23T11:41:00+05:30,303.9,candle_reversal,1,65,708.4999999999985,26.0625,26.2575,15.762020393579709,12.91524834689653,0.3244026951446107,0.3144086310936099,3846050,3848520
NIFTY26032422700PE,buy,current,2026-03-24T11:00:00+05:30,110.8,2026-03-24T11:19:00+05:30,73.0,candle_reversal,1,65,-2457.0,25.64,25.54,18.13748918349498,14.94145579178172,0.19730729607838648,0.24501410530673562,10060570,13634920
NIFTY26032423000CE,buy,current,2026-03-24T12:25:00+05:30,45.35,2026-03-24T12:28:00+05:30,29.5,stop,1,65,-1030.25,25.17,25.1575,19.45062551115795,24.851831664519597,0.45553872959353603,0.6671964692993131,25237680,19564545
NIFTY26032423000CE,buy,current,2026-03-24T12:35:00+05:30,60.35,2026-03-24T13:05:00+05:30,39.25,stop,1,65,-1371.5,25.145,25.0025,24.252810365046155,20.594177777118308,0.7542230057091506,1.2213318132475814,19713070,15928835
NIFTY26040722900CE,buy,current,2026-04-01T09:50:00+05:30,319.8,2026-04-01T10:08:00+05:30,325.0,candle_reversal,1,65,337.99999999999926,25.0625,25.285,20.22248795181586,14.025868785443441,0.33838625589683846,0.4872751465860832,4084925,3341975
NIFTY26040723000CE,buy,current,2026-04-01T10:10:00+05:30,258.75,2026-04-01T10:25:00+05:30,228.6,candle_reversal,1,65,-1959.7500000000005,25.3425,25.24,13.531163872197636,15.072506401945159,0.48619131921128134,0.4044343392975668,4532905,5065645
NIFTY26040723000CE,buy,current,2026-04-01T12:15:00+05:30,246.15,2026-04-01T12:27:00+05:30,231.75,candle_reversal,1,65,-936.0000000000003,24.88,24.835,13.83866428343816,11.312955564022717,0.32095493567999656,0.32754285107343434,5733260,5884905
NIFTY26040722900PE,buy,current,2026-04-01T13:45:00+05:30,400.05,2026-04-01T15:09:00+05:30,395.95,eod_square_off,1,65,-266.5000000000015,25.24,25.0025,20.562004957043282,14.286865343581,0.29395584964675003,0.2715009243295426,2178605,1601925
NIFTY26040723000PE,buy,current,2026-04-02T09:50:00+05:30,803.65,2026-04-02T10:14:00+05:30,812.7,candle_reversal,1,65,588.2500000000044,26.1525,25.99,18.762949895190282,14.610455681981634,0.20870844383582943,0.18853259644523848,1759355,1707615
NIFTY26040723000PE,buy,current,2026-04-02T10:20:00+05:30,817.6,2026-04-02T12:36:00+05:30,712.8,candle_reversal,1,65,-6812.000000000005,26.0425,25.975,14.818481829613175,13.903456148401832,0.1841716602284981,0.15783194772132955,1700920,1500330
NIFTY26040723000CE,buy,current,2026-04-02T13:30:00+05:30,99.4,2026-04-02T14:38:00+05:30,124.95,candle_reversal,1,65,1660.7499999999998,26.0475,25.6675,16.958741867609326,20.835338724274372,0.1507116286592269,0.15572523720003204,5879315,6047795
NIFTY26040723000CE,buy,current,2026-04-06T12:25:00+05:30,85.5,2026-04-06T15:09:00+05:30,172.0,eod_square_off,1,65,5622.5,26.0,25.3575,15.665119071657092,14.67380434398272,0.0805025988097076,0.31211213522523834,11828765,8081840
NIFTY26040723000CE,buy,current,2026-04-07T09:55:00+05:30,46.85,2026-04-07T10:58:00+05:30,30.45,stop,1,65,-1066.0000000000002,25.5575,25.515,21.76353423722888,17.184798296926004,0.14479425365096737,0.20616233143525867,18057390,21456955
NIFTY26040723000CE,buy,current,2026-04-07T11:05:00+05:30,33.85,2026-04-07T13:57:00+05:30,43.25,candle_reversal,1,65,610.9999999999999,25.525,25.145,17.084855405802685,19.645590243897125,0.16723848929409244,0.5327894837228778,24058710,18416450
NIFTY26040723000CE,buy,current,2026-04-07T14:00:00+05:30,40.25,2026-04-07T14:20:00+05:30,36.8,candle_reversal,1,65,-224.25000000000017,25.1475,25.1075,20.266860975605066,16.27747446349055,0.4254415253043727,0.4577298008352498,21439730,25051520
NIFTY26042124500CE,buy,current,2026-04-15T10:05:00+05:30,111.35,2026-04-15T10:53:00+05:30,104.0,candle_reversal,1,65,-477.74999999999966,18.6425,18.7,11.82013721722716,9.014332613333911,0.07563225876478888,0.09731027857829011,5274100,4988490
NIFTY26042124500CE,buy,current,2026-04-15T12:05:00+05:30,108.6,2026-04-15T13:07:00+05:30,98.55,candle_reversal,1,65,-653.2499999999998,18.6325,18.695,6.60440711397353,6.922628604143072,0.08448750491580566,0.08289417983364415,5911165,6469190
NIFTY26042124500CE,buy,current,2026-04-15T13:20:00+05:30,105.7,2026-04-15T15:09:00+05:30,99.25,eod_square_off,1,65,-419.25000000000017,18.6275,18.69,6.032312791629544,8.414470443240583,0.08489089742465299,0.09179016605397973,6319885,5406765
NIFTY26042124400PE,buy,current,2026-04-16T12:00:00+05:30,335.45,2026-04-16T12:42:00+05:30,340.45,candle_reversal,1,65,325.0,18.435,18.425,11.825556007808164,10.630047044223815,0.1312854386438879,0.11577846307444227,1822860,1497470
NIFTY26042124400PE,buy,current,2026-04-16T12:55:00+05:30,363.45,2026-04-16T13:41:00+05:30,360.0,candle_reversal,1,65,-224.24999999999926,18.4975,18.3925,12.04481730448517,8.232759086333894,0.11424820939885559,0.10218553160473581,1473160,1426880
NIFTY26042124400CE,buy,current,2026-04-17T09:55:00+05:30,90.15,2026-04-17T12:20:00+05:30,108.2,candle_reversal,1,65,1173.2499999999998,18.0475,17.61,12.079741255376806,8.065809591858411,0.08079145842133148,0.11352213306887847,8245510,7799285
NIFTY26042124500CE,buy,current,2026-04-17T12:25:00+05:30,73.5,2026-04-17T13:53:00+05:30,75.1,candle_reversal,1,65,103.99999999999963,17.6075,17.445,7.061437623726129,5.104216237041912,0.11526781267399325,0.12658465222941448,10180495,10638420
NIFTY26042124500CE,buy,current,2026-04-20T09:55:00+05:30,65.75,2026-04-20T12:05:00+05:30,104.3,candle_reversal,1,65,2505.75,18.2925,18.075,16.55728570044736,6.305548336001628,0.20610084894032585,0.5239984181670867,10889320,12518545
NIFTY26042124500CE,buy,current,2026-04-20T12:10:00+05:30,102.3,2026-04-20T13:00:00+05:30,97.7,candle_reversal,1,65,-298.99999999999966,18.14,18.2275,6.865686589560107,9.539885244110142,0.5358650308258371,0.5357400648721086,12602850,12421240
NIFTY26042124500CE,buy,current,2026-04-20T14:25:00+05:30,88.0,2026-04-20T14:41:00+05:30,74.35,candle_reversal,1,65,-887.2500000000003,18.6475,18.655,8.012201084918734,9.098346132648613,0.37221523795139244,0.3762874383489929,12423970,11951290
NIFTY26042124500CE,buy,current,2026-04-21T09:50:00+05:30,68.9,2026-04-21T10:22:00+05:30,52.3,candle_reversal,1,65,-1079.0000000000005,17.905,17.9475,13.08393626040356,8.19057239037569,0.7927125704512126,0.9129308441278627,20990125,22656010
NIFTY26042124500CE,buy,current,2026-04-21T10:35:00+05:30,73.95,2026-04-21T11:22:00+05:30,71.7,candle_reversal,1,65,-146.25,17.71,17.63,9.58292240957189,7.0773421136420955,0.8369152295939649,1.190453015769415,24981385,16088605
NIFTY26042124600CE,buy,current,2026-04-21T11:25:00+05:30,21.9,2026-04-21T11:34:00+05:30,16.0,candle_reversal,1,65,-383.4999999999999,17.63,17.69,6.913371516354464,6.470564486633139,1.1557235501727383,1.071196103636609,23564580,24259430
NIFTY26042824200PE,buy,current,2026-04-22T09:45:00+05:30,155.3,2026-04-22T10:40:00+05:30,162.45,candle_reversal,1,65,464.7499999999985,18.2525,18.475,14.632308657725842,7.892678625594738,3.3500529432526767,3.19640283977085,2898805,2898350
NIFTY26042824100PE,buy,current,2026-04-22T10:45:00+05:30,126.1,2026-04-22T10:54:00+05:30,113.2,candle_reversal,1,65,-838.4999999999994,18.41,18.2675,7.4389705910459805,8.198599494097508,3.2146012226580445,3.426647185060043,1910350,1994200
NIFTY26042824200PE,buy,current,2026-04-22T11:50:00+05:30,148.45,2026-04-22T12:45:00+05:30,137.4,candle_reversal,1,65,-718.2499999999989,18.2475,18.1875,8.0076426309235,6.87903203995142,3.6068536632765436,3.681451315692489,3086460,3109275
NIFTY26042824200PE,buy,current,2026-04-23T11:45:00+05:30,211.0,2026-04-23T11:55:00+05:30,195.35,candle_reversal,1,65,-1017.2500000000003,18.83,18.69,7.410415976128511,7.472759715997094,1.8239593757606902,1.7636776565107886,7655050,7349225
NIFTY26042824200PE,buy,current,2026-04-23T12:30:00+05:30,213.8,2026-04-23T13:21:00+05:30,163.05,candle_reversal,1,65,-3298.75,18.735,18.2925,7.738212823794561,8.220823058064136,1.9108614776090505,2.0387237756035956,7937085,7845825
NIFTY26042824000PE,buy,current,2026-04-24T09:45:00+05:30,184.65,2026-04-24T11:06:00+05:30,192.7,candle_reversal,1,65,523.2499999999989,19.1575,19.2675,14.371333653604669,8.706533280331668,0.862752222429665,0.6313651362824176,10256545,9225905
NIFTY26042823900PE,buy,current,2026-04-24T11:10:00+05:30,150.1,2026-04-24T11:22:00+05:30,144.7,candle_reversal,1,65,-351.00000000000034,19.2675,19.2875,9.146357003239219,8.771425321668497,0.6356667318773206,0.6064599849557138,6416605,6213285
NIFTY26042823900PE,buy,current,2026-04-24T11:50:00+05:30,161.15,2026-04-24T12:34:00+05:30,153.15,candle_reversal,1,65,-520.0,19.205,19.27,7.61132640489484,8.858330716189567,0.6278907525313987,0.5955448433678504,6825910,7032740
NIFTY26042824000CE,buy,current,2026-04-27T09:45:00+05:30,163.5,2026-04-27T10:05:00+05:30,167.95,candle_reversal,1,65,289.24999999999926,18.91,18.765,18.888071998460912,12.578022597443734,0.7930776137388408,1.3072996102355532,15417415,9775025
NIFTY26042824100CE,buy,current,2026-04-27T10:10:00+05:30,111.2,2026-04-27T11:08:00+05:30,78.6,candle_reversal,1,65,-2119.0000000000005,18.7675,18.5425,12.115314020345718,10.211777545193181,1.214545951093642,1.0537973749251364,11691095,14173835
NIFTY26042824100CE,buy,current,2026-04-27T11:20:00+05:30,88.95,2026-04-27T11:28:00+05:30,78.05,candle_reversal,1,65,-708.5000000000003,18.515,18.6475,9.28783299548972,9.43552378154295,1.017286819247758,1.0109377622222087,14794195,14927900
NIFTY26042824200CE,buy,current,2026-04-28T10:00:00+05:30,31.15,2026-04-28T10:34:00+05:30,20.25,stop,1,65,-708.4999999999999,17.7025,17.485,10.547874467356918,6.934458767650016,1.7316599706631428,2.061207975312975,20207135,25357930
NIFTY26042824200CE,buy,current,2026-04-28T10:55:00+05:30,26.55,2026-04-28T11:05:00+05:30,17.25,stop,1,65,-604.5,17.305,17.325,7.112312289225421,7.4428980886907015,1.9225962591359413,1.9524593375023578,26418405,27992055
NIFTY26042824000PE,buy,current,2026-04-28T12:05:00+05:30,26.8,2026-04-28T12:16:00+05:30,18.9,candle_reversal,1,65,-513.5000000000001,17.8875,17.9225,8.274500734875907,7.511038120804716,0.8865842582089095,0.8541125195292819,29534505,30815200
NIFTY26042824000PE,buy,current,2026-04-28T12:25:00+05:30,30.3,2026-04-28T12:44:00+05:30,24.5,candle_reversal,1,65,-377.00000000000006,18.07,18.0975,9.5002562722234,8.460835348502787,0.7791010934454092,0.7340802623856671,25870195,26608660
NIFTY26042824000PE,buy,current,2026-04-28T13:00:00+05:30,33.4,2026-04-28T13:03:00+05:30,21.7,stop,1,65,-760.5,17.9275,17.8425,8.392775463728508,8.986798730204718,0.8142737526345444,0.7796074525392906,29870815,28674620
NIFTY26050524100CE,buy,current,2026-04-29T09:45:00+05:30,226.4,2026-04-29T11:46:00+05:30,323.65,candle_reversal,1,65,6321.249999999998,17.1525,17.0275,15.437355956197711,7.769941718623396,0.8171913937734723,2.2954318587386857,6889805,2509455
NIFTY26050524300CE,buy,current,2026-04-29T11:50:00+05:30,197.5,2026-04-29T12:06:00+05:30,192.95,candle_reversal,1,65,-295.75000000000074,17.0225,16.945,7.5855364270463355,5.956052017204449,2.272961593068106,2.234039728304984,5261880,5400915
NIFTY26050523900PE,buy,current,2026-04-30T09:55:00+05:30,188.85,2026-04-30T11:27:00+05:30,238.65,candle_reversal,1,65,3237.000000000001,18.5375,19.2425,15.381349978691205,8.171944589766873,0.7228154406818501,0.4009640855136948,5782920,3279510
NIFTY26050523900PE,buy,current,2026-04-30T11:30:00+05:30,235.2,2026-04-30T11:57:00+05:30,223.9,candle_reversal,1,65,-734.4999999999989,19.295,19.2525,8.913054263625378,9.069792957766992,0.39731652519435484,0.42740700953404054,3287310,3461510
NIFTY26050524000CE,buy,current,2026-04-30T13:45:00+05:30,210.1,2026-04-30T14:14:00+05:30,199.35,candle_reversal,1,65,-698.75,18.4125,18.4775,11.651992339621867,12.329339870833309,0.7191665289843657,0.7957534846197785,6992050,6530680
NIFTY26050524300CE,buy,current,2026-05-04T09:40:00+05:30,120.35,2026-05-04T10:17:00+05:30,78.25,stop,1,65,-2736.4999999999995,17.7375,18.2075,21.662971179814182,14.098477565211029,1.093476685911464,0.9910833824792294,12726285,17442165
NIFTY26050524200CE,buy,current,2026-05-04T10:30:00+05:30,148.1,2026-05-04T10:58:00+05:30,132.85,candle_reversal,1,65,-991.25,18.065,18.125,14.787291542064679,10.674442976068999,0.8283418142386575,1.0477673280394069,17450160,13807430
NIFTY26050524200CE,buy,current,2026-05-04T11:05:00+05:30,140.5,2026-05-04T11:56:00+05:30,141.4,candle_reversal,1,65,58.50000000000037,18.0825,17.91,9.933676109241999,8.435246189452078,0.9493906602387702,1.111286551272635,15484300,14629485
NIFTY26050524000PE,buy,current,2026-05-04T12:15:00+05:30,67.15,2026-05-04T12:53:00+05:30,61.4,candle_reversal,1,65,-373.75000000000045,18.465,18.295,12.09183632286528,12.037933658604071,0.8880323589161211,0.6817897392132821,11893050,12302420
NIFTY26050524100PE,buy,current,2026-05-04T12:55:00+05:30,100.55,2026-05-04T13:43:00+05:30,110.65,candle_reversal,1,65,656.5000000000006,18.2975,18.5075,11.856652682989495,13.965962397731165,0.6817897392132821,0.5150720553802821,10474685,7400900
NIFTY26050524000PE,buy,current,2026-05-04T13:45:00+05:30,68.25,2026-05-04T14:19:00+05:30,44.35,stop,1,65,-1553.5,18.51,18.17,13.421965083607406,11.47298523226724,0.5203884546890936,0.5728721865455452,11718525,12250420
NIFTY26050524000PE,buy,current,2026-05-05T10:10:00+05:30,66.45,2026-05-05T12:03:00+05:30,110.25,candle_reversal,1,65,2847.0,18.6375,18.6575,13.791430929124681,10.51250901212609,0.6406994082654487,0.2788771256610911,27984255,8541845
NIFTY26050523900PE,buy,current,2026-05-05T12:05:00+05:30,35.1,2026-05-05T12:13:00+05:30,25.0,candle_reversal,1,65,-656.5000000000001,18.6075,18.575,10.133044082688565,9.56077796317775,0.28672975280753144,0.32835760235147204,21672300,25233650
NIFTY26050524100CE,buy,current,2026-05-05T14:30:00+05:30,5.3,2026-05-05T14:34:00+05:30,3.45,stop,1,65,-120.24999999999997,18.0475,18.0325,10.960223975879567,11.377067759483108,0.8281276381385815,0.7965690381128688,45733870,48277710
NIFTY26051223500PE,buy,current,2026-05-06T12:40:00+05:30,39.8,2026-05-06T12:51:00+05:30,43.7,candle_reversal,1,65,253.50000000000037,17.7125,17.81,7.930279693322591,7.761958047736996,25.92859222594264,24.88422356828194,4667845,4716400
NIFTY26051223500PE,buy,current,2026-05-06T13:05:00+05:30,47.6,2026-05-06T13:09:00+05:30,41.65,candle_reversal,1,65,-386.75000000000017,18.055,17.83,8.180474247116578,8.543002868289053,26.170517817371937,26.429141576809972,4862390,4889365
NIFTY26051223500CE,buy,current,2026-05-06T14:25:00+05:30,885.35,2026-05-06T14:54:00+05:30,930.9,candle_reversal,1,65,2960.7499999999973,16.8975,16.825,14.275637213553225,13.803167784684875,30.48848428260193,33.28557784145177,629525,614120
NIFTY26051223500CE,buy,current,2026-05-07T09:45:00+05:30,922.9,2026-05-07T09:49:00+05:30,880.0,candle_reversal,1,65,-2788.4999999999986,16.69,16.69,14.620886565814088,14.310220045369194,34.15781198278716,34.63947324830214,589095,588510
NIFTY26051223500CE,buy,current,2026-05-07T10:05:00+05:30,886.8,2026-05-07T10:53:00+05:30,860.0,candle_reversal,1,65,-1741.999999999997,16.745,16.82,13.708578649320145,9.082542827646185,35.096336842105266,36.20623768314626,575185,560560
NIFTY26051223500CE,buy,current,2026-05-07T12:25:00+05:30,901.85,2026-05-07T13:10:00+05:30,910.0,candle_reversal,1,65,529.7499999999985,16.76,16.81,9.53757468716954,14.126912484229015,42.04322106669211,42.14520367936925,483470,477815
NIFTY26051223500PE,buy,current,2026-05-08T09:45:00+05:30,12.85,2026-05-08T09:55:00+05:30,10.75,candle_reversal,1,65,-136.49999999999997,17.3775,17.2875,13.695591811137046,13.444539658126269,56.76802413273001,60.03600671845476,9588410,9726210
NIFTY26051223500PE,buy,current,2026-05-08T11:00:00+05:30,9.75,2026-05-08T11:04:00+05:30,9.1,candle_reversal,1,65,-42.25000000000002,17.1,17.0575,7.375672620240258,7.95219721356233,63.34034055076729,63.191406660363484,10283195,10184395
NIFTY26051223500PE,buy,current,2026-05-08T12:10:00+05:30,9.65,2026-05-08T12:28:00+05:30,8.9,candle_reversal,1,65,-48.75,17.1125,17.0825,8.06172267885711,8.11587097067492,63.53845341221213,63.191803794151554,10126935,10149100
NIFTY26051223500PE,buy,current,2026-05-11T09:40:00+05:30,16.7,2026-05-11T10:04:00+05:30,14.35,candle_reversal,1,65,-152.74999999999997,18.8475,18.595,18.304423777038803,11.755344111564005,46.797633996431166,37.73166386725709,9939735,10165285
NIFTY26051223500PE,buy,current,2026-05-11T10:20:00+05:30,16.65,2026-05-11T11:07:00+05:30,11.8,candle_reversal,1,65,-315.2499999999999,18.695,18.505,11.11735319317614,7.920869098920689,34.26060795150651,40.28388250319285,10365615,10729225
NIFTY26051223600PE,buy,current,2026-05-11T11:50:00+05:30,16.8,2026-05-11T12:43:00+05:30,12.95,candle_reversal,1,65,-250.25000000000009,18.1375,18.2125,9.262186847203967,9.696429073039013,55.1604428721174,59.92125822368421,7989605,8414315
NIFTY26051223600PE,buy,current,2026-05-12T10:25:00+05:30,41.35,2026-05-12T10:43:00+05:30,36.6,candle_reversal,1,65,-308.75,18.8125,18.58,11.048193810421793,10.08662043545947,3.3057938268211773,2.481890388122035,26093145,24860290
NIFTY26051223600PE,buy,current,2026-05-12T10:50:00+05:30,44.0,2026-05-12T13:16:00+05:30,71.3,candle_reversal,1,65,1774.4999999999998,18.7525,19.0325,10.160910353235517,9.9256303825149,2.4377807970065395,1.1296652366931481,25772370,12048985
NIFTY26051223500PE,buy,current,2026-05-12T13:20:00+05:30,19.8,2026-05-12T15:09:00+05:30,131.25,eod_square_off,1,65,7244.25,19.1275,19.4025,10.941202605825323,13.38191348981442,1.223845903974553,0.8045983774335952,33254390,6763315
NIFTY26051923400PE,buy,current,2026-05-13T09:40:00+05:30,280.6,2026-05-13T09:53:00+05:30,237.7,candle_reversal,1,65,-2788.5000000000023,19.775,19.825,22.675007351765135,18.7394002798526,0.5391677325453182,0.5379460583207086,3855085,3698305
NIFTY26051923400PE,buy,current,2026-05-13T10:40:00+05:30,189.45,2026-05-13T11:04:00+05:30,214.7,candle_reversal,1,65,1641.25,19.585,19.695,14.133110224161177,12.97684960132255,0.7974165219323288,0.7049340616362206,5806060,5690230
NIFTY26051923500CE,buy,current,2026-05-13T12:15:00+05:30,250.75,2026-05-13T13:08:00+05:30,258.75,candle_reversal,1,65,520.0,19.46,19.27,10.416677832080177,13.227877539795827,0.8217151793170204,0.9873467038787483,7017075,5092100
NIFTY26051923500PE,buy,current,2026-05-14T09:45:00+05:30,181.35,2026-05-14T10:27:00+05:30,178.6,candle_reversal,1,65,-178.75,18.915,18.74,14.447175300479657,12.915449169016853,0.7455558626700535,0.6581501267210896,6604195,7342335
NIFTY26051923500PE,buy,current,2026-05-14T10:45:00+05:30,197.8,2026-05-14T11:18:00+05:30,187.4,candle_reversal,1,65,-676.0000000000003,18.8625,18.9,10.709416537780905,11.351509661907894,0.7258119315763686,0.584870650115108,7822945,6546605
NIFTY26051923500CE,buy,current,2026-05-14T11:30:00+05:30,238.6,2026-05-14T15:09:00+05:30,285.45,eod_square_off,1,65,3045.2499999999995,18.645,18.6925,15.201986843385413,14.870191998322962,0.8545216019288386,1.7815876698707325,6792175,3815630
NIFTY26051923800CE,buy,current,2026-05-15T09:45:00+05:30,177.75,2026-05-15T11:04:00+05:30,158.05,candle_reversal,1,65,-1280.4999999999993,18.4575,18.33,16.42017674173904,9.573670960217571,2.158695061547786,2.616792263491272,8916050,9019725
NIFTY26051923800CE,buy,current,2026-05-15T12:05:00+05:30,141.25,2026-05-15T12:31:00+05:30,121.5,candle_reversal,1,65,-1283.75,18.46,18.495,9.016787521962705,8.429895642767748,1.5560631567401921,1.7571331309355918,11245910,10947430
NIFTY26051923800CE,buy,current,2026-05-15T12:45:00+05:30,141.95,2026-05-15T14:46:00+05:30,92.25,stop,1,65,-3230.499999999999,18.36,18.795,8.065499546189875,10.068723092145769,1.7137051197968267,1.5057597208561182,10671765,10330580
NIFTY26051923400PE,buy,current,2026-05-18T09:40:00+05:30,148.7,2026-05-18T10:02:00+05:30,144.6,candle_reversal,1,65,-266.49999999999966,19.925,19.84,18.67865520425635,12.950727842070776,0.6367413989502562,0.455586609583308,12235015,9669140
NIFTY26051923400PE,buy,current,2026-05-18T10:10:00+05:30,148.1,2026-05-18T10:36:00+05:30,110.25,candle_reversal,1,65,-2460.2499999999995,19.8225,19.6475,11.5281903242732,12.098976493711628,0.48769224966999813,0.5301325819603584,10824190,12117430
NIFTY26051923700CE,buy,current,2026-05-18T13:00:00+05:30,93.0,2026-05-18T13:08:00+05:30,79.75,candle_reversal,1,65,-861.25,19.4975,19.575,10.317827640069732,11.443030939506286,1.3974986417688982,1.5783003545314849,8845525,8572915
NIFTY26051923700CE,buy,current,2026-05-18T13:55:00+05:30,96.4,2026-05-18T14:01:00+05:30,88.25,candle_reversal,1,65,-529.7500000000003,19.5375,19.5925,9.530090024971003,9.606695998772992,1.4870018610650853,1.6063341880437583,9393475,9292985
NIFTY26051923800CE,buy,current,2026-05-19T09:45:00+05:30,34.85,2026-05-19T09:53:00+05:30,22.65,stop,1,65,-793.0000000000002,18.8075,18.86,18.26224283650924,15.814083166868816,1.5751157765717498,1.4513970370273261,21295365,22649575
NIFTY26051923800CE,buy,current,2026-05-19T10:10:00+05:30,30.9,2026-05-19T11:08:00+05:30,26.6,candle_reversal,1,65,-279.49999999999983,18.6925,18.61,15.149989679542639,10.430470823207282,1.422771419619985,1.9003583842019975,25968605,29172975
NIFTY26051923800CE,buy,current,2026-05-19T11:10:00+05:30,26.05,2026-05-19T11:17:00+05:30,16.95,stop,1,65,-591.5000000000001,18.62,18.7275,10.021151478692529,11.859747667531161,1.8379185459859495,1.5309647888999722,29847025,30037865
NIFTY26051923650PE,buy,current,2026-05-19T14:00:00+05:30,11.4,2026-05-19T14:03:00+05:30,7.4,stop,1,65,-260.0,18.485,18.445,10.400996511657599,10.877140029400563,1.1917077868567627,1.2679357672815452,28146300,30761185
NIFTY26052623700CE,buy,current,2026-05-20T13:00:00+05:30,171.1,2026-05-20T13:18:00+05:30,156.0,candle_reversal,1,65,-981.4999999999997,18.92,18.9825,6.557266792402641,7.785565244219725,0.36753524840247115,0.3704202714366297,5776550,5723315
NIFTY26052623700CE,buy,current,2026-05-20T14:00:00+05:30,173.6,2026-05-20T14:35:00+05:30,181.2,candle_reversal,1,65,493.99999999999966,19.005,18.6475,7.306353983582516,8.425179698281578,0.37308451178682656,0.4590598028606988,5628740,5681520
NIFTY26052623700PE,buy,current,2026-05-21T12:30:00+05:30,222.2,2026-05-21T12:53:00+05:30,233.3,candle_reversal,1,65,721.5000000000015,17.8475,17.955,11.82526574820223,11.08350111692978,0.36469761386038135,0.32607725457093584,6371690,6180135
NIFTY26052623650PE,buy,current,2026-05-21T12:55:00+05:30,207.7,2026-05-21T13:36:00+05:30,176.05,candle_reversal,1,65,-2057.2499999999986,17.98,17.8375,10.788251037149134,9.011637741264531,0.32581198818194174,0.3129400752833189,2562690,2644590
NIFTY26052623650PE,buy,current,2026-05-21T14:10:00+05:30,187.25,2026-05-21T15:09:00+05:30,185.85,eod_square_off,1,65,-91.00000000000037,17.8025,17.8875,9.57767789661662,13.466968514309187,0.32247502081598667,0.35505827421251296,2818205,2671955
NIFTY26052623800CE,buy,current,2026-05-22T09:55:00+05:30,144.35,2026-05-22T10:17:00+05:30,144.05,candle_reversal,1,65,-19.49999999999889,18.8,18.6925,13.853426434077543,9.981730681134925,0.5636160956648256,0.6791090152852975,10934885,10806510
NIFTY26052623800CE,buy,current,2026-05-22T10:45:00+05:30,150.35,2026-05-22T11:03:00+05:30,144.6,candle_reversal,1,65,-373.75,18.755,18.58,9.07337597447723,7.519496776843694,0.6886650991250713,0.6792257197057402,11970790,12191660
NIFTY26052623800CE,buy,current,2026-05-22T11:45:00+05:30,165.75,2026-05-22T13:58:00+05:30,141.5,candle_reversal,1,65,-1576.25,18.36,17.8475,8.367667707190078,7.45981884665916,0.7063414918136236,0.7440293924593037,11582480,10854545
NIFTY26052624000CE,buy,current,2026-05-25T10:20:00+05:30,91.45,2026-05-25T10:27:00+05:30,85.95,candle_reversal,1,65,-357.5,17.095,17.4,8.358781506652571,7.979470703435843,0.9787412187551053,1.0524319793860135,25691185,25313535
NIFTY26052624000CE,buy,current,2026-05-25T10:40:00+05:30,99.0,2026-05-25T11:33:00+05:30,83.3,candle_reversal,1,65,-1020.5000000000002,17.41,16.8825,6.790292909711012,5.800748647175411,1.1545618492950462,1.1585525555925456,24509225,26772915
NIFTY26052624000CE,buy,current,2026-05-25T13:10:00+05:30,81.8,2026-05-25T13:56:00+05:30,70.7,candle_reversal,1,65,-721.4999999999997,17.01,16.9525,7.095866167664958,5.055414658199827,1.005759799324449,1.1455972033404545,27799915,25689885
NIFTY26052624100CE,buy,current,2026-05-26T09:40:00+05:30,41.2,2026-05-26T09:49:00+05:30,32.4,candle_reversal,1,65,-572.0000000000002,15.88,15.91,11.82921977357197,9.706547654068842,2.256598345418288,2.107309174559647,15271555,18341375
NIFTY26052624100CE,buy,current,2026-05-26T10:15:00+05:30,34.1,2026-05-26T10:44:00+05:30,29.95,candle_reversal,1,65,-269.7500000000001,16.26,15.6,9.151814483058699,6.734635745135792,1.876490435523587,2.419054369866309,20820735,21156460
NIFTY26052624000PE,buy,current,2026-05-26T13:05:00+05:30,48.25,2026-05-26T13:20:00+05:30,43.9,candle_reversal,1,65,-282.7500000000001,15.88,15.835,10.357882576392035,9.190028395132272,1.0225374081816252,0.9739931152477603,28085330,23832900
NIFTY26052623900PE,buy,current,2026-05-26T13:45:00+05:30,9.6,2026-05-26T14:08:00+05:30,16.05,candle_reversal,1,65,419.25000000000006,15.995,15.9975,9.567018792242449,9.347316205643084,0.9473680167411587,0.8121434981342478,29029910,30779710
NIFTY26060223800PE,buy,current,2026-05-27T10:00:00+05:30,119.8,2026-05-27T10:27:00+05:30,81.75,candle_reversal,1,65,-2473.25,15.855,15.255,11.621552961203042,9.208583580498559,4.1866304445532,5.586707675517468,4746300,5271565
NIFTY26060223800CE,buy,current,2026-05-27T10:30:00+05:30,266.05,2026-05-27T10:45:00+05:30,247.6,candle_reversal,1,65,-1199.2500000000011,15.2575,15.0975,9.045156250531877,9.295618919260104,5.781900683837157,5.979850457651154,1813825,1780285
NIFTY26060223800CE,buy,current,2026-05-27T11:25:00+05:30,281.25,2026-05-27T11:38:00+05:30,261.8,candle_reversal,1,65,-1264.2499999999993,14.9125,15.3125,7.940895994363447,7.7108264527114,6.364074808423986,6.439984981159401,1715025,1730365
NIFTY26060223800PE,buy,current,2026-05-27T13:15:00+05:30,103.8,2026-05-27T14:58:00+05:30,95.6,candle_reversal,1,65,-533.0000000000002,15.445,15.09,8.215460888788273,8.642711112406124,5.50186932114127,4.67671130177638,5039385,4364230
NIFTY26060223800PE,buy,current,2026-05-29T09:45:00+05:30,81.45,2026-05-29T10:06:00+05:30,62.85,candle_reversal,1,65,-1209.0,14.9775,14.845,15.514383112139361,12.568141398611965,5.4280515400586316,6.041853377265239,6731790,7453095
NIFTY26060223800PE,buy,current,2026-05-29T10:30:00+05:30,71.25,2026-05-29T12:25:00+05:30,89.3,candle_reversal,1,65,1173.2499999999998,15.18,15.12,9.753831220269655,8.038441126007672,6.855709166301755,3.7225556394751957,7895615,8933990
NIFTY26060223800PE,buy,current,2026-05-29T12:30:00+05:30,89.1,2026-05-29T13:57:00+05:30,138.05,candle_reversal,1,65,3181.750000000001,15.1,15.7825,6.9751527228215275,8.507120755328161,3.9294169636225167,1.7344544405282245,9357660,6848010
NIFTY26060223600PE,buy,current,2026-06-01T09:45:00+05:30,95.65,2026-06-01T10:08:00+05:30,109.5,candle_reversal,1,65,900.2499999999997,16.01,15.96,18.530728177897988,13.220695209201741,0.9735857906238927,0.7509423694287868,11838255,9557210
NIFTY26060223500PE,buy,current,2026-06-01T10:10:00+05:30,66.3,2026-06-01T10:49:00+05:30,61.05,candle_reversal,1,65,-341.25,15.92,15.9525,13.26921697997315,11.10195367356873,0.7719262075392342,0.7329357413733264,12826970,14589250
NIFTY26060223600PE,buy,current,2026-06-01T11:25:00+05:30,92.6,2026-06-01T11:50:00+05:30,103.1,candle_reversal,1,65,682.5,16.1675,16.28,8.8801172837674,8.722353612639255,1.0184041275243136,0.8050673586295356,14044095,10921690
NIFTY26060223500CE,buy,current,2026-06-02T13:00:00+05:30,23.75,2026-06-02T14:39:00+05:30,15.45,stop,1,65,-539.5,15.7875,15.5425,15.77962326877205,13.57582746298449,0.7009539983352535,0.9022256502775765,23528115,28459860
NIFTY26060923300PE,buy,current,2026-06-03T09:55:00+05:30,219.55,2026-06-03T10:21:00+05:30,194.6,candle_reversal,1,65,-1621.7500000000011,16.415,16.19,16.705969771337855,13.228364414056616,0.7639177063729186,0.6664101783051268,7518160,6981650
NIFTY26060923200PE,buy,current,2026-06-03T10:35:00+05:30,172.8,2026-06-03T12:30:00+05:30,150.5,candle_reversal,1,65,-1449.5000000000007,16.35,16.4325,11.634889404493654,11.318986184555584,0.670016476572418,0.5920610841673811,4603040,5683210
NIFTY26060923500CE,buy,current,2026-06-03T13:50:00+05:30,172.2,2026-06-03T15:09:00+05:30,183.3,eod_square_off,1,65,721.5000000000015,16.345,16.3125,16.935961816206465,17.491806344439656,1.1316531366396485,1.4154460266956386,7629115,7638670
NIFTY26060923500CE,buy,current,2026-06-04T09:45:00+05:30,135.05,2026-06-04T10:29:00+05:30,158.75,candle_reversal,1,65,1540.4999999999993,16.175,16.185,19.203363388481403,10.14414457790076,1.1219110221786461,1.509408812276299,8360430,8124155
NIFTY26060923500CE,buy,current,2026-06-04T10:30:00+05:30,155.9,2026-06-04T10:34:00+05:30,141.55,candle_reversal,1,65,-932.7499999999997,16.1475,16.1775,10.14414457790076,10.671717183990424,1.5076368064039753,1.4667807740673466,8130655,8132345
NIFTY26060923500CE,buy,current,2026-06-04T10:50:00+05:30,155.5,2026-06-04T12:34:00+05:30,135.7,candle_reversal,1,65,-1287.0000000000007,16.12,16.195,12.55494660362794,9.409759066195805,1.3424546458123698,1.311380230532597,8308040,8852805
NIFTY26060923500CE,buy,current,2026-06-05T10:10:00+05:30,178.85,2026-06-05T10:15:00+05:30,153.45,candle_reversal,1,65,-1651.0000000000005,15.6875,15.74,15.468982106531751,16.18136773004966,1.5472702249916845,1.6874852322291831,13515580,12814815
NIFTY26060923400PE,buy,current,2026-06-05T12:00:00+05:30,128.15,2026-06-05T12:25:00+05:30,106.3,candle_reversal,1,65,-1420.2500000000005,15.8525,15.5425,9.968295785732282,8.63554148154162,1.129472182596291,1.2249686605643464,10393955,11286015
NIFTY26060923400PE,buy,current,2026-06-05T12:45:00+05:30,133.5,2026-06-05T14:25:00+05:30,161.35,candle_reversal,1,65,1810.2499999999995,15.7075,16.0775,10.874354747650216,8.820036274927844,1.0185112171056605,0.7030863403337226,9651135,6649565
NIFTY26060923300PE,buy,current,2026-06-05T14:30:00+05:30,94.8,2026-06-05T14:45:00+05:30,72.75,candle_reversal,1,65,-1433.2499999999998,15.9075,15.5325,8.773742868810118,12.904568276014158,0.7006746427857233,0.8555794364882857,10453040,9980425
NIFTY26060923200PE,buy,current,2026-06-09T09:45:00+05:30,51.65,2026-06-09T09:54:00+05:30,43.5,candle_reversal,1,65,-529.7499999999999,16.01,15.9675,11.525724229474848,11.153793543408694,0.5123685169301374,0.4940561263487033,27049620,26851435
NIFTY26060923200PE,buy,current,2026-06-09T10:00:00+05:30,52.95,2026-06-09T10:45:00+05:30,66.05,candle_reversal,1,65,851.4999999999997,15.9875,16.195,10.526295063278454,6.085581656672495,0.45528224327799655,0.3386403095762365,25034035,17880330
NIFTY26060923100PE,buy,current,2026-06-09T10:50:00+05:30,36.0,2026-06-09T11:05:00+05:30,23.4,stop,1,65,-819.0000000000001,16.295,16.2025,7.662335945861775,6.6357542455675445,0.298835361018014,0.32600278036794256,22165780,25528035
NIFTY26061623800CE,buy,current,2026-06-10T09:50:00+05:30,46.15,2026-06-10T12:41:00+05:30,34.65,candle_reversal,1,65,-747.5,15.675,15.4375,10.446638163812738,5.621099229510266,0.06634030689526485,0.046663799519654686,4053855,6043830
NIFTY26061623800CE,buy,current,2026-06-10T12:55:00+05:30,37.8,2026-06-10T13:16:00+05:30,42.4,candle_reversal,1,65,299.0000000000001,15.4125,15.425,7.2780105115630835,8.130258727526792,0.04640201909532008,0.04835099710597276,6023290,5943730
NIFTY26061623800CE,buy,current,2026-06-10T13:20:00+05:30,40.0,2026-06-10T14:31:00+05:30,26.0,stop,1,65,-910.0,15.39,15.57,7.908720271273956,9.095165880476765,0.04823891853938125,0.04727150213802033,5941130,5714085
NIFTY26061623800CE,buy,current,2026-06-11T11:45:00+05:30,13.9,2026-06-11T12:21:00+05:30,15.2,candle_reversal,1,65,84.49999999999993,15.5525,15.58,10.274569150677545,9.634887708376473,0.045005561954264,0.04522503484109882,4990245,4970680
NIFTY26061623750CE,buy,current,2026-06-11T12:35:00+05:30,22.1,2026-06-11T13:22:00+05:30,14.35,stop,1,65,-503.7500000000001,15.61,15.5825,9.265148460144742,10.466189708804283,0.04598329737601737,0.04468086797867816,2061410,1881035
NIFTY26061623800CE,buy,current,2026-06-12T13:40:00+05:30,32.4,2026-06-12T14:09:00+05:30,39.6,candle_reversal,1,65,468.00000000000017,14.705,14.805,10.45870512683253,9.284906512670295,0.0336613073437209,0.04007896396150786,8035625,7860580
NIFTY26061623800CE,buy,current,2026-06-12T14:10:00+05:30,37.5,2026-06-12T15:09:00+05:30,79.1,eod_square_off,1,65,2703.9999999999995,14.7825,14.76,9.284906512670295,11.895767567782064,0.04012093114186368,0.07509531132542148,7828015,7210515
NIFTY26061624000CE,buy,current,2026-06-15T10:45:00+05:30,84.5,2026-06-15T11:02:00+05:30,88.35,candle_reversal,1,65,250.24999999999963,14.035,14.0175,6.975792332340014,8.174832382664482,0.8465430790542381,1.0959027930331766,23850320,19026540
NIFTY26061624000CE,buy,current,2026-06-16T10:25:00+05:30,20.8,2026-06-16T11:03:00+05:30,20.05,candle_reversal,1,65,-48.75,13.6,13.5575,8.90917390617209,7.222106484817763,0.7822095687649423,1.0887444598783016,44100095,41372175
NIFTY26061623950CE,buy,current,2026-06-16T12:30:00+05:30,25.85,2026-06-16T12:35:00+05:30,22.75,candle_reversal,1,65,-201.50000000000009,13.5225,13.5125,8.450213197791712,8.076617379214243,0.8151047107080074,0.8407753879620936,36885225,37788920
NIFTY26061624000CE,buy,current,2026-06-16T13:25:00+05:30,13.25,2026-06-16T13:53:00+05:30,8.6,stop,1,65,-302.25,13.4325,13.435,7.389044763987022,7.2000449027711335,0.8486913813342712,0.9639406083657581,59603765,60396375
NIFTY26062324000CE,buy,current,2026-06-17T09:45:00+05:30,196.65,2026-06-17T10:03:00+05:30,184.45,candle_reversal,1,65,-793.0000000000011,13.4075,13.4575,9.426334053987402,7.974120477130874,1.7745060714409322,1.8344146636349614,8610810,8715135
NIFTY26062324000CE,buy,current,2026-06-17T10:20:00+05:30,198.2,2026-06-17T11:00:00+05:30,198.2,candle_reversal,1,65,0.0,13.49,13.445,7.1469578482595875,7.248441403041808,1.778150510387722,1.9343226509578435,8744970,8586240
NIFTY26062324100CE,buy,current,2026-06-17T11:15:00+05:30,146.85,2026-06-17T11:37:00+05:30,146.15,candle_reversal,1,65,-45.49999999999926,13.3975,13.3675,6.515122320750043,7.102097245080091,1.8454417072022595,1.9637859295263507,7272720,7085000
NIFTY26062324100CE,buy,current,2026-06-18T09:45:00+05:30,132.95,2026-06-18T10:39:00+05:30,109.35,candle_reversal,1,65,-1533.9999999999995,12.935,12.865,10.712974602717113,8.198439155265055,1.7061832491446076,1.7642868040676347,10098140,11139180
NIFTY26062324100CE,buy,current,2026-06-18T12:25:00+05:30,118.0,2026-06-18T14:21:00+05:30,108.0,candle_reversal,1,65,-650.0,12.8725,12.8575,8.150326100714462,6.138945582894529,1.4479787096858594,1.9146128183294053,13664040,10739430
NIFTY26062324000PE,buy,current,2026-06-19T10:30:00+05:30,132.05,2026-06-19T11:11:00+05:30,133.3,candle_reversal,1,65,81.25,13.23,13.33,7.480121268496704,6.628342125358779,1.3407002655035085,1.0212532129503382,15085005,13028600
NIFTY26062324000PE,buy,current,2026-06-19T11:25:00+05:30,145.1,2026-06-19T11:32:00+05:30,133.4,candle_reversal,1,65,-760.4999999999993,13.4025,13.36,6.657190062181916,6.5252977905998435,1.0371655521162273,1.0160867758167704,13542490,13373230
NIFTY26062324100CE,buy,current,2026-06-22T10:00:00+05:30,98.45,2026-06-22T10:05:00+05:30,93.25,candle_reversal,1,65,-338.00000000000017,12.97,13.0,8.514530638609907,7.715850009511965,2.6897352220645265,2.794227201682759,16658915,16422705
NIFTY26062324100CE,buy,current,2026-06-22T11:00:00+05:30,101.65,2026-06-22T11:53:00+05:30,97.05,candle_reversal,1,65,-299.00000000000057,12.89,12.8675,6.809250048687862,5.760332671040745,3.4655150169287428,3.773654783864556,15396875,14960855
NIFTY26062324100CE,buy,current,2026-06-23T11:20:00+05:30,46.9,2026-06-23T11:32:00+05:30,33.6,candle_reversal,1,65,-864.4999999999998,12.465,12.4675,5.951060036857922,6.2856511923649165,3.467250131803662,3.6267109700456257,37629540,37043630
NIFTY26062324000PE,buy,current,2026-06-23T11:50:00+05:30,26.8,2026-06-23T13:20:00+05:30,82.9,candle_reversal,1,65,3646.5000000000005,12.8975,13.6675,10.113642998420437,7.558947438862726,1.3932397478841694,0.7189446349805699,29845985,12098190
NIFTY26062323900PE,buy,current,2026-06-23T13:25:00+05:30,30.1,2026-06-23T14:12:00+05:30,19.55,stop,1,65,-685.75,13.7975,13.7375,6.956479013987791,9.51395547489452,0.7182669293777236,0.7281631321581066,31370950,24104015
NIFTY26063023800PE,buy,current,2026-06-24T09:50:00+05:30,144.0,2026-06-24T10:10:00+05:30,101.05,candle_reversal,1,65,-2791.75,14.0075,13.7525,14.487248379765845,12.241945580627599,0.8987820976188601,1.0392052090455146,7945600,9082905
NIFTY26063024000CE,buy,current,2026-06-24T11:05:00+05:30,142.85,2026-06-24T12:09:00+05:30,147.3,candle_reversal,1,65,289.25000000000114,13.6125,13.6425,8.968509135407702,7.4625519014094,1.4272295808890398,1.7512752950100552,14750405,14048860
NIFTY26063024000CE,buy,current,2026-06-24T12:10:00+05:30,146.45,2026-06-24T12:29:00+05:30,151.45,candle_reversal,1,65,325.0,13.6575,13.6375,7.4625519014094,7.136522544045422,1.7681680801616486,1.780067672298498,14006415,14240545
NIFTY26063024000CE,buy,current,2026-06-24T12:30:00+05:30,146.2,2026-06-24T15:09:00+05:30,166.55,eod_square_off,1,65,1322.7500000000014,13.6225,13.405,7.136522544045422,9.813085204017826,1.7863832911098798,1.9952760832802934,14243015,11535720
NIFTY26063024100CE,buy,current,2026-06-25T09:50:00+05:30,154.3,2026-06-25T10:54:00+05:30,158.4,candle_reversal,1,65,266.49999999999966,12.815,12.725,10.623443516898385,7.313427230774337,2.2730300817146722,2.6426273114811822,8100820,6985680
NIFTY26063024100CE,buy,current,2026-06-25T11:00:00+05:30,164.2,2026-06-25T12:29:00+05:30,186.3,candle_reversal,1,65,1436.5000000000014,12.7475,12.8675,7.444053885278156,7.9050774800634525,2.6731782644920083,3.0194893767566184,6852235,5323240
NIFTY26063024000PE,buy,current,2026-06-25T14:20:00+05:30,59.1,2026-06-25T15:09:00+05:30,66.5,eod_square_off,1,65,480.9999999999999,13.065,13.07,11.431333193265019,14.905893620260668,2.6337279437361985,2.074057908183229,14971535,13432655
NIFTY26063024000PE,buy,current,2026-06-29T10:05:00+05:30,58.4,2026-06-29T10:26:00+05:30,40.9,candle_reversal,1,65,-1137.5,13.6425,13.3875,11.330734646756591,10.87144203948426,2.0989743036484896,2.175444153673383,24098990,24106080
NIFTY26063024100CE,buy,current,2026-06-29T10:30:00+05:30,95.1,2026-06-29T10:49:00+05:30,80.95,candle_reversal,1,65,-919.7499999999994,13.4025,13.45,10.292677901146606,9.58620755804668,2.477230028098554,2.5771403898294136,18551065,19380725
NIFTY26063024000PE,buy,current,2026-06-29T11:35:00+05:30,66.05,2026-06-29T12:58:00+05:30,101.25,candle_reversal,1,65,2288.0,13.5325,13.8825,10.221421379282258,8.41392336776015,1.8926683876027308,1.0462260997883903,23514570,16658310
NIFTY26063023900PE,buy,current,2026-06-29T13:00:00+05:30,56.0,2026-06-29T13:31:00+05:30,54.6,candle_reversal,1,65,-90.99999999999991,13.8275,13.8225,8.273643127205906,7.707225673028228,1.0507095724585704,1.080576866436274,14213225,15350790
NIFTY26063023800PE,buy,current,2026-06-30T09:50:00+05:30,37.1,2026-06-30T10:02:00+05:30,24.1,stop,1,65,-845.0,13.9175,13.7775,12.154907270251572,9.949984615820227,0.6834209755033869,0.7083988066757688,16507790,17965090
NIFTY26063023900PE,buy,current,2026-06-30T10:10:00+05:30,63.85,2026-06-30T10:49:00+05:30,41.5,stop,1,65,-1452.75,13.805,13.5975,10.78934402764494,8.974262159947957,0.7745680446219096,0.8406317569433289,17944485,23181600
NIFTY26063023900PE,buy,current,2026-06-30T11:00:00+05:30,59.65,2026-06-30T11:11:00+05:30,38.75,stop,1,65,-1358.5,13.7175,13.5025,9.480240221596627,10.047036964451612,0.8464588604243174,0.8418285700534993,23549175,23893935
NIFTY26070724200CE,buy,current,2026-07-01T09:50:00+05:30,70.4,2026-07-01T11:33:00+05:30,81.6,candle_reversal,1,65,727.9999999999993,13.685,13.4625,10.411964457659769,6.795345147376876,0.08937178292413145,0.09244776873066969,5615610,6797310
NIFTY26070724200CE,buy,current,2026-07-01T11:35:00+05:30,78.1,2026-07-01T14:30:00+05:30,83.45,candle_reversal,1,65,347.75000000000057,13.4825,13.345,6.845677636849956,6.773047116761625,0.09264153126917217,0.09674205801889149,6767150,7154745
NIFTY26070724200CE,buy,current,2026-07-02T09:45:00+05:30,114.95,2026-07-02T09:50:00+05:30,109.6,candle_reversal,1,65,-347.75000000000057,12.765,12.74,10.678953277466258,9.572431088749207,0.17924308070879147,0.18291145392585137,7054385,7329725
NIFTY26070724200CE,buy,current,2026-07-02T10:30:00+05:30,82.1,2026-07-02T12:33:00+05:30,87.6,candle_reversal,1,65,357.5,12.755,12.575,9.49831821383981,6.839469179234299,0.11433674255131436,0.13036582684888354,9472580,9125415
NIFTY26070724350CE,buy,current,2026-07-03T10:30:00+05:30,105.3,2026-07-03T13:12:00+05:30,79.65,candle_reversal,1,65,-1667.2499999999995,12.02,11.8775,8.60898121403699,7.223233163769672,0.6318301097421319,0.6377551087168442,11111945,13446290
NIFTY26070724400CE,buy,current,2026-07-06T10:20:00+05:30,65.65,2026-07-06T12:21:00+05:30,87.0,candle_reversal,1,65,1387.7499999999995,11.8975,11.875,7.721119062354366,6.05987271252325,0.9491910659984267,1.3778806756838315,19064955,16178890
NIFTY26070724500CE,buy,current,2026-07-06T12:25:00+05:30,40.15,2026-07-06T12:40:00+05:30,40.05,candle_reversal,1,65,-6.500000000000092,11.8725,11.9075,5.7174345296695375,6.14008252236187,1.3843808209359147,1.4291124003086693,15662140,16350165
NIFTY26070724500CE,buy,current,2026-07-06T13:10:00+05:30,40.5,2026-07-06T13:48:00+05:30,33.65,candle_reversal,1,65,-445.2500000000001,11.935,11.92,6.527619775955387,6.135283993830883,1.3659507435460807,1.3506646698341402,17679025,19085560
NIFTY26070724500CE,buy,current,2026-07-07T09:50:00+05:30,22.15,2026-07-07T12:10:00+05:30,35.45,candle_reversal,1,65,864.5000000000002,11.825,11.745,11.447545139365612,6.312725024433694,1.038051305383185,1.7045475413465507,39564460,32740370
NIFTY26070724500CE,buy,current,2026-07-07T12:15:00+05:30,27.75,2026-07-07T12:31:00+05:30,18.05,stop,1,65,-630.5,11.7175,11.685,6.734982544326701,7.528472815474816,1.6627485690833448,1.498701031731686,34454550,42716115
NIFTY26070724400PE,buy,current,2026-07-07T13:15:00+05:30,16.6,2026-07-07T13:26:00+05:30,10.8,stop,1,65,-377.00000000000006,11.7225,11.7,8.6448876549483,7.436889186934157,0.9324119910013478,0.8793039318507803,51675910,53861470
NIFTY26070724400PE,buy,current,2026-07-07T13:35:00+05:30,13.15,2026-07-07T13:46:00+05:30,8.55,stop,1,65,-299.0,11.7075,11.635,7.3331616289305535,7.886163204324061,0.8812092147834193,0.8570050460722665,57719415,58060015
NIFTY26070724500CE,buy,current,2026-07-07T14:10:00+05:30,5.85,2026-07-07T14:12:00+05:30,3.8,stop,1,65,-133.25,11.59,11.62,8.136249664747387,7.475962286242916,0.9115122092572051,0.9255733326094304,70146245,69028505
NIFTY26071424200PE,buy,current,2026-07-08T11:45:00+05:30,121.75,2026-07-08T15:09:00+05:30,393.8,eod_square_off,1,65,17683.25,12.22,14.765,7.68485697298775,18.26189157043301,3.1539328950447865,0.6683902736475048,10070515,4292600
NIFTY26071424200CE,buy,current,2026-07-10T10:00:00+05:30,125.6,2026-07-10T10:31:00+05:30,108.05,candle_reversal,1,65,-1140.7499999999998,12.535,12.455,8.0901055296319,7.148648054553858,2.0417295234016017,2.296754967092145,13159835,13779025
NIFTY26071424200CE,buy,current,2026-07-10T13:05:00+05:30,104.05,2026-07-10T13:09:00+05:30,97.65,candle_reversal,1,65,-415.99999999999943,12.38,12.3625,6.611838576590886,7.18084248865477,1.9106841699152233,1.9064812772017088,18783570,18835895
NIFTY26071424200CE,buy,current,2026-07-10T13:40:00+05:30,105.05,2026-07-10T14:53:00+05:30,100.0,candle_reversal,1,65,-328.24999999999983,12.3275,12.3075,6.783066341469909,6.840277907476464,1.9099535315160738,2.4503777120828123,18880095,15594020
NIFTY26071424200CE,buy,current,2026-07-13T12:15:00+05:30,71.4,2026-07-13T13:29:00+05:30,70.55,candle_reversal,1,65,-55.250000000000554,13.435,13.34,9.033360578400064,9.377362207909828,2.9571043294166417,3.564348819445853,15729415,15999555
NIFTY26071424200CE,buy,current,2026-07-13T13:35:00+05:30,85.95,2026-07-13T15:09:00+05:30,84.05,eod_square_off,1,65,-123.50000000000037,13.3725,13.2675,9.005961515777818,7.988995737224241,3.369466457862439,3.760604381911717,16761550,13206115
NIFTY26071424000PE,buy,current,2026-07-14T09:50:00+05:30,27.5,2026-07-14T10:31:00+05:30,19.2,candle_reversal,1,65,-539.5,13.7825,13.725,14.029006570023142,11.00207757241898,1.5541779584602657,1.3843722359825406,36436140,41806180
NIFTY26071424000PE,buy,current,2026-07-14T12:25:00+05:30,14.9,2026-07-14T12:42:00+05:30,13.25,candle_reversal,1,65,-107.25000000000003,13.625,13.5875,9.002762168823708,8.399108455594433,1.531910315582231,1.345644346990711,52280215,52351000
NIFTY26071424000PE,buy,current,2026-07-14T13:40:00+05:30,14.6,2026-07-14T13:46:00+05:30,9.5,stop,1,65,-331.5,13.7175,13.7,10.765220835895663,11.01481830003446,1.2593305570987035,1.28580090808465,54916810,56494750
NIFTY26072124200CE,buy,current,2026-07-15T11:30:00+05:30,148.8,2026-07-15T11:50:00+05:30,135.0,candle_reversal,1,65,-897.0000000000007,13.095,13.12,7.156337276433081,7.357125182173048,0.9309684790300715,0.8907093180087202,10194340,10826725
NIFTY26072124000PE,buy,current,2026-07-15T13:00:00+05:30,145.05,2026-07-15T14:00:00+05:30,134.05,candle_reversal,1,65,-715.0,13.5825,13.4125,19.103348727501366,9.098959758893958,0.5454149464719111,0.49532927478428124,7061990,7512700
NIFTY26072124200CE,buy,current,2026-07-16T10:50:00+05:30,114.35,2026-07-16T13:37:00+05:30,74.35,stop,1,65,-2600.0,12.835,13.005,6.945895679247351,8.498821264316419,0.7431380540375484,0.6114208484999915,10101715,11232065
NIFTY26072124100PE,buy,current,2026-07-16T13:40:00+05:30,165.1,2026-07-16T15:09:00+05:30,141.25,eod_square_off,1,65,-1550.2499999999995,13.105,12.8875,8.159187722803301,10.16883816551361,0.5796862283349075,0.5427145557837245,7698795,7050030
NIFTY26072124200CE,buy,current,2026-07-17T09:50:00+05:30,136.4,2026-07-17T12:40:00+05:30,141.6,candle_reversal,1,65,337.99999999999926,13.145,13.2725,9.285469896974414,6.947041807291216,1.3896826089984755,1.9903532220960367,13022165,8639800
NIFTY26072124300CE,buy,current,2026-07-17T12:45:00+05:30,100.4,2026-07-17T13:51:00+05:30,65.25,stop,1,65,-2284.7500000000005,13.3025,13.055,7.3925476639433585,8.603803321043777,1.9985599841294848,1.7660918822982392,10611965,10905830
NIFTY26072124300CE,buy,current,2026-07-17T14:15:00+05:30,139.0,2026-07-17T15:09:00+05:30,122.0,eod_square_off,1,65,-1105.0,13.0775,13.1,7.462849219615096,7.617645254986161,1.7673380376831038,2.1054147893116326,11103690,8653385
NIFTY26072124200PE,buy,current,2026-07-20T09:40:00+05:30,117.65,2026-07-20T09:56:00+05:30,105.0,candle_reversal,1,65,-822.2500000000003,13.595,13.545,14.546383748600539,10.698656139636697,0.9960016523946539,0.8985247953470288,16555370,16125460
NIFTY26072124200PE,buy,current,2026-07-20T11:45:00+05:30,101.3,2026-07-20T12:58:00+05:30,95.25,candle_reversal,1,65,-393.24999999999983,13.42,13.3525,6.688837952647616,7.95008699209661,1.1606278796457823,0.7794254695794322,24645400,16192410
NIFTY26072124200CE,buy,current,2026-07-20T13:15:00+05:30,90.9,2026-07-20T13:44:00+05:30,97.25,candle_reversal,1,65,412.74999999999966,13.2175,13.195,8.419556632898237,6.210551796864002,0.9480670934782787,1.326989823587584,22163960,16398460
NIFTY26072124300CE,buy,current,2026-07-20T13:50:00+05:30,55.05,2026-07-20T15:09:00+05:30,47.3,eod_square_off,1,65,-503.75,13.14,12.975,7.505207295161705,6.260929535614723,1.2875086757861658,1.461747784902498,15636465,14170065
NIFTY26072124200PE,buy,current,2026-07-21T10:25:00+05:30,42.9,2026-07-21T11:32:00+05:30,45.1,candle_reversal,1,65,143.00000000000017,12.8575,12.7125,7.289265714126782,5.788233250532653,0.8251649992375102,0.6618282721186041,32472570,27749865
NIFTY26072124150PE,buy,current,2026-07-21T11:35:00+05:30,21.4,2026-07-21T11:57:00+05:30,23.9,candle_reversal,1,65,162.5,12.665,12.74,5.656180710918505,5.515378371749696,0.673212922089784,0.6303934661872416,28006160,28594345
NIFTY26072824000PE,buy,current,2026-07-22T10:20:00+05:30,151.5,2026-07-22T10:49:00+05:30,161.25,candle_reversal,1,65,633.75,13.025,13.0975,7.717707950638536,7.243391018134725,0.9677487674179491,0.8407936220215861,11435190,11324755
NIFTY26072824000PE,buy,current,2026-07-22T12:05:00+05:30,160.35,2026-07-22T12:50:00+05:30,161.8,candle_reversal,1,65,94.25000000000111,12.9875,13.0275,6.381424193451105,6.5335937145753205,0.9249807580515782,0.8111791227258239,12663690,11910145
NIFTY26072823900PE,buy,current,2026-07-23T12:40:00+05:30,154.55,2026-07-23T15:09:00+05:30,138.85,eod_square_off,1,65,-1020.5000000000011,13.355,13.48,7.909471537003223,10.598709240795717,0.7236677504619775,0.6335589372830546,7745010,7255690
NIFTY26072823700PE,buy,current,2026-07-24T09:40:00+05:30,132.9,2026-07-24T10:39:00+05:30,143.0,candle_reversal,1,65,656.4999999999997,14.315,14.5075,14.786427691818345,8.421554524335155,0.4736086134092254,0.34980458202947773,10444395,9360130
NIFTY26072823700PE,buy,current,2026-07-24T11:00:00+05:30,154.8,2026-07-24T11:18:00+05:30,140.35,candle_reversal,1,65,-939.2500000000011,14.555,14.4675,6.414880616422707,6.564517899239624,0.3577194445969585,0.34498894717837464,10011365,9501310
NIFTY26072823800CE,buy,current,2026-07-24T12:30:00+05:30,133.85,2026-07-24T13:03:00+05:30,122.25,candle_reversal,1,65,-753.9999999999997,13.9075,14.025,8.966296560566612,8.22219343393851,0.5750697684359657,0.6897006301257846,8414250,9335040
NIFTY26072823800CE,buy,current,2026-07-24T13:20:00+05:30,126.15,2026-07-24T13:32:00+05:30,119.6,candle_reversal,1,65,-425.75000000000074,14.1725,14.205,7.147080522960946,7.227028701577645,0.6631474218181872,0.6892816829296773,10083645,9633455
NIFTY26072823800CE,buy,current,2026-07-24T14:00:00+05:30,132.2,2026-07-24T14:12:00+05:30,128.25,candle_reversal,1,65,-256.74999999999926,14.0725,14.0825,8.605858440990627,8.693250508577254,0.6335454962065278,0.692157800163999,10269285,9730240
NIFTY26072824000CE,buy,current,2026-07-27T11:00:00+05:30,49.35,2026-07-27T11:06:00+05:30,45.95,candle_reversal,1,65,-220.99999999999991,13.3375,13.285,7.3579614949577365,7.167747108109455,0.6269203190505533,0.6604434066396282,27304745,27239615
NIFTY26072824000CE,buy,current,2026-07-27T11:20:00+05:30,51.15,2026-07-27T12:01:00+05:30,56.05,candle_reversal,1,65,318.4999999999999,13.21,13.2125,7.076028667467008,6.739367947293078,0.690903260365771,0.9459764701387807,27249040,25302615
NIFTY26072824000CE,buy,current,2026-07-27T12:05:00+05:30,52.7,2026-07-27T12:37:00+05:30,51.5,candle_reversal,1,65,-78.00000000000018,13.1975,13.21,6.724705313485067,6.104806421793979,0.9492968484754627,0.9179229220681767,25476945,26715325
NIFTY26072824000CE,buy,current,2026-07-28T09:40:00+05:30,52.4,2026-07-28T10:02:00+05:30,34.05,stop,1,65,-1192.75,12.7075,12.6425,10.170154097827014,8.909322132155609,1.1441954187003982,1.1002069754134656,29099980,32907290
NIFTY26072824000CE,buy,current,2026-07-28T10:45:00+05:30,49.15,2026-07-28T11:32:00+05:30,34.75,candle_reversal,1,65,-935.9999999999999,12.6275,12.655,7.061082731025243,5.283728833435541,1.1273208850694554,1.2925635577307257,34751405,31825950
NIFTY26072824050CE,buy,current,2026-07-28T11:50:00+05:30,19.0,2026-07-28T11:57:00+05:30,12.35,stop,1,65,-432.25,12.5225,12.5175,5.425110308210928,5.796247007994714,1.3164007777650693,1.2731877231081494,27207830,29257800
NIFTY26072824000PE,buy,current,2026-07-28T13:15:00+05:30,48.0,2026-07-28T13:22:00+05:30,31.2,stop,1,65,-1092.0,12.705,12.655,6.2773622003809635,6.70547461153883,1.0504057279608852,0.9422022647287928,43023565,36235290
NIFTY26072823950PE,buy,current,2026-07-28T13:45:00+05:30,10.1,2026-07-28T13:51:00+05:30,6.55,stop,1,65,-230.75,12.7,12.6425,5.6349386580329375,7.011355735101601,0.9438527469039372,0.9489158122194113,36332530,35110010
NIFTY26080424300CE,buy,current,2026-07-29T09:50:00+05:30,97.2,2026-07-29T14:38:00+05:30,105.05,candle_reversal,1,65,510.24999999999966,12.2175,12.0775,10.365153445077965,6.1403956106035205,0.14374567626099982,0.23287072479699533,5639075,6922500
NIFTY26080424300CE,buy,current,2026-07-30T11:15:00+05:30,84.25,2026-07-30T11:31:00+05:30,90.5,candle_reversal,1,65,406.25,12.1425,12.085,6.669913066246993,6.439916289816466,0.18948234333664665,0.20987194524468467,9425000,9175465
NIFTY26080424300CE,buy,current,2026-07-30T12:35:00+05:30,129.35,2026-07-30T13:12:00+05:30,84.1,stop,1,65,-2941.25,12.1725,12.18,10.55749623824272,9.43281928318102,0.2612159357229549,0.2427159559805034,7679880,9018620
NIFTY26080424400CE,buy,current,2026-07-31T09:50:00+05:30,71.9,2026-07-31T10:06:00+05:30,70.15,candle_reversal,1,65,-113.75,11.89,11.9425,10.904233532693963,7.609766104286284,0.30005522195311785,0.3406914844627825,15029755,15393885
NIFTY26080424400CE,buy,current,2026-07-31T11:25:00+05:30,76.35,2026-07-31T11:40:00+05:30,72.0,candle_reversal,1,65,-282.74999999999966,11.8275,11.815,5.540038629621543,4.937065325725581,0.4115991673315616,0.4364791014461584,15704455,15662400
NIFTY26080424400CE,buy,current,2026-07-31T12:15:00+05:30,81.95,2026-07-31T13:34:00+05:30,91.95,candle_reversal,1,65,650.0,11.9225,11.93,5.3894096448348785,5.894280147902762,0.46786706081480217,0.7361966011789325,15260505,13285220
NIFTY26080424600CE,buy,current,2026-08-03T10:15:00+05:30,54.6,2026-08-03T10:23:00+05:30,53.3,candle_reversal,1,65,-84.50000000000028,11.8075,11.8225,7.050224205337997,6.711245343634102,1.122644531182787,1.2568935070573648,20115290,19595810
NIFTY26080424600CE,buy,current,2026-08-03T10:40:00+05:30,54.8,2026-08-03T11:46:00+05:30,57.35,candle_reversal,1,65,165.75000000000028,11.835,11.9225,7.040737589138915,5.605349310197829,1.2307425392108964,1.4027836259451147,20039630,21604895
NIFTY26080424500PE,buy,current,2026-08-04T11:45:00+05:30,17.9,2026-08-04T12:20:00+05:30,35.55,candle_reversal,1,65,1147.25,12.09,12.2175,6.477797209799145,6.768015793383064,0.7318958555499188,0.542630303793454,32576570,26372125
NIFTY26080424500PE,buy,current,2026-08-04T12:35:00+05:30,42.2,2026-08-04T14:07:00+05:30,61.95,candle_reversal,1,65,1283.75,12.2325,12.32,5.769557113328313,7.272399001024285,0.590565534609173,0.48417360742380205,29808220,13362635
NIFTY26081124500PE,buy,current,2026-08-05T12:50:00+05:30,134.95,2026-08-05T13:10:00+05:30,128.55,candle_reversal,1,65,-415.9999999999985,12.4425,12.4725,6.497619375823271,7.151360528374082,0.6324405002576147,0.5747060076764202,6519110,6297980
NIFTY26081124500PE,buy,current,2026-08-05T13:35:00+05:30,134.1,2026-08-05T14:04:00+05:30,128.1,candle_reversal,1,65,-390.0,12.5725,12.415,9.091965469975111,7.865363300342,0.6009735764326897,0.5716713504379443,6756100,7118540
NIFTY26081124500PE,buy,current,2026-08-05T14:15:00+05:30,134.15,2026-08-05T15:09:00+05:30,102.75,eod_square_off,1,65,-2041.0000000000005,12.4575,12.205,7.707134939642183,8.444875306889408,0.5911874900641481,0.6010102668633877,7539155,7061925
NIFTY26081124700CE,buy,current,2026-08-06T09:50:00+05:30,136.95,2026-08-06T11:35:00+05:30,134.0,candle_reversal,1,65,-191.74999999999926,12.175,12.2725,8.411577154849189,6.675314577820859,1.2675405281490149,1.4606847650325911,7599345,8929960
NIFTY26081124700CE,buy,current,2026-08-06T13:20:00+05:30,113.85,2026-08-06T13:24:00+05:30,108.7,candle_reversal,1,65,-334.74999999999943,12.305,12.3375,9.19948884437716,9.356817958096595,1.1394292327565108,1.1067210829848853,10761855,10905440
NIFTY26081124700CE,buy,current,2026-08-06T14:00:00+05:30,118.8,2026-08-06T14:31:00+05:30,118.9,candle_reversal,1,65,6.500000000000554,12.1875,12.125,9.575547748220986,7.098912259983097,1.1360264102392394,1.377497599880693,10911420,10188230
NIFTY26081124600CE,buy,current,2026-08-07T10:00:00+05:30,152.8,2026-08-07T10:12:00+05:30,141.25,candle_reversal,1,65,-750.7500000000007,12.46,12.425,7.77114706029923,7.114114114540692,1.390786816006339,1.3578030365315574,11717810,12160850
NIFTY26081124600PE,buy,current,2026-08-07T11:05:00+05:30,136.7,2026-08-07T11:27:00+05:30,124.65,candle_reversal,1,65,-783.2499999999989,12.5075,12.4025,7.129519314601134,5.999903732117078,0.9041719978800062,0.8991777545223502,15669225,15645435
NIFTY26081124600PE,buy,current,2026-08-07T11:55:00+05:30,134.75,2026-08-07T13:24:00+05:30,128.4,candle_reversal,1,65,-412.74999999999966,12.49,12.385,5.86135620769133,6.773398645641357,0.8784812595100898,0.7720332663214134,15934880,14146535
NIFTY26081124600PE,buy,current,2026-08-07T13:35:00+05:30,137.2,2026-08-07T14:49:00+05:30,123.6,candle_reversal,1,65,-883.9999999999997,12.445,12.3525,6.920442195848359,7.565696347951382,0.7942111238120941,0.7011000855231557,14287260,11579165
NIFTY26081124600CE,buy,current,2026-08-10T10:45:00+05:30,104.05,2026-08-10T10:53:00+05:30,93.6,candle_reversal,1,65,-679.2500000000002,12.585,12.6075,6.268201803031739,6.428946423421345,1.2550629307952033,1.360119504376244,22926735,21819005
NIFTY26081124600CE,buy,current,2026-08-10T12:15:00+05:30,102.15,2026-08-10T12:35:00+05:30,99.1,candle_reversal,1,65,-198.25000000000074,12.52,12.475,6.802406624744903,6.452426210715429,1.3588601267815505,1.4657162522803144,22504235,21240505
NIFTY26081124500PE,buy,current,2026-08-11T09:50:00+05:30,70.95,2026-08-11T09:59:00+05:30,62.85,candle_reversal,1,65,-526.5000000000001,12.2875,12.245,8.394281863402707,7.86763068348494,0.6155163617489905,0.6062676374437607,18730140,19494930
NIFTY26081124450PE,buy,current,2026-08-11T11:05:00+05:30,43.05,2026-08-11T11:40:00+05:30,41.9,candle_reversal,1,65,-74.74999999999991,12.25,12.29,6.164142014179445,4.933873359579492,0.6422575772093831,0.6058322105291899,19824545,20239115
NIFTY26081124400PE,buy,current,2026-08-11T11:45:00+05:30,23.8,2026-08-11T12:29:00+05:30,22.45,candle_reversal,1,65,-87.75000000000009,12.1675,12.25,4.7887639791480385,5.4760490059046365,0.6199922288014026,0.5943788176718807,26339950,28469415
NIFTY26081824400PE,buy,current,2026-08-12T09:50:00+05:30,112.05,2026-08-12T13:02:00+05:30,162.9,candle_reversal,1,65,3305.2500000000005,11.8,11.96,8.706956420820857,5.867612366265077,1.9105046899412297,0.8746080119578445,7972315,6351865
NIFTY26081824300PE,buy,current,2026-08-12T13:05:00+05:30,114.55,2026-08-12T14:42:00+05:30,84.35,candle_reversal,1,65,-1963.0000000000002,11.9525,11.8425,5.639931070912138,7.201970387205159,0.8750167057939476,1.0599651579516256,7152275,8063120
NIFTY26081824300PE,buy,current,2026-08-13T10:30:00+05:30,82.95,2026-08-13T10:50:00+05:30,69.6,candle_reversal,1,65,-867.7500000000006,11.705,11.5625,7.025223558992292,5.619937420071888,1.299444898750178,1.2418363712344096,9579180,9656140
NIFTY26081824500CE,buy,current,2026-08-13T12:00:00+05:30,90.8,2026-08-13T12:10:00+05:30,84.95,candle_reversal,1,65,-380.24999999999966,11.5475,11.49,6.02807324855971,6.876169970543887,1.6534411858518165,1.9567820642140723,11904620,11242140
NIFTY26081824500CE,buy,current,2026-08-13T12:15:00+05:30,82.0,2026-08-13T12:49:00+05:30,73.75,candle_reversal,1,65,-536.25,11.5175,11.4925,6.561311446498903,6.0891720913216565,1.9463982979171288,1.8642707427107308,11295895,11746735
NIFTY26081824400CE,buy,current,2026-08-13T13:45:00+05:30,130.0,2026-08-13T14:09:00+05:30,120.55,candle_reversal,1,65,-614.2500000000002,11.4375,11.435,7.1569130620379715,7.266472341286552,1.6575320667455533,1.8051706694419565,10199735,9330165
NIFTY26081824400PE,buy,current,2026-08-13T14:15:00+05:30,84.0,2026-08-13T15:09:00+05:30,85.6,eod_square_off,1,65,103.99999999999963,11.4525,11.44,6.6546229156995835,8.083324173224188,1.7140826875643511,1.59929986758682,9582235,7660510
NIFTY26081824300PE,buy,current,2026-08-14T10:35:00+05:30,66.9,2026-08-14T10:47:00+05:30,60.95,candle_reversal,1,65,-386.75000000000017,11.45,11.3975,7.11427386521843,5.718637624341944,1.138854033007389,1.095204202074431,15229890,15685150
NIFTY26081824400CE,buy,current,2026-08-14T13:45:00+05:30,109.0,2026-08-14T14:21:00+05:30,92.65,candle_reversal,1,65,-1062.7499999999995,11.335,11.3175,4.719003391539842,5.26470281055793,1.3298492932696808,1.960915030897968,16108170,13088660
NIFTY26081824300PE,buy,current,2026-08-17T10:20:00+05:30,72.05,2026-08-17T12:16:00+05:30,58.45,candle_reversal,1,65,-883.9999999999997,11.5725,11.4775,6.998231694091179,6.533566780039187,0.7390309240812505,0.7230233243916824,16634865,15658305
NIFTY26081824300CE,buy,current,2026-08-17T12:50:00+05:30,100.6,2026-08-17T13:10:00+05:30,109.55,candle_reversal,1,65,581.7500000000002,11.4275,11.39,6.69067076170565,7.188461200291903,1.2063061735876879,1.627243293973023,19414915,12514255
NIFTY26081824400CE,buy,current,2026-08-17T13:15:00+05:30,58.15,2026-08-17T14:10:00+05:30,47.35,candle_reversal,1,65,-701.9999999999998,11.3875,11.38,6.949256568657572,4.95852276526658,1.6401311245444434,1.7452540726946018,18091710,20699445
NIFTY26081824200PE,buy,current,2026-08-18T10:20:00+05:30,24.6,2026-08-18T12:51:00+05:30,22.25,candle_reversal,1,65,-152.75000000000009,11.4875,11.6575,5.737973365888392,5.04539971107013,0.7825370340364945,0.6563951852953451,36601630,37727690
NIFTY26081824200PE,buy,current,2026-08-18T12:55:00+05:30,21.1,2026-08-18T13:15:00+05:30,20.6,candle_reversal,1,65,-32.5,11.645,11.595,4.881138179745186,5.269991278945983,0.6688442457456014,0.6604864459371715,38920895,37649365
NIFTY26081824200PE,buy,current,2026-08-18T13:40:00+05:30,24.05,2026-08-18T14:30:00+05:30,15.65,stop,1,65,-546.0,11.63,11.4575,5.473614215416975,7.118842472744457,0.6765052453779774,0.6761255263673847,39239655,40415505
NIFTY26090823800PE,buy,current,2026-09-02T11:05:00+05:30,104.45,2026-09-02T11:54:00+05:30,100.25,candle_reversal,1,65,-273.00000000000017,11.94,11.84,6.790395985342683,5.612382769011158,0.9990344879085004,0.8476001251418352,10850775,10241400
NIFTY26090823800PE,buy,current,2026-09-02T12:00:00+05:30,107.3,2026-09-02T12:12:00+05:30,97.0,candle_reversal,1,65,-669.4999999999998,11.88,11.77,5.901561729217183,6.713022228704239,0.828797857877719,0.8064085567823122,10153520,10141430
NIFTY26090824000CE,buy,current,2026-09-03T09:45:00+05:30,146.7,2026-09-03T10:15:00+05:30,129.7,candle_reversal,1,65,-1105.0,10.96,11.04,9.22631529032632,7.718740831874684,1.3379832255771873,1.3328670206597864,9748180,10750610
NIFTY26090824000CE,buy,current,2026-09-04T10:05:00+05:30,93.95,2026-09-04T10:11:00+05:30,87.85,candle_reversal,1,65,-396.50000000000057,11.01,11.04,6.644512446743848,6.304251503405373,1.1688555259738336,1.1939570463648088,21545420,21462025
NIFTY26090824000CE,buy,current,2026-09-04T11:00:00+05:30,101.45,2026-09-04T11:44:00+05:30,104.35,candle_reversal,1,65,188.49999999999943,10.81,10.74,4.825665846973318,5.974224330550731,1.2672990653739253,1.514728523369251,21624720,18825430
NIFTY26090823800PE,buy,current,2026-09-07T09:55:00+05:30,54.75,2026-09-07T11:45:00+05:30,65.9,candle_reversal,1,65,724.7500000000003,11.14,11.28,7.099094154104962,5.00828065625649,0.9968241022645983,0.6809730701513936,21551205,18879835
NIFTY26090823800PE,buy,current,2026-09-07T12:30:00+05:30,68.65,2026-09-07T13:53:00+05:30,49.55,candle_reversal,1,65,-1241.5000000000005,11.28,11.19,5.013551808858776,5.40821116344061,0.7166579547581579,0.7278296022799247,21291855,21564140
NIFTY26090823700PE,buy,current,2026-09-08T10:40:00+05:30,53.1,2026-09-08T10:49:00+05:30,43.4,candle_reversal,1,65,-630.5000000000002,11.19,11.14,6.8244527452318255,6.1264176416891605,0.7994642680946871,0.7768301246706847,31794750,30568590
NIFTY26090823650PE,buy,current,2026-09-08T11:05:00+05:30,27.85,2026-09-08T12:37:00+05:30,22.95,candle_reversal,1,65,-318.5000000000001,11.21,11.16,6.108710137090133,5.842076372118797,0.7760101258683502,0.7383905725988391,30568720,32179940
NIFTY26090823650PE,buy,current,2026-09-08T12:50:00+05:30,28.1,2026-09-08T15:09:00+05:30,29.7,eod_square_off,1,65,103.99999999999986,11.13,11.25,5.586727031701782,4.852672166798935,0.7816987713422826,0.8159624023818223,34697260,27772485
NIFTY26091523500PE,buy,current,2026-09-09T09:50:00+05:30,107.9,2026-09-09T10:19:00+05:30,96.45,candle_reversal,1,65,-744.2500000000002,11.61,11.64,8.665518834970799,7.902329703944529,1.2785973187362119,1.1013802833907613,13851435,11980540
NIFTY26091523500PE,buy,current,2026-09-09T11:55:00+05:30,99.2,2026-09-09T12:26:00+05:30,101.3,candle_reversal,1,65,136.49999999999963,11.67,11.69,5.408381337544723,5.609204859716682,1.2975936452150836,1.0125770585112526,15855385,13426140
NIFTY26091523400PE,buy,current,2026-09-10T10:10:00+05:30,85.6,2026-09-10T10:18:00+05:30,76.6,candle_reversal,1,65,-585.0,11.87,11.82,8.907393897860803,8.189959397471798,0.93697423634195,0.937990705782869,9979710,10134670
NIFTY26091523400PE,buy,current,2026-09-10T10:55:00+05:30,86.5,2026-09-10T11:47:00+05:30,73.35,candle_reversal,1,65,-854.7500000000003,11.86,11.78,6.6667594147718505,6.635877555648863,0.9695924097467309,0.9841067266129203,11388650,11497785
NIFTY26091523400PE,buy,current,2026-09-10T13:30:00+05:30,75.15,2026-09-10T14:45:00+05:30,79.45,candle_reversal,1,65,279.49999999999983,11.8,11.86,6.401242507547359,5.923598507882542,1.1592009961391698,1.0067810200761638,12211680,11032385
NIFTY26091523400CE,buy,current,2026-09-11T14:00:00+05:30,108.35,2026-09-11T14:19:00+05:30,120.75,candle_reversal,1,65,806.0000000000003,12.44,12.27,11.749436160174099,10.550521605116296,1.3665272384743585,1.4741267552678168,13062660,11623820
NIFTY26091523500CE,buy,current,2026-09-11T14:20:00+05:30,70.3,2026-09-11T15:09:00+05:30,70.0,eod_square_off,1,65,-19.499999999999815,12.26,12.35,10.550521605116296,7.5932968732120605,1.4718644598492925,1.352780551756353,15429895,13533585
NIFTY26091523300PE,buy,current,2026-09-15T10:30:00+05:30,30.85,2026-09-15T10:36:00+05:30,29.45,candle_reversal,1,65,-91.00000000000014,12.76,12.77,9.961705101601506,8.568893371259227,0.8541242784304455,0.8304114275041481,23655840,24504285
NIFTY26091523300PE,buy,current,2026-09-15T10:45:00+05:30,35.0,2026-09-15T12:50:00+05:30,31.6,candle_reversal,1,65,-220.99999999999991,12.72,12.77,8.309097961904076,7.011522880815415,0.8057800952603541,0.7909699645065493,24055135,32362785
NIFTY26092223200PE,buy,current,2026-09-16T09:40:00+05:30,168.05,2026-09-16T09:52:00+05:30,149.45,candle_reversal,1,65,-1209.0000000000014,13.45,13.29,18.03672469120856,18.321351974544086,0.8723441712053694,0.8382211740552117,9401925,8431995
NIFTY26092223200PE,buy,current,2026-09-16T10:05:00+05:30,159.2,2026-09-16T11:03:00+05:30,122.65,candle_reversal,1,65,-2375.749999999999,13.45,13.21,17.98188835515972,9.874256657305287,0.9488747707613866,1.0086345864004718,10479950,12002640
NIFTY26092223200PE,buy,current,2026-09-16T11:30:00+05:30,143.0,2026-09-16T13:08:00+05:30,115.1,candle_reversal,1,65,-1813.5000000000005,13.28,13.01,9.688098309483651,7.134200992297964,1.033160565461638,1.0414794062416293,12315810,12174110
NIFTY26092223300CE,buy,current,2026-09-17T09:55:00+05:30,126.4,2026-09-17T10:41:00+05:30,121.4,candle_reversal,1,65,-325.0,12.58,12.49,10.69353856381582,8.206695335834072,0.8571150909886623,0.9403046101046921,8587345,8607950
NIFTY26092223300CE,buy,current,2026-09-17T11:45:00+05:30,115.55,2026-09-17T14:28:00+05:30,108.3,candle_reversal,1,65,-471.25,12.47,12.45,7.25331297969192,7.031909605622888,0.7866776761816278,0.8484935240577562,9872460,8810230
NIFTY26092223350CE,buy,current,2026-09-18T14:10:00+05:30,98.35,2026-09-18T14:39:00+05:30,103.5,candle_reversal,1,65,334.75000000000034,11.53,11.42,4.570355794287369,4.4476375151260825,0.9055200639874192,1.0166925600475951,12552215,10049520
