symbol,side,leg,entry_time,entry_price,exit_time,exit_price,exit_reason,qty_lots,lot_size,pnl,vix_entry,vix_exit,atr_entry,atr_exit,pcr_entry,pcr_exit,contract_oi_entry,contract_oi_exit
NIFTY25090224600CE,buy,current,2025-08-28T09:45:00+05:30,133.85,2025-08-28T13:00:00+05:30,111.35,candle_reversal,1,65,-1462.5,12.7625,12.3025,14.499539877377247,6.564401735639879,0.7018201460814016,0.696518326492403,1816200,2666325
NIFTY25090224500PE,buy,current,2025-08-28T13:35:00+05:30,85.65,2025-08-28T15:09:00+05:30,97.75,eod_square_off,1,65,786.4999999999997,12.37,12.265,6.157639064582345,11.3192316133297,0.6098969409455259,0.4867657981218269,3243600,3927600
NIFTY25090224500PE,buy,current,2025-08-29T09:50:00+05:30,92.5,2025-08-29T10:19:00+05:30,84.85,candle_reversal,1,65,-497.25000000000034,12.0475,11.89,13.677776803244155,8.847944473902134,0.42000495275004157,0.3741714370921257,13724250,13865550
NIFTY25090224500CE,buy,current,2025-08-29T10:25:00+05:30,125.85,2025-08-29T10:57:00+05:30,128.0,candle_reversal,1,65,139.75000000000037,11.855,11.8075,8.43656985844545,6.835564957862692,0.3803494571497475,0.5204421605809182,15193650,11252175
NIFTY25090224600CE,buy,current,2025-08-29T11:00:00+05:30,75.05,2025-08-29T11:22:00+05:30,79.6,candle_reversal,1,65,295.74999999999983,11.7975,11.7775,6.520716723871303,6.58680145072419,0.5171806371512241,0.5203851390780004,15019650,15862725
NIFTY25090224500PE,buy,current,2025-08-29T12:25:00+05:30,60.65,2025-08-29T13:52:00+05:30,68.35,candle_reversal,1,65,500.4999999999997,11.73,11.66,5.678287145011118,5.73511756973428,0.5621365365565351,0.4621816625966336,18711675,17863125
NIFTY25090224500PE,buy,current,2025-09-01T10:15:00+05:30,43.0,2025-09-01T10:27:00+05:30,38.05,candle_reversal,1,65,-321.75000000000017,11.575,11.605,7.550963055846114,7.773472602675761,0.4654242684086987,0.42805197549603263,23692650,22725300
NIFTY25090224500PE,buy,current,2025-09-01T10:35:00+05:30,46.5,2025-09-01T10:44:00+05:30,39.05,candle_reversal,1,65,-484.25000000000017,11.61,11.555,7.433148311890309,6.395424439520119,0.4338751478388646,0.42563424811312656,23436150,23697225
NIFTY25090224600CE,buy,current,2025-09-01T11:00:00+05:30,46.1,2025-09-01T15:09:00+05:30,79.2,eod_square_off,1,65,2151.5,11.5475,11.31,6.659127243284056,5.7961794216758875,0.45055193428131346,0.9607931675797338,24658500,14571300
NIFTY25090224700CE,buy,current,2025-09-02T09:55:00+05:30,47.55,2025-09-02T10:36:00+05:30,51.0,candle_reversal,1,65,224.25000000000017,11.2875,11.2325,7.727359268912271,8.144178788250953,1.4268315407575305,1.4464679083630685,24384375,19491825
NIFTY25090224750CE,buy,current,2025-09-02T10:40:00+05:30,30.7,2025-09-02T12:13:00+05:30,19.95,stop,1,65,-698.75,11.1375,11.1475,8.589125655170292,6.174181380480593,1.391722628642066,1.3545163840797598,26261550,35526075
NIFTY25090224700PE,buy,current,2025-09-02T13:15:00+05:30,13.65,2025-09-02T14:03:00+05:30,136.5,target,1,65,7985.25,11.245,11.5975,7.182206385460679,14.017219634470763,1.2893237385246903,0.5773360118278282,57517050,14380125
NIFTY25090224550PE,buy,current,2025-09-02T14:05:00+05:30,27.2,2025-09-02T14:10:00+05:30,17.7,stop,1,65,-617.5,11.6225,11.5725,14.280275374865761,16.531927100405845,0.5077085452327853,0.4977012270871307,16977750,18064425
NIFTY25090224500PE,buy,current,2025-09-02T14:25:00+05:30,14.8,2025-09-02T14:32:00+05:30,9.6,stop,1,65,-338.00000000000006,11.635,11.6725,17.95107147517759,16.2484695819016,0.5442796012702461,0.5468948206308968,25032750,29738700
NIFTY25090924700PE,buy,current,2025-09-03T09:40:00+05:30,188.35,2025-09-03T09:53:00+05:30,170.6,candle_reversal,1,65,-1153.75,11.2,11.1775,13.001552984883867,9.438785131803844,0.17533207713960033,0.1616233596690271,3413625,3378900
NIFTY25090924700CE,buy,current,2025-09-03T10:05:00+05:30,86.6,2025-09-03T10:38:00+05:30,70.05,candle_reversal,1,65,-1075.7499999999998,11.105,11.165,9.479345299905289,6.581993093815938,0.16314115117684685,0.16603502666232525,9516975,9948825
NIFTY25090924700PE,buy,current,2025-09-03T10:40:00+05:30,182.8,2025-09-03T10:58:00+05:30,174.85,candle_reversal,1,65,-516.7500000000011,11.185,11.2325,6.615422158543319,5.627056159908519,0.15941719014461986,0.1479021165974544,3841500,3609150
NIFTY25090924700CE,buy,current,2025-09-03T12:00:00+05:30,84.25,2025-09-03T14:42:00+05:30,97.05,candle_reversal,1,65,831.9999999999998,11.035,10.95,5.77280879540444,6.669822686765888,0.15600380985191228,0.22836154008341175,10358625,10651950
NIFTY25090924900PE,buy,current,2025-09-04T09:40:00+05:30,85.4,2025-09-04T10:50:00+05:30,127.95,candle_reversal,1,65,2765.75,10.87,11.05,14.41863933852341,9.245723399848632,0.6411498398446367,0.4089563658879534,7042500,5502525
NIFTY25090924800PE,buy,current,2025-09-04T10:55:00+05:30,82.95,2025-09-04T14:44:00+05:30,107.95,candle_reversal,1,65,1625.0,11.05,11.0425,8.531661443749588,11.192882938241842,0.4127160046234143,0.2807162450540333,7417350,6512175
NIFTY25090924800PE,buy,current,2025-09-05T09:40:00+05:30,81.8,2025-09-05T10:26:00+05:30,150.15,candle_reversal,1,65,4442.750000000001,10.6,11.0375,11.620116994619634,15.233021459071542,0.3822939377931454,0.1939614193989519,13336500,6588975
NIFTY25090924700PE,buy,current,2025-09-05T10:30:00+05:30,83.8,2025-09-05T12:58:00+05:30,105.35,candle_reversal,1,65,1400.7499999999998,11.0575,11.02,16.100199761508566,6.002950630820235,0.2210340276683163,0.1693338668675266,11817300,10816875
NIFTY25090924700PE,buy,current,2025-09-05T13:00:00+05:30,98.5,2025-09-05T13:13:00+05:30,94.6,candle_reversal,1,65,-253.50000000000037,10.9975,10.9825,5.856311300047153,5.778552700695171,0.16925045681460035,0.16821302921510245,10816875,10749675
NIFTY25090924800CE,buy,current,2025-09-05T13:20:00+05:30,44.85,2025-09-05T15:03:00+05:30,62.15,candle_reversal,1,65,1124.4999999999998,10.9225,10.8175,6.285801373775183,6.679218447992993,0.17681660966198162,0.2913226871838007,25020600,16417500
NIFTY25090924800PE,buy,current,2025-09-08T10:15:00+05:30,58.35,2025-09-08T10:42:00+05:30,49.75,candle_reversal,1,65,-559.0000000000001,10.9125,10.845,9.356577086502076,9.084227798636084,0.49404009787895986,0.3926469072026418,21972600,18976800
NIFTY25090924800PE,buy,current,2025-09-08T10:50:00+05:30,55.25,2025-09-08T11:30:00+05:30,39.75,candle_reversal,1,65,-1007.5,10.9,10.8775,8.24006700180048,6.113816403059574,0.4086113437789043,0.4375566685639509,19605075,21223650
NIFTY25090924900CE,buy,current,2025-09-08T11:35:00+05:30,38.15,2025-09-08T11:53:00+05:30,34.8,candle_reversal,1,65,-217.75000000000009,10.91,10.8975,6.138320238645245,5.323203397683582,0.4546291287137923,0.49238931812268505,21961875,21473025
NIFTY25090924800CE,buy,current,2025-09-08T12:15:00+05:30,87.95,2025-09-08T13:20:00+05:30,99.2,candle_reversal,1,65,731.25,10.855,10.745,5.0364571564844764,5.3688862826544534,0.5119231795415972,0.7355261964330129,20425725,12559650
NIFTY25090924900CE,buy,current,2025-09-08T13:25:00+05:30,45.85,2025-09-08T13:48:00+05:30,37.5,candle_reversal,1,65,-542.7500000000001,10.73,10.77,5.383595666360049,5.645828641535005,0.7406691644771839,0.7398325509143451,21588225,21611325
NIFTY25090924800PE,buy,current,2025-09-09T10:15:00+05:30,33.3,2025-09-09T11:00:00+05:30,21.65,stop,1,65,-757.2499999999999,10.9575,10.9225,6.379410898996134,5.85024832626245,0.5529134918014287,0.519314318411314,31920675,34173750
NIFTY25090924800PE,buy,current,2025-09-09T12:10:00+05:30,27.6,2025-09-09T12:14:00+05:30,20.85,candle_reversal,1,65,-438.75,10.96,10.9275,6.36777300177446,6.513308798320429,0.5714699596694007,0.5601968072375403,35696550,35192250
NIFTY25090924850CE,buy,current,2025-09-09T12:20:00+05:30,38.55,2025-09-09T12:56:00+05:30,25.05,stop,1,65,-877.4999999999998,10.9225,10.945,5.721563585215466,6.479153204532601,0.5830553821522199,0.6714931118658659,36819600,31334475
NIFTY25090924900CE,buy,current,2025-09-09T13:05:00+05:30,16.45,2025-09-09T13:48:00+05:30,10.7,stop,1,65,-373.75,10.97,10.98,6.697869234438199,5.850395290340919,0.6673859068228085,0.7366319237955294,42364650,44657775
NIFTY25090924900CE,buy,current,2025-09-09T14:05:00+05:30,17.6,2025-09-09T14:08:00+05:30,11.45,stop,1,65,-399.7500000000001,10.9375,10.9425,6.915394098959167,7.298350188993145,0.7393430680414088,0.7498394659573905,46047300,45617325
NIFTY25091625100CE,buy,current,2025-09-10T10:30:00+05:30,101.1,2025-09-10T10:37:00+05:30,97.8,candle_reversal,1,65,-214.49999999999983,10.7925,10.7975,5.994446847974677,6.359038782704106,0.16484242626274978,0.1675786210322254,6141525,6555075
NIFTY25091625100PE,buy,current,2025-09-10T10:50:00+05:30,154.25,2025-09-10T11:02:00+05:30,143.4,candle_reversal,1,65,-705.2499999999997,10.7475,10.7175,5.588975807508254,5.374284913382967,0.1537432681240661,0.14992754174533268,3064125,3060450
NIFTY25091625100CE,buy,current,2025-09-10T11:10:00+05:30,94.85,2025-09-10T11:14:00+05:30,93.0,candle_reversal,1,65,-120.24999999999963,10.725,10.745,4.8174857834178155,4.795940398685533,0.15821469102325236,0.161513451485401,7470900,7341600
NIFTY25091625100PE,buy,current,2025-09-10T11:20:00+05:30,155.8,2025-09-10T12:09:00+05:30,150.95,candle_reversal,1,65,-315.2500000000015,10.72,10.6475,6.0316904757858945,5.740230924422707,0.16251920774781753,0.12981813758474517,3388800,2904525
NIFTY25091625100PE,buy,current,2025-09-10T12:55:00+05:30,156.05,2025-09-10T13:06:00+05:30,156.9,candle_reversal,1,65,55.24999999999963,10.6775,10.66,5.023572222994941,4.816858471755588,0.1236831074064391,0.11800435154852468,2929500,2864175
NIFTY25091625100PE,buy,current,2025-09-11T10:10:00+05:30,153.4,2025-09-11T10:30:00+05:30,142.3,candle_reversal,1,65,-721.4999999999997,10.6175,10.5825,6.197456589750103,5.51527070409117,0.10600309574999185,0.10857247326545058,3092175,3256125
NIFTY25091625100CE,buy,current,2025-09-11T12:20:00+05:30,64.75,2025-09-11T15:09:00+05:30,66.05,eod_square_off,1,65,84.49999999999982,10.515,10.375,5.2103825844991905,9.866501877502092,0.1053676745927729,0.11610254094269211,9331275,8939475
NIFTY25091625100CE,buy,current,2025-09-12T10:10:00+05:30,76.95,2025-09-12T13:48:00+05:30,90.4,candle_reversal,1,65,874.2500000000002,10.1025,10.12,6.115052000732016,4.510859599333055,0.20242203347675589,0.4611651858653494,16768350,13839675
NIFTY25091625100CE,buy,current,2025-09-12T13:50:00+05:30,87.9,2025-09-12T15:09:00+05:30,92.75,eod_square_off,1,65,315.24999999999966,10.0975,10.1425,4.477941056523499,4.45754332802209,0.449178492368109,0.38675104355249806,14248875,14481000
NIFTY25091625100PE,buy,current,2025-09-15T10:10:00+05:30,64.0,2025-09-15T10:27:00+05:30,56.65,candle_reversal,1,65,-477.7500000000001,10.51,10.5175,5.9988012539836095,4.580437422068911,0.29291804514213643,0.2965358420039641,22326375,23253225
NIFTY25091625100CE,buy,current,2025-09-15T12:00:00+05:30,67.15,2025-09-15T12:05:00+05:30,61.4,candle_reversal,1,65,-373.75000000000045,10.3975,10.3875,4.669016944852954,4.9163348791440695,0.30313406296751333,0.3229995142816182,28900875,27220200
NIFTY25091625100PE,buy,current,2025-09-15T13:45:00+05:30,51.65,2025-09-15T13:55:00+05:30,51.1,candle_reversal,1,65,-35.749999999999815,10.33,10.325,9.166918881588874,8.141450579584122,0.2833939041324528,0.2634696382022061,25502025,24520650
NIFTY25091625150CE,buy,current,2025-09-16T10:00:00+05:30,58.95,2025-09-16T10:51:00+05:30,46.95,candle_reversal,1,65,-780.0,10.4175,10.4525,5.980290156201531,4.379778600038906,0.6730561418858266,0.7462030581178108,18376425,15998700
NIFTY25091625200CE,buy,current,2025-09-16T11:15:00+05:30,22.1,2025-09-16T13:25:00+05:30,14.35,stop,1,65,-503.7500000000001,10.395,10.435,3.933319656731341,6.459582316928762,0.677411058317377,0.8346938905390134,32285400,40039800
NIFTY25092325300CE,buy,current,2025-09-17T13:20:00+05:30,160.5,2025-09-17T13:40:00+05:30,154.4,candle_reversal,1,65,-396.49999999999966,10.1625,10.1775,5.197359201236823,4.1329491799786044,1.4286899354686702,1.5440563251860853,8260800,7581075
NIFTY25092325300PE,buy,current,2025-09-17T14:05:00+05:30,74.15,2025-09-17T15:09:00+05:30,69.75,eod_square_off,1,65,-286.00000000000034,10.175,10.2625,5.235580514710924,4.897093742900403,1.22868701967602,1.2145337243792258,12794775,11111325
NIFTY25092325400CE,buy,current,2025-09-18T11:05:00+05:30,132.4,2025-09-18T11:41:00+05:30,125.15,candle_reversal,1,65,-471.25,9.9825,9.97,4.866312220840302,5.725074212803098,1.8724850598070406,1.9091209906319397,9087150,9120225
NIFTY25092325400PE,buy,current,2025-09-18T12:35:00+05:30,64.4,2025-09-18T13:25:00+05:30,76.95,candle_reversal,1,65,815.7499999999998,9.9775,10.0425,5.687097164122633,7.462610186634852,1.6106565517723577,1.1564459348340015,15500175,11410050
NIFTY25092325400PE,buy,current,2025-09-18T13:55:00+05:30,79.7,2025-09-18T15:05:00+05:30,51.8,stop,1,65,-1813.5000000000005,10.11,9.895,6.737251439538306,9.673174417839343,1.189248476606834,1.330358197371307,11847225,11229825
NIFTY25092325300PE,buy,current,2025-09-19T10:00:00+05:30,74.65,2025-09-19T10:22:00+05:30,59.35,candle_reversal,1,65,-994.5000000000002,10.23,10.155,7.808873139679229,6.557651315843072,0.8302997715196956,0.7730470710652013,16457100,15695400
NIFTY25092325300PE,buy,current,2025-09-19T11:05:00+05:30,61.9,2025-09-19T12:11:00+05:30,66.3,candle_reversal,1,65,285.9999999999999,10.1425,10.175,4.639286639525776,4.4894497009122665,0.7707113983746684,0.7118199217147975,16182450,16371675
NIFTY25092325300PE,buy,current,2025-09-19T12:15:00+05:30,63.8,2025-09-19T13:04:00+05:30,52.8,candle_reversal,1,65,-715.0,10.1425,10.0425,4.91751858342006,5.4413818599059445,0.709152071353259,0.7745495231176521,16059075,17299950
NIFTY25092325400CE,buy,current,2025-09-19T13:20:00+05:30,55.05,2025-09-19T15:03:00+05:30,49.9,candle_reversal,1,65,-334.7499999999999,10.0125,10.01,4.702429474781513,7.592457021060747,0.8286569280657303,1.1402852305661568,25202775,21301200
NIFTY25092325300PE,buy,current,2025-09-22T11:20:00+05:30,49.5,2025-09-22T11:41:00+05:30,48.4,candle_reversal,1,65,-71.50000000000009,10.435,10.41,4.570645746853825,5.466098233963998,1.181502026209147,0.9964811026690045,30354750,26132400
NIFTY25092325300PE,buy,current,2025-09-22T13:25:00+05:30,44.95,2025-09-22T15:09:00+05:30,101.6,eod_square_off,1,65,3682.2499999999995,10.365,10.59,5.84490441053063,10.053553188157286,1.0544881240621853,0.566870554527083,28045275,7898925
NIFTY25092325100PE,buy,current,2025-09-23T09:45:00+05:30,28.5,2025-09-23T10:07:00+05:30,18.55,stop,1,65,-646.75,10.73,10.675,12.141400616282596,9.174939794733604,0.41066733585332166,0.4277325051569116,15651300,20108100
NIFTY25092325100PE,buy,current,2025-09-23T10:20:00+05:30,27.25,2025-09-23T11:04:00+05:30,17.7,stop,1,65,-620.75,10.795,10.775,7.860888439945114,7.145022675723858,0.46989006156058954,0.46306218605471394,21928875,24911325
NIFTY25092325200CE,buy,current,2025-09-23T12:05:00+05:30,15.35,2025-09-23T12:51:00+05:30,31.7,candle_reversal,1,65,1062.75,10.815,10.68,5.801369058831163,10.27115905983256,0.45343329327374726,0.7867442161881926,41805525,25736475
NIFTY25092325250CE,buy,current,2025-09-23T13:05:00+05:30,19.6,2025-09-23T13:26:00+05:30,12.75,stop,1,65,-445.2500000000001,10.7125,10.71,9.435759401665706,7.5354204122708035,0.813362562901699,0.8395691073400491,23751300,26729175
NIFTY25093024800CE,buy,current,2025-09-24T10:00:00+05:30,361.05,2025-09-24T10:13:00+05:30,365.95,candle_reversal,1,65,318.4999999999985,10.6425,10.6175,9.78890998947074,8.02285772298004,7.031491947339192,7.230595823803334,1110750,1093275
NIFTY25093024800CE,buy,current,2025-09-24T10:20:00+05:30,377.9,2025-09-24T10:44:00+05:30,350.15,candle_reversal,1,65,-1803.75,10.585,10.6475,7.414033987353372,6.080198260672307,7.296354809512055,7.388827035169297,1096125,1107825
NIFTY25093024800PE,buy,current,2025-09-24T10:50:00+05:30,23.7,2025-09-24T11:14:00+05:30,26.4,candle_reversal,1,65,175.49999999999994,10.67,10.71,5.86564192523928,7.073275331485242,7.450996704838341,7.232384544676535,5132325,5378475
NIFTY25093024800PE,buy,current,2025-09-24T11:15:00+05:30,25.35,2025-09-24T11:29:00+05:30,24.75,candle_reversal,1,65,-39.00000000000009,10.7275,10.72,7.073275331485242,5.388130541110412,7.220396510705789,7.289471593166468,5378475,5370225
NIFTY25093024800CE,buy,current,2025-09-24T12:15:00+05:30,366.3,2025-09-24T14:00:00+05:30,384.55,candle_reversal,1,65,1186.25,10.63,10.52,6.003508983109915,7.267672018618737,7.511839034205232,8.37204740770292,1159950,1109625
NIFTY25093024800PE,buy,current,2025-09-24T14:25:00+05:30,20.2,2025-09-24T14:39:00+05:30,19.0,candle_reversal,1,65,-77.99999999999996,10.505,10.5025,7.598973430074253,7.438871921271852,8.40558499593003,8.402608594772866,5707575,5638425
NIFTY25093024800PE,buy,current,2025-09-25T09:50:00+05:30,21.2,2025-09-25T10:10:00+05:30,20.3,candle_reversal,1,65,-58.49999999999991,10.6275,10.6,11.451017599998194,8.60924660151481,7.932137297756254,7.895075476367236,6197925,6560400
NIFTY25093024800PE,buy,current,2025-09-25T10:40:00+05:30,23.65,2025-09-25T10:51:00+05:30,23.6,candle_reversal,1,65,-3.2499999999998153,10.6675,10.6675,8.332831131733084,7.797282656337353,7.630412378832912,7.615556997110338,6625125,6780075
NIFTY25093024800CE,buy,current,2025-09-25T11:25:00+05:30,293.95,2025-09-25T11:36:00+05:30,280.3,candle_reversal,1,65,-887.2499999999985,10.5175,10.5475,6.59175253008866,6.468932433434724,7.913273463532716,7.890384272202724,1335075,1358850
NIFTY25093024800CE,buy,current,2025-09-25T13:05:00+05:30,272.0,2025-09-25T14:35:00+05:30,225.55,candle_reversal,1,65,-3019.249999999999,10.6525,10.815,7.225994326113338,8.896624822054735,7.143292924490928,6.8594587743202995,1585275,1731000
NIFTY25093024800CE,buy,current,2025-09-26T09:50:00+05:30,125.85,2025-09-26T10:56:00+05:30,107.95,candle_reversal,1,65,-1163.4999999999995,10.895,10.9225,11.5031712210417,6.802694589715974,2.878280875042852,2.807841242482456,10767375,13159200
NIFTY25093024800PE,buy,current,2025-09-26T11:05:00+05:30,78.5,2025-09-26T11:51:00+05:30,77.0,candle_reversal,1,65,-97.5,10.9775,10.9375,6.466352399492956,7.688039740971449,2.4863390073097174,1.9274467188191067,19975950,16429125
NIFTY25093024800PE,buy,current,2025-09-26T12:05:00+05:30,80.25,2025-09-26T12:24:00+05:30,73.6,candle_reversal,1,65,-432.25000000000034,10.96,10.955,8.228922424174323,6.446158581080809,2.0800794819275805,1.9964617617413052,17567550,17387925
NIFTY25093024800CE,buy,current,2025-09-26T12:55:00+05:30,101.75,2025-09-26T13:13:00+05:30,87.35,candle_reversal,1,65,-936.0000000000003,10.985,10.955,6.78600225210898,6.9578629858013645,2.0140859292169435,2.192295480814509,19666125,18687000
NIFTY25093024800PE,buy,current,2025-09-26T13:15:00+05:30,82.75,2025-09-26T15:09:00+05:30,162.4,eod_square_off,1,65,5177.25,10.9375,11.475,6.925158486815553,9.586744394236108,2.192295480814509,1.296813167479393,19209375,6899775
NIFTY25093024800CE,buy,current,2025-09-29T10:00:00+05:30,70.65,2025-09-29T11:34:00+05:30,45.9,stop,1,65,-1608.7500000000005,11.265,11.3975,7.914584029726593,6.6602269062448,2.0205531688566967,1.8959793187423277,19602525,21042825
NIFTY25093024700PE,buy,current,2025-09-29T11:35:00+05:30,49.4,2025-09-29T15:09:00+05:30,68.75,eod_square_off,1,65,1257.75,11.39,11.485,6.6602269062448,10.389084395544232,1.8959793187423277,1.339355101546457,24341850,15522225
NIFTY25093024600PE,buy,current,2025-09-30T09:40:00+05:30,28.75,2025-09-30T10:54:00+05:30,36.6,candle_reversal,1,65,510.2500000000001,11.525,11.73,13.240453804191109,6.997994503626934,1.008348512779596,0.8078859079523465,19026825,22437975
NIFTY25093024600PE,buy,current,2025-09-30T10:55:00+05:30,30.6,2025-09-30T11:11:00+05:30,19.9,stop,1,65,-695.5000000000002,11.6675,11.5475,6.997994503626934,6.870816356530193,0.7839334268612789,0.8848951358221865,21823050,23897325
NIFTY25093024700CE,buy,current,2025-09-30T11:15:00+05:30,33.3,2025-09-30T11:26:00+05:30,21.65,stop,1,65,-757.2499999999999,11.5975,11.615,6.393015136770081,7.533346543578597,0.9255538708287802,1.0261654554153696,33221475,31655550
NIFTY25093024600PE,buy,current,2025-09-30T11:55:00+05:30,26.25,2025-09-30T12:05:00+05:30,17.05,stop,1,65,-598.0,11.63,11.51,5.6652356082256885,6.49835050067815,1.070604524709912,0.9963100934058107,28758825,29144775
NIFTY25093024700CE,buy,current,2025-09-30T12:20:00+05:30,29.15,2025-09-30T12:50:00+05:30,18.95,stop,1,65,-663.0,11.5025,11.465,6.667831543148787,7.258911039034294,1.0212424723849067,1.1188949265183925,33104625,32955825
NIFTY25100725000CE,buy,current,2025-10-01T09:50:00+05:30,25.7,2025-10-01T12:21:00+05:30,40.75,candle_reversal,1,65,978.25,10.9175,10.6675,8.975837782756766,7.034147627699061,0.11347199722286508,0.1290114034987051,8313375,8084850
NIFTY25100725000CE,buy,current,2025-10-01T12:25:00+05:30,37.35,2025-10-01T13:47:00+05:30,36.1,candle_reversal,1,65,-81.25,10.75,10.61,6.867154642148423,6.921240709663332,0.1254069388449532,0.11074033265124088,8120325,9044250
NIFTY25100725000CE,buy,current,2025-10-01T13:55:00+05:30,36.5,2025-10-01T15:09:00+05:30,40.5,eod_square_off,1,65,260.0,10.61,10.325,7.602868927318573,9.556394624267432,0.10955900592028003,0.1126676571959934,9034275,8764425
NIFTY25100725000CE,buy,current,2025-10-03T09:50:00+05:30,24.25,2025-10-03T10:44:00+05:30,19.4,candle_reversal,1,65,-315.2500000000001,10.43,10.405,11.890673856206197,7.912278585034236,0.07448316145795726,0.07067978162395397,16034175,17360475
NIFTY25100725000CE,buy,current,2025-10-03T11:10:00+05:30,21.75,2025-10-03T11:40:00+05:30,24.3,candle_reversal,1,65,165.75000000000006,10.3625,10.3075,6.149378553758496,5.684925924496431,0.06724739656628201,0.06955307624887198,18308175,18108375
NIFTY25100725000CE,buy,current,2025-10-03T11:45:00+05:30,22.7,2025-10-03T14:10:00+05:30,19.85,candle_reversal,1,65,-185.24999999999986,10.3725,10.2025,5.665756958807484,5.661338613470598,0.06940674787826594,0.06752984608846925,18098025,19613850
NIFTY25100725000CE,buy,current,2025-10-06T09:45:00+05:30,35.55,2025-10-06T10:44:00+05:30,47.95,candle_reversal,1,65,806.0000000000003,10.315,10.3175,10.442203664508579,6.225351864916957,0.10085945606212182,0.20518284524101135,23612100,23186250
NIFTY25100725000CE,buy,current,2025-10-06T11:00:00+05:30,52.15,2025-10-06T13:51:00+05:30,105.75,candle_reversal,1,65,3484.0,10.28,10.3525,6.649936778375355,9.150257930285028,0.21875639311411424,0.5746367671300009,23192400,11098200
NIFTY25100725000PE,buy,current,2025-10-06T14:30:00+05:30,30.45,2025-10-06T14:53:00+05:30,19.8,stop,1,65,-692.2499999999999,10.3925,10.29,8.567512162848347,9.117578633535272,0.522687939461307,0.49592152490243857,27188850,25719975
NIFTY25100725200CE,buy,current,2025-10-07T09:45:00+05:30,21.35,2025-10-07T10:09:00+05:30,43.5,candle_reversal,1,65,1439.75,10.345,10.425,9.721531762800717,9.083471875918097,0.6945641565891926,0.9732099313874464,26499900,26296575
NIFTY25100725100PE,buy,current,2025-10-07T11:00:00+05:30,14.1,2025-10-07T11:08:00+05:30,12.35,candle_reversal,1,65,-113.75,10.3,10.2925,8.076431010632328,7.59033381717727,0.8104040251453282,0.7730107676267352,37283550,37567650
NIFTY25100725100PE,buy,current,2025-10-07T11:20:00+05:30,17.1,2025-10-07T12:03:00+05:30,11.5,candle_reversal,1,65,-364.0000000000001,10.295,10.26,6.799968291987268,7.999565863953052,0.7378008244150882,0.5347706906927062,37745400,32945325
NIFTY25100725200CE,buy,current,2025-10-07T12:55:00+05:30,15.75,2025-10-07T13:35:00+05:30,16.4,candle_reversal,1,65,42.24999999999991,10.2375,10.13,7.587734174261892,6.752511124951491,0.6568058274323342,0.8132861140258831,48549150,40756200
NIFTY25100725150PE,buy,current,2025-10-07T14:30:00+05:30,9.3,2025-10-07T15:09:00+05:30,36.5,eod_square_off,1,65,1768.0,10.11,10.0075,9.344410507130306,11.33453307913737,0.7172410608396329,0.6640629652236051,35985225,21375375
NIFTY25101425100PE,buy,current,2025-10-08T10:20:00+05:30,78.95,2025-10-08T10:36:00+05:30,79.0,candle_reversal,1,65,3.2499999999998153,10.1775,10.1225,8.973380814551607,8.88872742668989,0.8860168572083174,0.8008403380927634,12169650,11894400
NIFTY25101425100PE,buy,current,2025-10-08T10:40:00+05:30,78.9,2025-10-08T11:52:00+05:30,116.35,candle_reversal,1,65,2434.249999999999,10.125,10.3725,8.32441113572811,7.071697814549836,0.7919526945056257,0.42144385403624296,12105900,6428400
NIFTY25101425000PE,buy,current,2025-10-08T11:55:00+05:30,72.95,2025-10-08T12:10:00+05:30,79.55,candle_reversal,1,65,428.99999999999966,10.375,10.4075,7.688096584994502,6.736040113696103,0.40653946271939245,0.42068479558233507,10734825,11677200
NIFTY25101425100CE,buy,current,2025-10-08T12:50:00+05:30,103.6,2025-10-08T15:09:00+05:30,82.1,eod_square_off,1,65,-1397.5,10.3575,10.34,8.001859982499466,7.75873546068362,0.4016160713610892,0.4845034975827059,13977225,11464125
NIFTY25101425100PE,buy,current,2025-10-09T09:45:00+05:30,105.9,2025-10-09T11:01:00+05:30,68.85,stop,1,65,-2408.250000000001,10.4125,10.34,12.200342178394324,8.897742315045337,0.563006762093597,0.6126608689799455,10718250,11411850
NIFTY25101425200CE,buy,current,2025-10-09T11:05:00+05:30,73.6,2025-10-09T11:18:00+05:30,83.95,candle_reversal,1,65,672.7500000000006,10.345,10.3575,8.637733187374028,8.459752601174126,0.6759869249169973,0.8961723608849952,13695900,12418275
NIFTY25101425200CE,buy,current,2025-10-09T11:25:00+05:30,90.45,2025-10-09T11:42:00+05:30,95.2,candle_reversal,1,65,308.75,10.395,10.32,8.192923088902477,8.253752443565412,0.8928746108873825,0.9843750375542283,13002600,12587775
NIFTY25101425100PE,buy,current,2025-10-09T12:00:00+05:30,54.85,2025-10-09T13:30:00+05:30,52.35,candle_reversal,1,65,-162.5,10.35,10.265,8.652241221814112,7.230074632707864,1.0188709681331822,0.9339531538475326,14342550,14518350
NIFTY25101425100PE,buy,current,2025-10-09T14:15:00+05:30,53.55,2025-10-09T14:39:00+05:30,56.45,candle_reversal,1,65,188.50000000000037,10.26,10.1525,8.375364238476687,10.769702647609153,1.0256526937141601,0.8777562997633057,14680200,13686075
NIFTY25101425300CE,buy,current,2025-10-10T09:50:00+05:30,93.5,2025-10-10T10:25:00+05:30,98.4,candle_reversal,1,65,318.50000000000034,10.325,10.2775,9.980618925091616,8.26519007203753,1.6237179516648814,1.864005787495762,13790325,14391375
NIFTY25101425300CE,buy,current,2025-10-10T10:35:00+05:30,103.3,2025-10-10T11:10:00+05:30,108.35,candle_reversal,1,65,328.24999999999983,10.2725,10.2175,7.485336780340195,6.69032757115573,1.821844073516669,2.159428934618285,15208725,13384800
NIFTY25101425300PE,buy,current,2025-10-10T11:40:00+05:30,67.1,2025-10-10T12:04:00+05:30,58.9,candle_reversal,1,65,-532.9999999999998,10.19,10.235,9.942069083174939,7.33936593652115,2.016488833175211,1.9991236001947554,18420900,18357975
NIFTY25101425300PE,buy,current,2025-10-10T14:20:00+05:30,57.1,2025-10-10T14:24:00+05:30,50.9,candle_reversal,1,65,-403.00000000000017,10.125,10.1175,7.446331842143487,7.060186861622209,1.9948461491056082,1.9571606314229149,21783225,21579375
NIFTY25101425200CE,buy,current,2025-10-13T09:40:00+05:30,84.7,2025-10-13T10:21:00+05:30,68.25,candle_reversal,1,65,-1069.2500000000002,11.075,11.1475,14.34735753608818,7.873492412133667,0.8943585993555441,0.9483553837955612,20807550,21955725
NIFTY25101425200CE,buy,current,2025-10-13T10:35:00+05:30,81.65,2025-10-13T13:04:00+05:30,63.05,candle_reversal,1,65,-1209.0000000000005,11.1025,11.085,8.356577168329745,8.25727630781343,0.9231507577343662,0.8670543798512228,23372250,27845100
NIFTY25101425200PE,buy,current,2025-10-13T13:05:00+05:30,64.65,2025-10-13T13:40:00+05:30,57.8,candle_reversal,1,65,-445.25000000000057,11.0825,11.01,8.25727630781343,7.995272365841586,0.8670543798512228,0.8291349775402137,23209950,22473750
NIFTY25101425200CE,buy,current,2025-10-13T13:50:00+05:30,69.25,2025-10-13T15:09:00+05:30,77.65,eod_square_off,1,65,546.0000000000003,11.02,11.045,7.373087899486505,7.469229522722126,0.8199119589818326,0.9997898994529305,28899300,16789425
NIFTY25101425200PE,buy,current,2025-10-14T09:40:00+05:30,26.75,2025-10-14T10:26:00+05:30,48.75,candle_reversal,1,65,1430.0,10.96,11.4025,11.613214409800316,10.765462835928895,0.909674551941992,0.5659770038232844,23296650,18908550
NIFTY25101425200PE,buy,current,2025-10-14T10:30:00+05:30,46.95,2025-10-14T10:46:00+05:30,30.5,stop,1,65,-1069.2500000000002,11.3725,11.2275,10.136997758941577,10.931972435220596,0.576613897164271,0.6303728670162161,20114925,23563650
NIFTY25101425200PE,buy,current,2025-10-14T10:55:00+05:30,39.2,2025-10-14T12:35:00+05:30,107.5,candle_reversal,1,65,4439.5,11.2575,11.4925,9.297059886982044,8.794601678653542,0.6479266383979868,0.5027265959985412,24336300,9501600
NIFTY25101425100CE,buy,current,2025-10-14T13:30:00+05:30,38.5,2025-10-14T14:21:00+05:30,25.05,stop,1,65,-874.25,11.5725,11.415,7.534963047038657,12.463449996783718,0.5122001310902338,0.6174113760895242,30724275,24002100
NIFTY25101425150CE,buy,current,2025-10-14T14:25:00+05:30,17.95,2025-10-14T15:04:00+05:30,11.65,stop,1,65,-409.49999999999994,11.2475,11.115,13.059347537512272,12.629871422201575,0.6598201415605964,0.8044453772612681,36904575,27035700
NIFTY25102826000PE,buy,current,2025-10-23T09:55:00+05:30,75.9,2025-10-23T10:11:00+05:30,67.4,candle_reversal,1,65,-552.5,11.8775,11.945,10.410977249602853,8.316848007961278,1.1906215945700296,1.170665316007285,12903975,13257825
NIFTY25102826100CE,buy,current,2025-10-23T10:15:00+05:30,159.25,2025-10-23T12:20:00+05:30,149.95,candle_reversal,1,65,-604.5000000000007,11.955,11.84,8.013617009289693,6.4728440190858985,1.2289319936723972,1.4140950754167365,9639150,9743100
NIFTY25102826000PE,buy,current,2025-10-23T13:00:00+05:30,64.4,2025-10-23T13:19:00+05:30,60.0,candle_reversal,1,65,-286.00000000000034,11.7975,11.8425,8.089747165574314,8.110505400910661,1.5097729646944265,1.3707601814689419,15541575,15094275
NIFTY25102826000PE,buy,current,2025-10-23T13:25:00+05:30,65.6,2025-10-23T14:43:00+05:30,73.5,candle_reversal,1,65,513.5000000000003,11.815,11.7025,8.907234953851765,13.046162585733896,1.3848111597871773,0.8808624981856459,15171600,10081575
NIFTY25102826000CE,buy,current,2025-10-24T09:40:00+05:30,99.3,2025-10-24T10:18:00+05:30,64.55,stop,1,65,-2258.75,11.7325,11.9075,14.633442185843341,10.324324131158344,0.9330198115039656,0.8906598826644515,17178150,19302600
NIFTY25102825900PE,buy,current,2025-10-24T10:20:00+05:30,118.55,2025-10-24T12:39:00+05:30,99.25,candle_reversal,1,65,-1254.4999999999998,11.8825,11.6775,10.44758669321841,7.3711581176097924,0.8078751725804638,0.6612296549658544,15129525,10820700
NIFTY25102825800PE,buy,current,2025-10-24T12:55:00+05:30,79.0,2025-10-24T13:55:00+05:30,120.05,candle_reversal,1,65,2668.25,11.6825,11.7575,7.288146916350182,9.460101891468172,0.6500706432404848,0.37863456186923905,19009875,10353450
NIFTY25102825700PE,buy,current,2025-10-24T14:00:00+05:30,72.9,2025-10-24T14:28:00+05:30,54.2,candle_reversal,1,65,-1215.5000000000002,11.7725,11.625,9.656122972777391,8.683204853811663,0.3847375344438444,0.41485238282546777,12239025,13853475
NIFTY25102825800CE,buy,current,2025-10-24T14:30:00+05:30,93.25,2025-10-24T15:09:00+05:30,107.75,eod_square_off,1,65,942.5,11.6825,11.61,8.398690221396595,9.488516590141094,0.40902360382675457,0.4132989753579657,14797500,12743325
NIFTY25102826000CE,buy,current,2025-10-27T09:45:00+05:30,89.35,2025-10-27T13:19:00+05:30,64.7,candle_reversal,1,65,-1602.2499999999995,12.305,12.565,11.577039131270444,7.515404893759686,1.048946944110128,1.3053107776253214,18146175,20217300
NIFTY25102826000CE,buy,current,2025-10-27T13:55:00+05:30,73.1,2025-10-27T14:49:00+05:30,59.9,candle_reversal,1,65,-857.9999999999998,12.4175,11.9725,7.285878610806625,7.812483114237769,1.0921995134632458,1.170638065633676,22755525,19944000
NIFTY25102826000PE,buy,current,2025-10-28T09:50:00+05:30,50.15,2025-10-28T10:44:00+05:30,127.35,candle_reversal,1,65,5017.999999999999,12.3475,12.515,13.263321825945734,9.054216468736804,1.2016815033905122,0.6061534482637166,26967525,10211700
NIFTY25102825900PE,buy,current,2025-10-28T10:45:00+05:30,58.2,2025-10-28T12:36:00+05:30,37.85,stop,1,65,-1322.75,12.485,12.31,9.054216468736804,10.266911076794258,0.6061534482637166,0.5984883024567083,16580775,14451975
NIFTY25102826000CE,buy,current,2025-10-28T12:45:00+05:30,23.15,2025-10-28T13:05:00+05:30,15.05,stop,1,65,-526.4999999999999,12.26,12.1625,9.76972073464581,11.68222743879797,0.6719893406556923,0.7942001491329997,34156350,33456150
NIFTY25102825900PE,buy,current,2025-10-28T13:45:00+05:30,35.0,2025-10-28T14:36:00+05:30,64.2,candle_reversal,1,65,1898.0000000000002,12.12,12.2975,10.219636732644352,14.051050115778404,0.7988371862458072,0.6090723777313436,28488675,10747350
NIFTY25110425900PE,buy,current,2025-10-29T09:40:00+05:30,96.0,2025-10-29T10:02:00+05:30,81.4,candle_reversal,1,65,-948.9999999999997,12.065,11.9375,12.28456815873594,9.485443028715808,4.084408412830527,3.8945865692096846,6352350,6927300
NIFTY25110425950CE,buy,current,2025-10-29T10:10:00+05:30,217.7,2025-10-29T10:50:00+05:30,254.4,candle_reversal,1,65,2385.500000000001,11.95,12.045,8.550138925653242,7.148268528354239,4.027595347659682,5.732039994605737,2740425,1662525
NIFTY25110425950CE,buy,current,2025-10-29T10:55:00+05:30,245.15,2025-10-29T11:35:00+05:30,246.7,candle_reversal,1,65,100.74999999999889,11.9625,11.9675,7.001382169885488,6.802523455028475,5.760160417546149,5.706458666616181,1662675,1778925
NIFTY25110425950CE,buy,current,2025-10-29T11:40:00+05:30,243.45,2025-10-29T14:49:00+05:30,234.35,candle_reversal,1,65,-591.4999999999997,11.9625,11.9775,6.696589244040792,7.5047269914471455,5.777905104650062,7.555005900513762,1792350,1210800
NIFTY25110425900PE,buy,current,2025-10-30T09:55:00+05:30,131.75,2025-10-30T10:04:00+05:30,119.45,candle_reversal,1,65,-799.4999999999998,12.27,12.1625,10.485839352397177,8.622244030234857,3.0300134490512116,2.6064743329269944,6972225,6764850
NIFTY25110425950CE,buy,current,2025-10-30T10:10:00+05:30,146.2,2025-10-30T10:41:00+05:30,140.85,candle_reversal,1,65,-347.74999999999966,12.055,12.105,9.655430684978613,8.28967084213709,2.930561431662898,3.3385692510398637,4963725,4705275
NIFTY25110425950CE,buy,current,2025-10-30T11:15:00+05:30,154.15,2025-10-30T11:56:00+05:30,126.45,candle_reversal,1,65,-1800.5000000000002,12.005,12.0775,6.8662908913373615,6.516995344485383,3.0336264584563732,3.1115791646339175,5228475,5480700
NIFTY25110425900PE,buy,current,2025-10-30T12:00:00+05:30,107.9,2025-10-30T12:24:00+05:30,100.6,candle_reversal,1,65,-474.50000000000074,12.07,12.0075,6.542306403729754,6.941679366986555,2.8317197479624094,2.5940506951159583,8881500,8779350
NIFTY25110425900PE,buy,current,2025-10-30T13:00:00+05:30,108.0,2025-10-30T15:09:00+05:30,113.5,eod_square_off,1,65,357.5,12.06,12.15,5.5515973183177705,9.48806072186217,2.6579282964388837,2.053978849922744,8695350,7341600
NIFTY25110425900PE,buy,current,2025-10-31T09:45:00+05:30,77.1,2025-10-31T10:45:00+05:30,127.35,candle_reversal,1,65,3266.25,12.025,12.095,11.643531795067398,8.536096204092754,3.641590353822087,1.4599231927710843,18569100,9065775
NIFTY25110425800PE,buy,current,2025-10-31T10:50:00+05:30,82.05,2025-10-31T11:35:00+05:30,89.55,candle_reversal,1,65,487.5,12.1,12.1175,7.83987905261069,6.951362669121288,1.5046777444607249,1.1897679916015946,13518525,12842700
NIFTY25110425900CE,buy,current,2025-10-31T12:05:00+05:30,84.55,2025-10-31T12:24:00+05:30,71.95,candle_reversal,1,65,-818.9999999999997,12.0825,12.1175,6.1355753371968955,6.996018162547534,1.3413279807591176,1.4533220896933445,19902150,19536900
NIFTY25110425800CE,buy,current,2025-11-03T09:40:00+05:30,70.4,2025-11-03T10:49:00+05:30,79.1,candle_reversal,1,65,565.4999999999993,12.675,12.725,14.455062778136366,8.155864068403881,1.0602183205376101,1.3352215768955367,17131500,18299400
NIFTY25110425800CE,buy,current,2025-11-03T10:50:00+05:30,78.95,2025-11-03T12:02:00+05:30,55.05,candle_reversal,1,65,-1553.5000000000005,12.74,12.595,8.155864068403881,6.7958427393967185,1.3578616180080234,1.1883211799118363,18184950,21158775
NIFTY25110425700PE,buy,current,2025-11-03T12:05:00+05:30,57.9,2025-11-03T12:20:00+05:30,59.3,candle_reversal,1,65,90.99999999999991,12.605,12.63,6.566058280398251,5.9996163195297,1.1905736744229658,1.1408928700552492,23290650,23025300
NIFTY25110425700PE,buy,current,2025-11-03T12:30:00+05:30,59.4,2025-11-03T12:40:00+05:30,56.8,candle_reversal,1,65,-169.00000000000009,12.6375,12.575,7.133158666699927,7.157906685303162,1.1818589162438158,1.1316828810616801,23679450,23599125
NIFTY25110425800CE,buy,current,2025-11-03T12:50:00+05:30,59.1,2025-11-03T13:05:00+05:30,57.8,candle_reversal,1,65,-84.50000000000028,12.6775,12.675,6.691273391902717,6.191249413145927,1.1083830108414394,1.1718212837029813,22163775,21724125
NIFTY25110425700PE,buy,current,2025-11-04T10:20:00+05:30,57.1,2025-11-04T10:25:00+05:30,44.9,candle_reversal,1,65,-793.0000000000002,12.83,12.7375,7.965390201513422,7.435356662505417,0.7766230371325591,0.8104330899859434,24129300,24738675
NIFTY25110425600PE,buy,current,2025-11-04T11:25:00+05:30,22.1,2025-11-04T11:57:00+05:30,14.35,stop,1,65,-503.7500000000001,12.685,12.7125,7.507580435641436,6.454666269473032,0.7381267277986776,0.6613189247403944,24083925,25948425
NIFTY25111125600PE,buy,current,2025-11-06T09:45:00+05:30,100.55,2025-11-06T11:49:00+05:30,124.0,candle_reversal,1,65,1524.2500000000002,12.5425,12.45,12.620110932358928,5.47591037800341,0.5073644857095783,0.31395999945192216,9296625,7576500
NIFTY25111125600PE,buy,current,2025-11-06T11:50:00+05:30,123.05,2025-11-06T12:19:00+05:30,125.85,candle_reversal,1,65,181.99999999999983,12.4525,12.5825,5.47591037800341,6.661031687149403,0.31395908598884664,0.3350730376380429,7576500,7968900
NIFTY25111125600PE,buy,current,2025-11-06T12:30:00+05:30,131.4,2025-11-06T15:09:00+05:30,134.75,eod_square_off,1,65,217.74999999999963,12.56,12.4125,7.507458881928467,8.818615469141587,0.32437186969659343,0.2762983285235261,7834575,6268050
NIFTY25111125600CE,buy,current,2025-11-07T09:45:00+05:30,29.0,2025-11-07T09:54:00+05:30,26.8,candle_reversal,1,65,-142.99999999999994,12.455,12.3525,12.471822445926707,12.41121367320053,0.1534911187679741,0.1507662648709554,13809300,13285050
NIFTY25111125600CE,buy,current,2025-11-07T10:30:00+05:30,26.25,2025-11-07T10:57:00+05:30,25.1,candle_reversal,1,65,-74.74999999999991,12.365,12.3375,8.318333627904307,7.518750164145334,0.13956718200889512,0.14331066741044235,14580300,14492550
NIFTY25111125600CE,buy,current,2025-11-07T11:10:00+05:30,26.8,2025-11-07T11:38:00+05:30,48.3,candle_reversal,1,65,1397.4999999999998,12.3175,12.31,7.46652650426662,8.015154717897452,0.13928352377634973,0.16754268730124935,14892900,12754500
NIFTY25111125550PE,buy,current,2025-11-07T14:00:00+05:30,109.85,2025-11-07T14:26:00+05:30,92.7,candle_reversal,1,65,-1114.7499999999995,12.49,12.4625,7.731994427268105,8.16580109509099,0.22567342096230614,0.18463254604990176,6093075,3879750
NIFTY25111125600CE,buy,current,2025-11-10T09:55:00+05:30,77.2,2025-11-10T09:59:00+05:30,64.35,candle_reversal,1,65,-835.2500000000006,12.5475,12.6025,10.646132911728827,10.165005981872715,0.27002307389137586,0.2812142913402524,21269625,20885475
NIFTY25111125550PE,buy,current,2025-11-10T10:05:00+05:30,65.25,2025-11-10T10:19:00+05:30,42.4,stop,1,65,-1485.25,12.6225,12.515,9.910811931091894,8.88403231005916,0.2597237197635169,0.29410517047469836,11770425,13144200
NIFTY25111125600CE,buy,current,2025-11-10T10:20:00+05:30,85.05,2025-11-10T11:34:00+05:30,95.15,candle_reversal,1,65,656.5000000000006,12.505,12.4675,8.88403231005916,5.3572435718196525,0.29410517047469836,0.5534478859583435,21510150,13407150
NIFTY25111125700CE,buy,current,2025-11-10T11:35:00+05:30,43.6,2025-11-10T13:05:00+05:30,38.8,candle_reversal,1,65,-312.0000000000003,12.4675,12.4075,5.3572435718196525,4.877225174922687,0.5534499171933207,0.5883945248286147,16557900,18695775
NIFTY25111125600PE,buy,current,2025-11-10T13:45:00+05:30,57.75,2025-11-10T14:27:00+05:30,37.55,stop,1,65,-1313.0000000000002,12.4475,12.3625,5.873356657550837,6.345881189886247,0.5614934776172834,0.4861037348545884,25871550,23491800
NIFTY25111125550PE,buy,current,2025-11-11T09:55:00+05:30,76.95,2025-11-11T09:59:00+05:30,62.2,candle_reversal,1,65,-958.75,12.715,12.665,10.176294281173005,9.253523610957362,0.14523434302712673,0.14362940693556364,10547400,10597650
NIFTY25111125600CE,buy,current,2025-11-11T10:10:00+05:30,24.85,2025-11-11T10:14:00+05:30,16.15,stop,1,65,-565.5000000000002,12.6325,12.7075,9.794965858043705,10.141054245125954,0.16020544647567536,0.16878847874817957,38312700,39146925
NIFTY25111125550PE,buy,current,2025-11-11T10:15:00+05:30,66.2,2025-11-11T10:54:00+05:30,90.85,candle_reversal,1,65,1602.2499999999995,12.7125,12.865,10.141054245125954,7.417597832384867,0.16878847874817957,0.09837508494152125,13552950,6510375
NIFTY25111125550PE,buy,current,2025-11-11T10:55:00+05:30,88.0,2025-11-11T11:40:00+05:30,74.8,candle_reversal,1,65,-858.0000000000002,12.865,12.67,7.417597832384867,5.683531144634604,0.09873236229753775,0.10328490500597326,6787875,7591050
NIFTY25111125600CE,buy,current,2025-11-11T11:55:00+05:30,16.0,2025-11-11T12:56:00+05:30,14.95,candle_reversal,1,65,-68.25000000000004,12.5725,12.635,6.612853479344158,6.688617260445231,0.15076889903769894,0.35250415260186596,36913575,36765600
NIFTY25111826000CE,buy,current,2025-11-12T09:45:00+05:30,87.9,2025-11-12T12:01:00+05:30,98.4,candle_reversal,1,65,682.5,11.9525,11.8575,13.166424805722249,4.838263130514115,0.5729643908787972,1.1012082466606652,9350400,9039000
NIFTY25111826000CE,buy,current,2025-11-12T12:10:00+05:30,104.2,2025-11-12T12:55:00+05:30,110.3,candle_reversal,1,65,396.49999999999966,12.0975,12.08,4.715298782471686,4.897729977161295,1.110906035182497,1.3155466218428051,9171825,8393550
NIFTY25111825900PE,buy,current,2025-11-12T14:10:00+05:30,112.85,2025-11-12T15:09:00+05:30,109.25,eod_square_off,1,65,-233.99999999999963,12.145,12.1275,6.05309661681703,5.668795215726059,1.3404225758723973,1.1305602480056578,11993325,9134775
NIFTY25111825900CE,buy,current,2025-11-13T09:50:00+05:30,142.45,2025-11-13T09:55:00+05:30,125.0,candle_reversal,1,65,-1134.2499999999993,11.9775,12.045,9.576102820295509,8.849359300218172,0.7519201492622735,0.8135231463298751,8798100,8532075
NIFTY25111825900CE,buy,current,2025-11-13T10:10:00+05:30,149.75,2025-11-13T12:34:00+05:30,185.65,candle_reversal,1,65,2333.5000000000005,11.9075,12.145,7.985585250947179,4.989370047402068,0.7938612718893486,1.411447879406301,9010050,4471650
NIFTY25111826000CE,buy,current,2025-11-13T12:35:00+05:30,123.85,2025-11-13T13:50:00+05:30,135.7,candle_reversal,1,65,770.2499999999997,12.1475,12.095,4.989370047402068,6.1325202417467635,1.411447879406301,1.5033282810131725,9199050,8813100
NIFTY25111825900PE,buy,current,2025-11-13T14:00:00+05:30,106.4,2025-11-13T15:09:00+05:30,130.45,eod_square_off,1,65,1563.2499999999989,12.135,12.225,8.170303859448476,8.56511462845718,1.4310759440096652,0.8044761218127068,10587975,7795050
NIFTY25111825800PE,buy,current,2025-11-14T09:40:00+05:30,92.75,2025-11-14T10:52:00+05:30,106.2,candle_reversal,1,65,874.2500000000002,12.135,12.275,14.569922997217086,8.166844487369508,0.6161844755138585,0.36917944984307566,15084000,12676725
NIFTY25111825800PE,buy,current,2025-11-14T10:55:00+05:30,85.5,2025-11-14T11:12:00+05:30,66.65,candle_reversal,1,65,-1225.2499999999995,12.1725,12.0075,10.098452644721567,8.94209690622281,0.3961652671114,0.475448663518295,12749625,15004500
NIFTY25111825800PE,buy,current,2025-11-14T11:20:00+05:30,86.3,2025-11-14T12:27:00+05:30,73.65,candle_reversal,1,65,-822.2499999999994,12.0625,12.025,9.730904498116148,7.4908113805860035,0.5027842760882171,0.42624456524137355,15134175,14761200
NIFTY25111825900CE,buy,current,2025-11-14T13:30:00+05:30,93.3,2025-11-14T13:39:00+05:30,72.5,candle_reversal,1,65,-1351.9999999999998,12.01,12.1375,6.069743093889936,7.6701708752949855,0.4193298834795947,0.4263783296522802,19612575,19612950
NIFTY25111825900CE,buy,current,2025-11-14T14:15:00+05:30,72.15,2025-11-14T15:09:00+05:30,127.0,eod_square_off,1,65,3565.2499999999995,12.205,11.88,6.686051785050165,14.305339658694162,0.35787194869614913,0.5073087616886519,20389200,14123475
NIFTY25111825900PE,buy,current,2025-11-17T10:30:00+05:30,51.25,2025-11-17T11:52:00+05:30,39.9,candle_reversal,1,65,-737.7500000000001,12.0025,11.8775,6.86915839697346,5.234637572289192,0.8747064796044758,0.7635563471886605,20026125,21097125
NIFTY25111826000CE,buy,current,2025-11-17T12:20:00+05:30,70.5,2025-11-17T15:09:00+05:30,73.75,eod_square_off,1,65,211.25,11.855,11.79,5.348472281958642,5.132524362502356,0.8670648931963775,1.138554696068671,29427525,24478800
NIFTY25111825900PE,buy,current,2025-11-18T09:40:00+05:30,35.15,2025-11-18T10:05:00+05:30,47.0,candle_reversal,1,65,770.2500000000001,11.9225,12.1175,8.622244579341801,7.69504280930496,0.9647021305195608,0.5837620774624559,27314250,21925050
NIFTY25111825900PE,buy,current,2025-11-18T10:15:00+05:30,53.75,2025-11-18T10:20:00+05:30,41.4,candle_reversal,1,65,-802.7500000000001,12.2475,12.1925,6.167027493318993,6.049161576224459,0.5941174459512308,0.5823158321508211,23589525,23750025
NIFTY25111826000CE,buy,current,2025-11-18T11:00:00+05:30,22.0,2025-11-18T11:06:00+05:30,17.8,candle_reversal,1,65,-272.99999999999994,12.1075,12.12,6.229607379983593,5.7522725915289845,0.6614667633643758,0.6989156483397244,47178600,47921550
NIFTY25111826000CE,buy,current,2025-11-18T11:15:00+05:30,21.3,2025-11-18T11:27:00+05:30,18.0,candle_reversal,1,65,-214.50000000000006,12.1025,12.06,4.772945240065805,4.358926752204739,0.7095628284768152,0.7880363991456806,48765825,47274000
NIFTY25112526000CE,buy,current,2025-11-19T10:00:00+05:30,119.55,2025-11-19T10:41:00+05:30,136.2,candle_reversal,1,65,1082.2499999999995,11.875,11.825,8.073218077234996,5.016504176727682,1.032184189966227,1.4181396265858834,17419425,16663650
NIFTY25112526000CE,buy,current,2025-11-19T10:55:00+05:30,134.25,2025-11-19T10:59:00+05:30,128.2,candle_reversal,1,65,-393.25000000000074,11.855,11.8675,5.842785980341057,5.721526902850639,1.3740906543012452,1.3709574862942433,17297625,17332350
NIFTY25112525900PE,buy,current,2025-11-19T11:10:00+05:30,119.0,2025-11-19T11:20:00+05:30,112.3,candle_reversal,1,65,-435.50000000000017,11.8575,11.8375,5.919816598983084,5.984149706824967,1.321163643260833,1.1902830067581387,15148950,14291475
NIFTY25112526000PE,buy,current,2025-11-20T09:45:00+05:30,91.4,2025-11-20T10:07:00+05:30,81.6,candle_reversal,1,65,-637.0000000000007,11.95,11.8725,9.838598096542412,8.066984812116717,1.6141668858223632,1.5382779379742761,15027825,15280050
NIFTY25112526100CE,buy,current,2025-11-20T10:30:00+05:30,149.0,2025-11-20T10:57:00+05:30,154.9,candle_reversal,1,65,383.50000000000034,11.895,11.835,6.106682922498527,4.698388474410514,1.6701448071732423,2.065668549656195,14466900,11297250
NIFTY25112526100CE,buy,current,2025-11-20T11:00:00+05:30,148.5,2025-11-20T11:39:00+05:30,158.6,candle_reversal,1,65,656.4999999999997,11.85,11.82,4.76417169477233,3.8343879627793997,2.0685550175422645,2.0599354856598855,11242575,11669700
NIFTY25112526100CE,buy,current,2025-11-20T11:40:00+05:30,158.5,2025-11-20T13:08:00+05:30,166.8,candle_reversal,1,65,539.5000000000007,11.8125,11.8225,3.8343879627793997,4.395334885182661,2.091770581012134,2.7975460413897855,11511900,8046450
NIFTY25112526000PE,buy,current,2025-11-20T14:30:00+05:30,46.45,2025-11-20T14:37:00+05:30,44.95,candle_reversal,1,65,-97.5,12.24,12.2225,6.573573415837177,7.347316346034542,3.6216505928654956,3.5930426660523884,16711500,16661250
NIFTY25112526100PE,buy,current,2025-11-21T09:50:00+05:30,97.35,2025-11-21T11:11:00+05:30,102.85,candle_reversal,1,65,357.5,13.2625,13.7125,10.332920213278914,6.75864910273937,2.8357699313581213,1.8046066281456363,15683625,12804975
NIFTY25112526000PE,buy,current,2025-11-21T11:15:00+05:30,59.0,2025-11-21T11:47:00+05:30,63.05,candle_reversal,1,65,263.24999999999983,13.685,13.665,6.8049023610491535,6.139959626388223,1.8169141027363518,1.9259059426887066,17916375,18715200
NIFTY25112526000PE,buy,current,2025-11-21T11:50:00+05:30,62.2,2025-11-21T12:05:00+05:30,55.8,candle_reversal,1,65,-416.00000000000034,13.6275,13.645,5.749506004385466,5.102480141839021,1.9296145365385762,1.9600296712958853,18757500,18978225
NIFTY25112526100CE,buy,current,2025-11-21T12:15:00+05:30,127.75,2025-11-21T13:18:00+05:30,117.0,candle_reversal,1,65,-698.75,13.6025,13.395,5.057169764057617,6.594168713512479,2.009265506032436,3.019414928239008,18204000,11013000
NIFTY25112526100CE,buy,current,2025-11-21T14:00:00+05:30,128.75,2025-11-21T15:09:00+05:30,98.2,eod_square_off,1,65,-1985.7499999999998,13.44,13.69,6.376476727206506,6.992360040959149,2.44029852075168,2.077896749099428,13648500,13378500
NIFTY25112526100CE,buy,current,2025-11-24T10:05:00+05:30,97.05,2025-11-24T11:01:00+05:30,86.1,candle_reversal,1,65,-711.7500000000002,12.95,12.94,7.5805911376793516,5.66354548744395,1.605625902159466,2.1342848154936127,24335325,20169975
NIFTY25112526100CE,buy,current,2025-11-24T11:30:00+05:30,97.25,2025-11-24T11:48:00+05:30,83.4,candle_reversal,1,65,-900.2499999999997,12.865,12.785,5.607999336884055,5.63412385920626,1.8178705398897534,1.974416845871065,22832925,21227700
NIFTY25112526100PE,buy,current,2025-11-24T11:55:00+05:30,72.45,2025-11-24T12:02:00+05:30,68.65,candle_reversal,1,65,-246.99999999999983,12.845,12.915,6.045460098833838,6.423742795324182,1.7120050849939117,1.5337369962167768,18942450,17825325
NIFTY25112526000PE,buy,current,2025-11-24T14:05:00+05:30,45.15,2025-11-24T14:14:00+05:30,43.7,candle_reversal,1,65,-94.24999999999972,12.795,12.7825,6.580385575385468,7.0744418856725435,1.36458535094524,1.2436186619866827,19657725,19660200
NIFTY25112526000PE,buy,current,2025-11-24T14:20:00+05:30,53.15,2025-11-24T15:09:00+05:30,73.5,eod_square_off,1,65,1322.75,12.8225,13.265,7.919106438271557,9.768795811719965,1.2103456895902818,1.0246288665053085,19202700,15436425
NIFTY25112525900PE,buy,current,2025-11-25T09:50:00+05:30,28.9,2025-11-25T09:54:00+05:30,18.8,stop,1,65,-656.4999999999999,12.4025,12.3325,9.346083773646445,9.745268029259506,1.0764084120130857,1.0455484860109312,23495025,23371950
NIFTY25112526000CE,buy,current,2025-11-25T10:05:00+05:30,53.05,2025-11-25T10:43:00+05:30,49.3,candle_reversal,1,65,-243.75,12.61,12.655,8.300755670134878,6.807392685510777,1.269591586999165,1.4056325568722643,26873850,25005750
NIFTY25112525900PE,buy,current,2025-11-25T11:00:00+05:30,33.55,2025-11-25T11:25:00+05:30,21.8,stop,1,65,-763.7499999999998,12.675,12.5925,7.942202855786894,6.477515933022096,1.0390069517279374,0.8904720006962413,24443250,26316000
NIFTY25112526000CE,buy,current,2025-11-25T11:35:00+05:30,27.45,2025-11-25T12:24:00+05:30,17.85,stop,1,65,-623.9999999999999,12.575,12.6425,6.228759064049309,6.996026757198295,0.9233506049856831,1.1784890145127753,37560525,34550325
NIFTY25112526000CE,buy,current,2025-11-25T12:40:00+05:30,20.55,2025-11-25T14:24:00+05:30,13.35,stop,1,65,-468.00000000000006,12.6225,12.435,7.014635768102108,7.922671204474898,1.1173030375497561,1.3395907686856967,38888400,33770475
NIFTY25120226100CE,buy,current,2025-11-26T09:50:00+05:30,160.0,2025-11-26T10:53:00+05:30,169.0,candle_reversal,1,65,585.0,11.9725,11.875,8.335228115577156,7.776291272016712,0.7440945007429705,1.1469537725639174,6772875,7885125
NIFTY25120226200CE,buy,current,2025-11-26T10:55:00+05:30,114.0,2025-11-26T11:13:00+05:30,118.6,candle_reversal,1,65,298.99999999999966,11.6375,11.6475,7.502984752586999,6.348646567887079,1.1447260101803556,1.175128074988078,7872525,7865325
NIFTY25120226150CE,buy,current,2025-11-26T11:15:00+05:30,148.0,2025-11-26T15:09:00+05:30,180.05,eod_square_off,1,65,2083.250000000001,11.7425,12.0025,6.202314670181067,7.545336363856906,1.175128074988078,1.5370131523265675,3889200,3103425
NIFTY25120226200PE,buy,current,2025-11-27T09:40:00+05:30,92.1,2025-11-27T12:41:00+05:30,90.9,candle_reversal,1,65,-77.99999999999926,12.17,12.015,11.255523004556068,6.05669457279029,1.3915834404438199,1.227359929165232,9862350,11292225
NIFTY25120226200PE,buy,current,2025-11-27T12:45:00+05:30,79.5,2025-11-27T13:55:00+05:30,103.45,candle_reversal,1,65,1556.7500000000002,12.0425,11.8725,6.4706661721648375,7.958163872541512,1.1934325834091781,0.8572652946151678,10636650,8093325
NIFTY25120226200PE,buy,current,2025-11-28T09:40:00+05:30,81.05,2025-11-28T09:50:00+05:30,70.7,candle_reversal,1,65,-672.7499999999997,11.165,11.2225,12.75197904835815,11.306333221630037,1.174483709121922,1.1771665213349796,17599350,18196125
NIFTY25120226300CE,buy,current,2025-11-28T09:55:00+05:30,86.6,2025-11-28T10:15:00+05:30,78.0,candle_reversal,1,65,-558.9999999999997,11.16,11.245,10.04673399476701,7.640768775376422,1.2915107759412259,1.4782855424740555,16105950,16618425
NIFTY25120226200PE,buy,current,2025-11-28T10:25:00+05:30,75.05,2025-11-28T10:33:00+05:30,66.45,candle_reversal,1,65,-558.9999999999997,11.2925,11.19,7.1306569226471925,7.092000469374589,1.4014273398793082,1.3263131434251092,21786900,21045600
NIFTY25120226300CE,buy,current,2025-11-28T10:35:00+05:30,84.8,2025-11-28T11:24:00+05:30,76.25,candle_reversal,1,65,-555.7499999999998,11.2,11.15,6.903286150133339,7.001364879724919,1.320605881188233,1.6123475064012243,17597625,16960050
NIFTY25120226300CE,buy,current,2025-11-28T11:50:00+05:30,77.25,2025-11-28T13:03:00+05:30,61.35,candle_reversal,1,65,-1033.5,11.2425,11.2425,6.745041530374719,6.306470092910204,1.4372031474085154,1.2584676316741203,18574125,19269750
NIFTY25120226200PE,buy,current,2025-11-28T13:05:00+05:30,73.2,2025-11-28T13:31:00+05:30,64.15,candle_reversal,1,65,-588.2499999999998,11.2475,11.135,6.445293657702332,6.6101810826242895,1.266525866152061,1.2036002668509453,22432200,21513750
NIFTY25120226300PE,buy,current,2025-12-01T09:55:00+05:30,76.05,2025-12-01T12:53:00+05:30,143.3,candle_reversal,1,65,4371.250000000001,11.585,11.7775,8.275571336686916,7.726075157741842,1.189894838725139,0.6227397030568387,18466275,5880825
NIFTY25120226200PE,buy,current,2025-12-01T12:55:00+05:30,78.4,2025-12-01T13:14:00+05:30,68.8,candle_reversal,1,65,-624.0000000000006,11.775,11.7475,7.677784075045944,6.767285602989256,0.6227397030568387,0.6390860867005005,16093725,16981800
NIFTY25120226200PE,buy,current,2025-12-01T13:35:00+05:30,75.7,2025-12-01T14:03:00+05:30,56.65,candle_reversal,1,65,-1238.2500000000002,11.8475,11.54,5.826569388475576,7.3172895646980995,0.6555247552545703,0.676135636335263,17629650,18775275
NIFTY25120226200CE,buy,current,2025-12-01T14:05:00+05:30,81.1,2025-12-01T14:39:00+05:30,61.5,candle_reversal,1,65,-1273.9999999999995,11.565,11.83,7.4267688815055335,6.569786252820829,0.6849487643778679,0.7581137592849658,28101450,25484925
NIFTY25120226100PE,buy,current,2025-12-02T09:45:00+05:30,50.1,2025-12-02T10:22:00+05:30,53.05,candle_reversal,1,65,191.74999999999972,11.2725,11.3325,10.891238123627478,7.01333023265754,0.5985369713555341,0.4581212503285555,25463775,19308975
NIFTY25120226000PE,buy,current,2025-12-02T10:25:00+05:30,16.3,2025-12-02T10:50:00+05:30,10.6,stop,1,65,-370.50000000000006,11.365,11.515,6.503075557750738,6.317071015659146,0.479081770518181,0.5798480151393147,31092525,35500875
NIFTY25120226100CE,buy,current,2025-12-02T11:00:00+05:30,41.8,2025-12-02T11:14:00+05:30,34.5,candle_reversal,1,65,-474.49999999999983,11.4725,11.74,5.730461237662554,5.353169473674827,0.5858764556897852,0.6183675137907729,38303100,37129350
NIFTY25120226000PE,buy,current,2025-12-02T11:30:00+05:30,14.75,2025-12-02T12:32:00+05:30,9.6,stop,1,65,-334.75,11.8075,11.8075,5.1505111988195456,5.212812864460261,0.5988873692690195,0.540910222593592,37688550,41361300
NIFTY25120925900PE,buy,current,2025-12-03T10:05:00+05:30,112.3,2025-12-03T11:36:00+05:30,100.8,candle_reversal,1,65,-747.5,11.15,11.0225,9.470514075531513,6.265466385565051,0.7750694150887395,0.6781513350108929,7320000,9537900
NIFTY25120926000CE,buy,current,2025-12-03T11:40:00+05:30,122.9,2025-12-03T12:28:00+05:30,122.85,candle_reversal,1,65,-3.250000000000739,11.005,11.22,7.0385676563725665,5.872943846224315,0.7104775586448362,0.8098485970448512,17301975,16566000
NIFTY25120926000CE,buy,current,2025-12-03T12:30:00+05:30,122.5,2025-12-03T13:47:00+05:30,102.9,candle_reversal,1,65,-1273.9999999999995,11.2625,11.2225,5.789162142922629,5.844713918948975,0.8130523414592898,0.7964934768191622,16566000,16508925
NIFTY25120925900PE,buy,current,2025-12-03T13:50:00+05:30,102.9,2025-12-03T14:50:00+05:30,89.05,candle_reversal,1,65,-900.2500000000006,11.245,11.1775,6.368146185216105,6.156081888784029,0.7579174687984113,0.7810042491499316,10458750,9731925
NIFTY25120926000CE,buy,current,2025-12-04T09:45:00+05:30,141.55,2025-12-04T09:49:00+05:30,136.65,candle_reversal,1,65,-318.50000000000034,11.18,11.1675,10.611155327282134,9.427350945537134,1.078753817023652,1.1374557092556379,14634300,13957950
NIFTY25120926000CE,buy,current,2025-12-04T10:15:00+05:30,151.7,2025-12-04T10:50:00+05:30,184.05,candle_reversal,1,65,2102.7500000000014,11.1425,10.9925,7.335988017585736,6.205676610852701,1.1958726066308394,1.8796573474418212,13411725,8879550
NIFTY25120926100CE,buy,current,2025-12-04T10:55:00+05:30,120.85,2025-12-04T11:54:00+05:30,84.1,candle_reversal,1,65,-2388.75,11.055,11.07,6.047063194568885,7.532188522560588,1.8860824366256983,1.3537447562563287,8799375,11872200
NIFTY25120926000PE,buy,current,2025-12-04T11:55:00+05:30,85.0,2025-12-04T12:03:00+05:30,81.8,candle_reversal,1,65,-208.00000000000017,10.935,10.945,7.532188522560588,6.882117536134614,1.3458950444139786,1.309979237015098,14694000,14589750
NIFTY25120926000PE,buy,current,2025-12-04T12:45:00+05:30,99.55,2025-12-04T13:16:00+05:30,92.5,candle_reversal,1,65,-458.24999999999983,11.06,11.055,6.17204353716086,5.977776688640021,1.2253218289910532,1.1679827075442892,14382375,13765950
NIFTY25120926000PE,buy,current,2025-12-05T10:00:00+05:30,80.0,2025-12-05T10:04:00+05:30,52.0,stop,1,65,-1820.0,10.86,10.665,8.488452294854474,13.595075095037263,1.1920696473152241,1.15997635090669,17894925,17058675
NIFTY25120926100CE,buy,current,2025-12-05T10:05:00+05:30,115.4,2025-12-05T10:30:00+05:30,75.0,stop,1,65,-2626.0000000000005,10.7575,10.65,13.595075095037263,14.569680150856408,1.15997635090669,1.5953514073912598,18241425,14665650
NIFTY25120926000PE,buy,current,2025-12-05T10:35:00+05:30,54.65,2025-12-05T10:54:00+05:30,35.5,stop,1,65,-1244.75,10.5525,10.5625,15.034139025109472,10.893537020764779,1.2636986905339271,1.5109137919466304,18775500,19514400
NIFTY25120926100CE,buy,current,2025-12-05T10:55:00+05:30,118.9,2025-12-05T13:06:00+05:30,157.9,candle_reversal,1,65,2535.0,10.5625,10.48,10.893537020764779,6.9484729963041545,1.5947146376943582,3.4363950395392178,15169725,7807800
NIFTY25120926200CE,buy,current,2025-12-05T13:10:00+05:30,93.3,2025-12-05T14:46:00+05:30,60.65,stop,1,65,-2122.25,10.4775,10.4475,6.490304363294643,8.535784354503532,3.424996941262835,2.9707547317201883,14126325,16696800
NIFTY25120926100PE,buy,current,2025-12-08T09:50:00+05:30,66.55,2025-12-08T11:24:00+05:30,64.0,candle_reversal,1,65,-165.74999999999983,10.79,10.6025,10.11111341288722,6.988895959966732,1.67061339796045,1.113195375448214,17856450,16541100
NIFTY25120926000PE,buy,current,2025-12-08T11:25:00+05:30,28.9,2025-12-08T13:05:00+05:30,35.1,candle_reversal,1,65,403.00000000000017,10.605,10.7925,6.988895959966732,6.671894383138649,1.1217131240886788,0.8331784678361105,21639225,24330375
NIFTY25120925700PE,buy,current,2025-12-09T09:50:00+05:30,31.85,2025-12-09T10:03:00+05:30,28.85,candle_reversal,1,65,-195.0,11.66,11.6225,11.782756349208972,10.487465136671075,0.3573259752000324,0.3281284447737273,17383425,19451100
NIFTY25120925800CE,buy,current,2025-12-09T10:15:00+05:30,51.5,2025-12-09T14:18:00+05:30,73.0,candle_reversal,1,65,1397.5,11.285,10.9175,10.081512622229637,9.80388963262342,0.3987408405478522,0.855021646510512,29472150,7204875
NIFTY25120925900CE,buy,current,2025-12-09T14:20:00+05:30,6.65,2025-12-09T14:23:00+05:30,4.3,stop,1,65,-152.75000000000003,10.945,10.9625,9.939326087436086,10.287573989568626,0.8336919145794147,0.745154971229165,39195525,38497875
NIFTY25120925800PE,buy,current,2025-12-09T14:25:00+05:30,13.25,2025-12-09T14:39:00+05:30,8.6,stop,1,65,-302.25,10.9675,10.9875,10.292032990313881,10.670005544833682,0.745154971229165,0.7029310745469536,38960325,44810325
NIFTY25121625900PE,buy,current,2025-12-10T10:00:00+05:30,114.9,2025-12-10T13:13:00+05:30,159.6,candle_reversal,1,65,2905.499999999999,10.8375,10.905,8.987964189402893,6.280429380339041,0.7732475998427374,0.46419873937541783,9616575,4718775
NIFTY25121625800PE,buy,current,2025-12-10T13:15:00+05:30,114.3,2025-12-10T13:19:00+05:30,99.6,candle_reversal,1,65,-955.5000000000002,10.9425,10.89,6.503255853171811,6.998917816036216,0.45839448598748084,0.4662045331492398,8935350,9216750
NIFTY25121626000CE,buy,current,2025-12-10T13:30:00+05:30,68.35,2025-12-10T14:02:00+05:30,54.85,candle_reversal,1,65,-877.4999999999995,10.8625,10.9525,6.733048078196989,7.657819195910512,0.490857724165784,0.534496908189615,15347550,14876400
NIFTY25121625800PE,buy,current,2025-12-10T14:05:00+05:30,135.2,2025-12-10T14:34:00+05:30,122.35,candle_reversal,1,65,-835.2499999999997,10.9975,10.8925,7.971027776065685,9.221444914105296,0.4988493189938481,0.39768704229615637,9092400,7313025
NIFTY25121625700PE,buy,current,2025-12-11T09:40:00+05:30,106.4,2025-12-11T10:07:00+05:30,72.15,candle_reversal,1,65,-2226.25,10.8625,10.625,15.517355553983576,13.745754440530323,0.3956654619216333,0.382376030139695,6988950,8485500
NIFTY25121625800CE,buy,current,2025-12-11T10:10:00+05:30,122.6,2025-12-11T12:35:00+05:30,191.7,candle_reversal,1,65,4491.5,10.685,10.665,12.96419643086538,8.765817313042808,0.38784347560622223,0.9237038555578334,12068625,4918050
NIFTY25121626000CE,buy,current,2025-12-11T12:40:00+05:30,73.5,2025-12-11T13:10:00+05:30,59.1,candle_reversal,1,65,-935.9999999999999,10.6925,10.655,8.782524424141306,9.045416187334153,0.9305781390583605,0.911498223871412,11574900,11984700
NIFTY25121625800PE,buy,current,2025-12-11T13:15:00+05:30,64.6,2025-12-11T13:33:00+05:30,59.95,candle_reversal,1,65,-302.24999999999943,10.63,10.63,10.386157635528216,9.830794916520253,0.8475061030360023,0.7901906706983232,13078275,12468450
NIFTY25121625900CE,buy,current,2025-12-11T13:40:00+05:30,113.85,2025-12-11T14:02:00+05:30,112.8,candle_reversal,1,65,-68.24999999999982,10.615,10.6275,8.704862016757994,7.664291866701548,0.7891035498081825,0.8525236409372525,10326450,9743850
NIFTY25121626000PE,buy,current,2025-12-12T09:55:00+05:30,72.85,2025-12-12T10:15:00+05:30,76.45,candle_reversal,1,65,234.00000000000057,10.13,10.08,7.557101925808166,8.95832861599762,1.3051828233768163,1.0206697748649454,21066375,18218250
NIFTY25121626000PE,buy,current,2025-12-12T10:25:00+05:30,105.05,2025-12-12T10:31:00+05:30,95.2,candle_reversal,1,65,-640.2499999999997,10.115,10.12,9.457760247668144,9.488348906727238,0.9525994404822348,0.8306773348309148,16996275,14164800
NIFTY25121626000CE,buy,current,2025-12-12T11:10:00+05:30,101.75,2025-12-12T12:06:00+05:30,103.45,candle_reversal,1,65,110.50000000000018,10.0425,10.235,7.656452310269197,6.124974364977072,0.8173238205931642,1.2263313420700994,25570050,19004550
NIFTY25121626000CE,buy,current,2025-12-12T12:10:00+05:30,94.8,2025-12-12T12:40:00+05:30,106.3,candle_reversal,1,65,747.5,10.0725,10.015,5.951792521812952,5.359748498144712,1.233309177465313,1.3127892880238765,18957750,17879625
NIFTY25121626000CE,buy,current,2025-12-12T13:05:00+05:30,106.85,2025-12-12T14:17:00+05:30,116.35,candle_reversal,1,65,617.5,10.12,10.1625,5.09113308794755,5.145096798367345,1.2742092615444567,1.52593749398669,18415725,15633600
NIFTY25121626000CE,buy,current,2025-12-15T10:00:00+05:30,50.75,2025-12-15T10:35:00+05:30,56.1,candle_reversal,1,65,347.7500000000001,10.4125,10.3975,8.806542788586912,6.451919357326233,0.7915215724095226,1.0944092980063265,28847100,26656050
NIFTY25121626000CE,buy,current,2025-12-15T10:45:00+05:30,53.8,2025-12-15T11:09:00+05:30,54.8,candle_reversal,1,65,65.0,10.3825,10.315,7.177497533707183,5.818439149264579,1.0692050725983042,1.2204131618080696,27321975,25811400
NIFTY25121626000PE,buy,current,2025-12-15T14:10:00+05:30,56.4,2025-12-15T14:42:00+05:30,45.85,candle_reversal,1,65,-685.7499999999998,10.2725,10.2425,6.484860048880084,5.180856556118295,1.6268583274088875,1.5529102641856154,31065450,29969175
NIFTY25121625950CE,buy,current,2025-12-16T09:55:00+05:30,33.25,2025-12-16T09:59:00+05:30,26.55,candle_reversal,1,65,-435.49999999999994,10.1825,10.19,8.110251113211799,9.10495992476671,0.8744614338773659,0.8563922157216647,30653925,31627800
NIFTY25121625900PE,buy,current,2025-12-16T10:00:00+05:30,45.1,2025-12-16T10:20:00+05:30,36.25,candle_reversal,1,65,-575.2500000000001,10.205,10.3025,9.10495992476671,7.4205248277648606,0.8563922157216647,0.6589588785249694,34075875,26395425
NIFTY25121625900PE,buy,current,2025-12-16T11:25:00+05:30,35.05,2025-12-16T12:07:00+05:30,39.4,candle_reversal,1,65,282.7500000000001,10.1925,10.29,6.286101383747369,5.654623355873418,0.7172146624421301,0.6505145512166337,31244850,26851875
NIFTY25121625850PE,buy,current,2025-12-16T12:10:00+05:30,17.5,2025-12-16T12:20:00+05:30,13.35,candle_reversal,1,65,-269.75,10.2725,10.2625,5.50577217929887,5.203922170469171,0.6592249047365856,0.6760305473639939,31040100,32388825
NIFTY25121625900CE,buy,current,2025-12-16T13:40:00+05:30,31.7,2025-12-16T13:58:00+05:30,24.05,candle_reversal,1,65,-497.2499999999999,10.11,10.075,6.005779889740844,7.747814203400367,0.7317176479648483,0.8523372682113336,49369275,36906675
NIFTY25122325950PE,buy,current,2025-12-17T09:45:00+05:30,141.4,2025-12-17T10:34:00+05:30,177.4,candle_reversal,1,65,2340.0,9.9775,10.13,10.279570701584488,6.833727595765405,0.24852344434191065,0.14852272817675666,3574950,2104125
NIFTY25122326000PE,buy,current,2025-12-17T10:35:00+05:30,212.7,2025-12-17T11:16:00+05:30,188.25,candle_reversal,1,65,-1589.2499999999993,10.0425,10.0325,6.833727595765405,6.300107509588462,0.14852272817675666,0.14668865454249025,3790950,3886125
NIFTY25122326000PE,buy,current,2025-12-17T11:30:00+05:30,210.1,2025-12-17T11:43:00+05:30,195.2,candle_reversal,1,65,-968.5000000000003,10.0275,9.94,5.952586268282537,5.679272566349995,0.1487909684403548,0.1414291400885281,4031700,3868725
NIFTY25122326000CE,buy,current,2025-12-17T11:50:00+05:30,68.05,2025-12-17T13:32:00+05:30,54.65,candle_reversal,1,65,-870.9999999999999,10.0175,9.9225,5.919673056442174,6.157464152233343,0.14382667316105913,0.12432024153889924,15091275,16590450
NIFTY25122326000CE,buy,current,2025-12-17T14:20:00+05:30,53.75,2025-12-17T15:09:00+05:30,57.05,eod_square_off,1,65,214.49999999999983,9.88,9.805,5.784616283850461,6.212315944255045,0.12326914629308937,0.1232208836629825,16479750,15182550
NIFTY25122326000PE,buy,current,2025-12-18T09:45:00+05:30,254.3,2025-12-18T10:08:00+05:30,240.15,candle_reversal,1,65,-919.7500000000003,9.88,9.87,11.633969154713574,9.195420734586634,0.11974465610131542,0.10787247017570606,3224925,2854050
NIFTY25122326000CE,buy,current,2025-12-18T10:10:00+05:30,37.95,2025-12-18T11:16:00+05:30,50.8,candle_reversal,1,65,835.2499999999997,9.8775,9.8075,9.077890682116108,6.549312560511111,0.10920329451836173,0.14030897424493396,15485250,13473525
NIFTY25122326000CE,buy,current,2025-12-18T11:25:00+05:30,62.05,2025-12-18T12:01:00+05:30,62.1,candle_reversal,1,65,3.250000000000277,9.81,9.755,6.41825166935641,6.269283079469763,0.14131407798802476,0.15134770054554267,13172700,13023750
NIFTY25122326000PE,buy,current,2025-12-18T13:35:00+05:30,167.65,2025-12-18T14:33:00+05:30,194.3,candle_reversal,1,65,1732.2500000000005,9.73,9.72,6.658150144189578,8.61490194832516,0.15415238520618707,0.12294310618265891,3786075,3323250
NIFTY25122326000PE,buy,current,2025-12-19T09:50:00+05:30,107.95,2025-12-19T10:01:00+05:30,99.3,candle_reversal,1,65,-562.2500000000003,9.7025,9.6825,9.523842385173314,8.118181177230438,0.39029492517773695,0.36877905486866297,12865725,12396750
NIFTY25122325950PE,buy,current,2025-12-19T10:15:00+05:30,88.35,2025-12-19T12:09:00+05:30,80.65,candle_reversal,1,65,-500.49999999999926,9.6325,9.535,8.0361859658824,7.280407520950992,0.3645575088980486,0.2703523002160068,13068900,11677425
NIFTY25122325950PE,buy,current,2025-12-19T13:15:00+05:30,86.05,2025-12-19T13:21:00+05:30,75.25,candle_reversal,1,65,-701.9999999999998,9.5625,9.505,6.639592951881803,7.435919268599841,0.2991443016787657,0.2790851856917876,12484275,11982375
NIFTY25122326000CE,buy,current,2025-12-19T13:25:00+05:30,59.5,2025-12-19T15:09:00+05:30,67.45,eod_square_off,1,65,516.7500000000002,9.5125,9.5025,7.222672971251337,6.008793305035753,0.28419879192799036,0.40823620892278056,23965275,18834525
NIFTY25122326100CE,buy,current,2025-12-22T11:00:00+05:30,84.55,2025-12-22T12:35:00+05:30,79.35,candle_reversal,1,65,-338.00000000000017,9.7175,9.6975,5.3005246422427295,4.53228700326703,1.0329924567306634,1.0923852122794802,15686775,15245100
NIFTY25122326150CE,buy,current,2025-12-22T13:30:00+05:30,51.55,2025-12-22T14:21:00+05:30,48.0,candle_reversal,1,65,-230.74999999999983,9.7275,9.7275,4.6614990975552155,5.341728856659466,1.0711258359529883,1.0953095896101162,17215725,16925850
NIFTY25122326150CE,buy,current,2025-12-22T14:30:00+05:30,50.15,2025-12-22T15:09:00+05:30,53.95,eod_square_off,1,65,247.00000000000028,9.7225,9.6625,5.760145492385192,5.000990520891209,1.0947758593565062,1.1268807928334026,16713150,12536625
NIFTY25122326200CE,buy,current,2025-12-23T10:00:00+05:30,26.75,2025-12-23T10:21:00+05:30,21.6,candle_reversal,1,65,-334.7499999999999,9.5075,9.465,7.600726145738136,5.9602172023871205,0.8799888251713016,1.2084288895345432,36887925,33676200
NIFTY25122326200CE,buy,current,2025-12-23T10:45:00+05:30,23.35,2025-12-23T10:56:00+05:30,20.8,candle_reversal,1,65,-165.75000000000006,9.49,9.475,5.525019693843738,5.197872971129961,1.061759007859913,1.0929085346146827,40777050,41256225
NIFTY25122326200CE,buy,current,2025-12-23T11:15:00+05:30,22.9,2025-12-23T11:36:00+05:30,14.9,stop,1,65,-519.9999999999999,9.4925,9.4775,5.253155610576817,5.23466218780679,1.0835511559890953,1.1152255186929938,42956925,42967125
NIFTY25122326150PE,buy,current,2025-12-23T11:50:00+05:30,19.55,2025-12-23T12:04:00+05:30,12.7,stop,1,65,-445.2500000000001,9.4625,9.47,5.226598669087552,5.117878709385151,1.066206681904204,1.0488247030642355,43842975,44092875
NIFTY25123026200PE,buy,current,2025-12-24T11:05:00+05:30,81.0,2025-12-24T14:46:00+05:30,95.8,candle_reversal,1,65,961.9999999999998,9.2625,9.2175,6.961678406944777,7.05279842213536,2.309874751794715,1.5933737275648483,16615050,10403925
NIFTY25123026100PE,buy,current,2025-12-26T09:45:00+05:30,74.25,2025-12-26T15:09:00+05:30,86.85,eod_square_off,1,65,818.9999999999997,9.1675,9.1825,8.553262030129115,6.732726128177755,1.3667986462677744,0.9033290661630454,15031350,8823825
NIFTY25123026000PE,buy,current,2025-12-29T10:00:00+05:30,35.6,2025-12-29T12:58:00+05:30,59.95,candle_reversal,1,65,1582.75,9.5475,9.6575,7.906501157141343,5.614539095873598,1.134989889685429,0.6387134836160803,25182950,20534000
NIFTY25123026000PE,buy,current,2025-12-29T13:15:00+05:30,68.1,2025-12-29T13:45:00+05:30,85.25,candle_reversal,1,65,1114.7500000000005,9.72,9.685,5.830386059632461,6.300421979533177,0.6276438925208091,0.5525808523607203,19718750,15074575
NIFTY25123026000CE,buy,current,2025-12-29T14:25:00+05:30,35.9,2025-12-29T14:42:00+05:30,28.35,candle_reversal,1,65,-490.74999999999983,9.6375,9.675,7.272439431315477,6.372976492170918,0.5997467789153339,0.6342508336358544,34448075,33579025
NIFTY25123026000CE,buy,current,2025-12-30T09:45:00+05:30,18.4,2025-12-30T09:48:00+05:30,11.95,stop,1,65,-419.24999999999994,9.9025,9.945,8.643911431518411,9.108743867024168,0.8896868683807097,0.9371496643011419,29430075,29762650
NIFTY25123025900PE,buy,current,2025-12-30T09:50:00+05:30,31.95,2025-12-30T09:52:00+05:30,20.75,stop,1,65,-728.0,9.9225,9.8675,8.843833590808,9.56153513083264,0.9251287795945372,0.8980583041205861,32679600,32717850
NIFTY25123026000CE,buy,current,2025-12-30T10:15:00+05:30,21.05,2025-12-30T10:39:00+05:30,18.0,candle_reversal,1,65,-198.25000000000006,9.87,9.85,7.975565926732375,6.688329745530766,0.9458840244352398,1.1160187037743152,33937650,33969825
NIFTY25123026000CE,buy,current,2025-12-30T10:40:00+05:30,17.6,2025-12-30T10:45:00+05:30,13.5,candle_reversal,1,65,-266.5000000000001,9.85,9.81,6.688329745530766,6.496168590029341,1.104845256322562,1.0914303474890443,34547775,34763275
NIFTY25123025900PE,buy,current,2025-12-30T11:15:00+05:30,19.95,2025-12-30T11:43:00+05:30,21.9,candle_reversal,1,65,126.74999999999996,9.8125,9.825,6.570530633574701,6.027505267220238,0.876507015023047,0.7260549265774839,38216850,32831475
NIFTY25123025900PE,buy,current,2025-12-30T11:45:00+05:30,19.2,2025-12-30T12:40:00+05:30,22.9,candle_reversal,1,65,240.49999999999994,9.775,9.8725,5.7969691767044536,5.969900888074476,0.7249114875770044,0.7036395982874278,32831475,30612525
NIFTY26010626050PE,buy,current,2025-12-31T09:45:00+05:30,116.95,2025-12-31T10:10:00+05:30,102.9,candle_reversal,1,65,-913.2499999999998,9.5225,9.4725,11.42014847022922,8.928771349523153,0.2354141373471447,0.22019551089509037,3290170,3643575
NIFTY26010626100CE,buy,current,2025-12-31T10:20:00+05:30,80.6,2025-12-31T10:37:00+05:30,88.6,candle_reversal,1,65,520.0,9.4275,9.3675,7.417258206056012,5.996651814182038,0.22874611381015475,0.29169827928053893,9974705,9357075
NIFTY26010626100CE,buy,current,2025-12-31T10:45:00+05:30,99.05,2025-12-31T11:24:00+05:30,92.7,candle_reversal,1,65,-412.74999999999966,9.43,9.3775,6.350074796918589,5.583036111180156,0.3273674098791648,0.40600696222819693,8211320,9064185
NIFTY26010626200PE,buy,current,2026-01-01T10:00:00+05:30,97.75,2026-01-01T10:26:00+05:30,104.65,candle_reversal,1,65,448.50000000000034,9.305,9.2475,10.661786715381586,9.079713329989401,0.6292579138454919,0.49205850614681595,9435985,7129135
NIFTY26010626100PE,buy,current,2026-01-01T11:45:00+05:30,55.7,2026-01-01T12:28:00+05:30,53.9,candle_reversal,1,65,-117.00000000000028,9.225,9.2425,6.742692947289043,7.124241866361413,0.585765497725471,0.4998942152906989,11336910,11105965
NIFTY26010626100PE,buy,current,2026-01-01T12:40:00+05:30,57.95,2026-01-01T12:48:00+05:30,51.75,candle_reversal,1,65,-403.00000000000017,9.2475,9.225,7.734556523001969,7.992774701148801,0.5091947617720813,0.5033755010123209,11610560,11642930
NIFTY26010626200CE,buy,current,2026-01-01T12:50:00+05:30,64.45,2026-01-01T13:24:00+05:30,59.7,candle_reversal,1,65,-308.75,9.2075,9.195,7.893290793924043,7.050754102557767,0.5094102211133098,0.5346756133410407,15407340,15202525
NIFTY26010626200CE,buy,current,2026-01-01T13:55:00+05:30,63.0,2026-01-01T15:09:00+05:30,64.6,eod_square_off,1,65,103.99999999999963,9.1825,9.1675,6.828528629006409,8.503712627567078,0.5066300584703788,0.5282512907053668,15462655,14199055
NIFTY26010626200CE,buy,current,2026-01-02T09:45:00+05:30,110.55,2026-01-02T10:07:00+05:30,121.05,candle_reversal,1,65,682.5,9.2425,9.3625,10.729623046795727,7.394314460005659,0.944203503695862,1.2452877088890983,14203800,10704915
NIFTY26010626300CE,buy,current,2026-01-02T10:15:00+05:30,65.7,2026-01-02T11:59:00+05:30,71.8,candle_reversal,1,65,396.49999999999966,9.37,9.415,7.08217629448113,5.322810774778375,1.222053178225546,1.435911013569984,14232855,15157675
NIFTY26010626300CE,buy,current,2026-01-05T09:50:00+05:30,66.0,2026-01-05T12:03:00+05:30,63.65,candle_reversal,1,65,-152.75000000000009,10.05,10.1275,12.108728281442385,7.529504811748533,0.9947368917812454,1.285440022901167,24240190,14869400
NIFTY26010626350CE,buy,current,2026-01-05T12:05:00+05:30,39.55,2026-01-05T13:12:00+05:30,32.45,candle_reversal,1,65,-461.49999999999966,10.12,10.0625,7.2952544680522085,5.011918634036588,1.2778087772359732,1.2613986980118483,21257145,22070425
NIFTY26010626300PE,buy,current,2026-01-05T13:35:00+05:30,57.9,2026-01-05T15:09:00+05:30,96.2,eod_square_off,1,65,2489.5000000000005,10.0425,10.04,5.529384803733036,7.49161003091511,1.0040024107931338,0.6715122098849081,26415220,10382125
NIFTY26010626300CE,buy,current,2026-01-06T10:00:00+05:30,22.7,2026-01-06T10:10:00+05:30,14.75,stop,1,65,-516.75,10.1675,10.17,10.210722835515556,9.857969382829593,0.7792533924780067,0.9621575833084169,33644715,33033260
NIFTY26010626200PE,buy,current,2026-01-06T10:25:00+05:30,23.4,2026-01-06T11:30:00+05:30,48.4,candle_reversal,1,65,1625.0,10.1875,10.1725,8.784381832887659,8.071483134757349,0.896180434957507,0.4618067165556641,43718675,18833295
NIFTY26010626150PE,buy,current,2026-01-06T11:35:00+05:30,20.2,2026-01-06T11:44:00+05:30,13.15,stop,1,65,-458.24999999999994,10.1725,10.13,7.613430076316993,7.247273744662139,0.4931547408194592,0.5186609722261949,26367055,29214510
NIFTY26010626150PE,buy,current,2026-01-06T12:10:00+05:30,19.65,2026-01-06T12:54:00+05:30,12.75,stop,1,65,-448.4999999999999,10.1675,10.1975,7.379019744810298,6.442676055302486,0.5524587567686957,0.548610355744974,31418400,35298510
NIFTY26011326000PE,buy,current,2026-01-07T09:45:00+05:30,51.25,2026-01-07T09:57:00+05:30,47.6,candle_reversal,1,65,-237.24999999999991,10.1325,10.1075,12.379788532096105,11.059608106997254,8.536056431351978,7.694216476626238,7848490,8033025
NIFTY26011326000CE,buy,current,2026-01-07T10:05:00+05:30,216.0,2026-01-07T10:30:00+05:30,207.95,candle_reversal,1,65,-523.2500000000007,10.1,10.06,9.628703291802688,8.91490295153024,7.992840328344737,9.814190920802915,2645045,2287025
NIFTY26011326000CE,buy,current,2026-01-07T10:55:00+05:30,235.5,2026-01-07T13:27:00+05:30,167.2,candle_reversal,1,65,-4439.500000000001,10.02,9.9775,7.58539211552474,6.340394754899237,9.408784236031163,6.9287019066103435,2324270,3096990
NIFTY26011326000PE,buy,current,2026-01-07T13:30:00+05:30,52.9,2026-01-07T13:50:00+05:30,47.55,candle_reversal,1,65,-347.7500000000001,9.99,9.9775,6.259830171316335,5.755536351089725,6.596405051382255,6.0818268315889625,8933600,8842730
NIFTY26011326050CE,buy,current,2026-01-08T09:40:00+05:30,120.85,2026-01-08T10:10:00+05:30,102.7,candle_reversal,1,65,-1179.7499999999995,10.0625,10.0275,11.33137108139981,8.904682144829767,4.454774584825296,4.3578260167220915,3710655,4007965
NIFTY26011326000PE,buy,current,2026-01-08T10:15:00+05:30,57.05,2026-01-08T12:16:00+05:30,118.9,candle_reversal,1,65,4020.2500000000005,10.0275,10.68,9.014078163746422,8.853173647714767,4.062732068554288,1.2664731750219878,9557210,7071415
NIFTY26011325900PE,buy,current,2026-01-08T12:20:00+05:30,83.15,2026-01-08T13:46:00+05:30,74.75,candle_reversal,1,65,-546.0000000000003,10.815,10.7325,8.811670008756941,6.869546950972169,1.30080889698277,1.1533098001891486,6746155,7959185
NIFTY26011326000CE,buy,current,2026-01-09T09:45:00+05:30,50.65,2026-01-09T10:55:00+05:30,39.6,candle_reversal,1,65,-718.2499999999998,10.655,10.5525,16.422033443662013,9.405185158950983,1.360176323980294,1.3669085484472852,20421895,21106085
NIFTY26011325800PE,buy,current,2026-01-09T11:00:00+05:30,69.05,2026-01-09T13:22:00+05:30,120.6,candle_reversal,1,65,3350.75,10.64,10.86,9.957983478883722,7.660204409962456,1.2362271921033023,0.7033294188249132,17560790,7943325
NIFTY26011325700PE,buy,current,2026-01-09T13:25:00+05:30,78.1,2026-01-09T13:37:00+05:30,68.0,candle_reversal,1,65,-656.4999999999997,10.9175,10.87,7.6434925779779395,8.44739963721728,0.6922618560866617,0.7169748255990295,16628495,16862170
NIFTY26011325700PE,buy,current,2026-01-09T13:45:00+05:30,84.2,2026-01-09T14:00:00+05:30,81.95,candle_reversal,1,65,-146.25,10.9375,10.93,8.75669527399153,8.453608165256748,0.7081096239520613,0.6405593606000664,17073095,15841865
NIFTY26011325600CE,buy,current,2026-01-12T09:50:00+05:30,83.0,2026-01-12T09:58:00+05:30,72.9,candle_reversal,1,65,-656.4999999999997,11.7925,11.815,16.012431401727103,14.499362845389072,0.45599276290167706,0.49820243696465194,16287830,15405780
NIFTY26011325600PE,buy,current,2026-01-12T10:00:00+05:30,87.75,2026-01-12T12:21:00+05:30,57.05,stop,1,65,-1995.5000000000002,11.81,11.435,14.24940835643271,16.260743296836544,0.49820243696465194,0.370371520332224,20690735,15745405
NIFTY26011325700CE,buy,current,2026-01-12T12:25:00+05:30,74.15,2026-01-12T14:36:00+05:30,83.35,candle_reversal,1,65,597.9999999999993,11.5625,11.535,16.67452734079793,10.342406751493275,0.4292841488743269,0.7779167577811794,15554175,10735335
NIFTY26011325700PE,buy,current,2026-01-13T09:45:00+05:30,32.75,2026-01-13T10:04:00+05:30,38.05,candle_reversal,1,65,344.49999999999983,11.5275,11.62,14.017465057939466,14.809471884055627,0.5459130056890013,0.5151602478259004,18912400,19527495
NIFTY26011325800CE,buy,current,2026-01-13T10:10:00+05:30,41.7,2026-01-13T10:18:00+05:30,27.1,stop,1,65,-949.0000000000001,11.59,11.5425,13.91437355760758,14.450205820969888,0.5474837545896549,0.5728933421777428,29742635,30236830
NIFTY26011325800CE,buy,current,2026-01-13T10:30:00+05:30,57.65,2026-01-13T10:36:00+05:30,37.45,stop,1,65,-1312.9999999999998,11.4025,11.4425,13.547178029426046,14.707428478816464,0.615667164217353,0.741761513172087,30805385,24946155
NIFTY26011325700PE,buy,current,2026-01-13T10:45:00+05:30,24.6,2026-01-13T10:51:00+05:30,16.0,stop,1,65,-559.0000000000001,11.47,11.42,13.5915595066796,13.60630201336819,0.7023499085389168,0.6884851479131009,23565100,24203270
NIFTY26011325900CE,buy,current,2026-01-13T11:35:00+05:30,16.25,2026-01-13T11:44:00+05:30,10.55,stop,1,65,-370.49999999999994,11.3175,11.3125,9.150250523528712,9.014285088568176,0.7633274964130319,0.7945736419148647,36064015,36219235
NIFTY26011325700PE,buy,current,2026-01-13T11:55:00+05:30,19.4,2026-01-13T11:56:00+05:30,12.6,stop,1,65,-441.99999999999994,11.3425,11.33,9.613118776103821,10.393454454905736,0.7888996343565586,0.7673127274511067,29407300,29265080
NIFTY26012025500PE,buy,current,2026-01-14T09:45:00+05:30,60.75,2026-01-14T09:53:00+05:30,50.35,candle_reversal,1,65,-675.9999999999999,11.2975,11.2975,16.310638526621442,14.906034787960722,19.5248050756765,18.471880712570343,6270680,6149585
NIFTY26012025500CE,buy,current,2026-01-14T09:55:00+05:30,332.1,2026-01-14T10:46:00+05:30,254.7,candle_reversal,1,65,-5031.000000000002,11.255,11.3225,15.394889445963528,12.688926771830948,18.565341517379203,17.903468151938085,994240,1077570
NIFTY26012025500PE,buy,current,2026-01-14T10:50:00+05:30,54.15,2026-01-14T11:49:00+05:30,36.0,candle_reversal,1,65,-1179.75,11.2725,11.185,12.879308351935977,8.796158761768696,17.90761503564485,19.774994083240355,6720350,7226895
NIFTY26012025500CE,buy,current,2026-01-14T11:50:00+05:30,333.15,2026-01-14T13:40:00+05:30,238.0,candle_reversal,1,65,-6184.749999999998,11.2075,11.2575,8.796158761768696,9.094722751209856,19.77566269948607,19.85385437238968,990600,1055665
NIFTY26012025500PE,buy,current,2026-01-14T13:45:00+05:30,58.75,2026-01-14T14:42:00+05:30,55.7,candle_reversal,1,65,-198.24999999999983,11.2675,11.37,9.451907447347647,10.180237503077308,18.088758667239368,15.091561100272045,6845020,5658445
NIFTY26012025500CE,buy,current,2026-01-16T09:45:00+05:30,278.0,2026-01-16T11:45:00+05:30,342.7,candle_reversal,1,65,4205.499999999999,11.2325,11.305,13.196513291585445,7.432931346369207,23.517140086698607,32.66013295867315,1244295,952770
NIFTY26012025500CE,buy,current,2026-01-16T11:55:00+05:30,352.0,2026-01-16T12:00:00+05:30,327.95,candle_reversal,1,65,-1563.2500000000007,11.31,11.315,8.00792310074552,7.6632797418041125,32.34112117933459,31.85176494250947,966355,984100
NIFTY26012025500PE,buy,current,2026-01-16T12:30:00+05:30,29.1,2026-01-16T13:47:00+05:30,29.8,candle_reversal,1,65,45.49999999999996,11.3825,11.4075,9.737577547279674,10.241496741206147,32.239204525491026,24.942411178831573,10314395,10182705
NIFTY26012025400PE,buy,current,2026-01-16T13:50:00+05:30,16.55,2026-01-16T15:09:00+05:30,18.1,eod_square_off,1,65,100.75000000000004,11.4,11.3675,10.166137496243929,8.166749072637481,25.29037163189587,26.185804924553732,7961200,8141835
NIFTY26012025500PE,buy,current,2026-01-19T09:40:00+05:30,58.5,2026-01-19T10:59:00+05:30,58.35,candle_reversal,1,65,-9.749999999999908,12.0025,11.905,16.815765858454427,8.565715018507788,9.157668162806523,4.481249979153673,17335500,20427225
NIFTY26012025500PE,buy,current,2026-01-19T11:00:00+05:30,58.1,2026-01-19T11:36:00+05:30,61.45,candle_reversal,1,65,217.75000000000009,11.9325,11.895,8.565715018507788,7.020408078952323,4.481249979153673,4.881542483749246,20427225,22301110
NIFTY26012025500PE,buy,current,2026-01-19T11:40:00+05:30,55.2,2026-01-19T12:16:00+05:30,54.75,candle_reversal,1,65,-29.250000000000185,11.925,11.88,7.002819442222305,6.6033208215886585,4.8695947802197805,4.805041570446279,21983325,23252515
NIFTY26012025500CE,buy,current,2026-01-19T13:00:00+05:30,100.0,2026-01-19T13:26:00+05:30,88.05,candle_reversal,1,65,-776.7500000000002,11.9225,11.8825,8.607789824664208,7.681506315882698,5.2668789483542495,5.863535038300977,13554450,12921415
NIFTY26012025500CE,buy,current,2026-01-19T13:40:00+05:30,101.15,2026-01-19T14:12:00+05:30,136.5,candle_reversal,1,65,2297.7499999999995,11.87,11.7675,7.19896633735643,9.900557791950561,5.695839510748702,11.907706477875001,13093470,5478915
NIFTY26012025500CE,buy,current,2026-01-19T14:15:00+05:30,131.6,2026-01-19T14:28:00+05:30,131.95,candle_reversal,1,65,22.74999999999963,11.7875,11.81,9.563236055304168,8.483914861945713,12.049959202704278,11.66674036181778,5511480,5680805
NIFTY26012025500PE,buy,current,2026-01-20T09:40:00+05:30,77.2,2026-01-20T10:37:00+05:30,50.2,stop,1,65,-1755.0,12.2625,12.2525,13.495310455291968,11.010672053770435,2.555321359433744,2.4920348268461816,18488405,21732295
NIFTY26012025500CE,buy,current,2026-01-20T10:40:00+05:30,48.8,2026-01-20T10:52:00+05:30,33.9,candle_reversal,1,65,-968.4999999999999,12.195,12.2275,10.954099883098076,8.767640804057033,2.719428058596416,2.620462042585298,35032205,36444135
NIFTY26012025400PE,buy,current,2026-01-20T11:05:00+05:30,23.9,2026-01-20T11:29:00+05:30,15.55,stop,1,65,-542.7499999999999,12.2425,12.2275,8.035812610082058,8.016505553314985,2.1332697186835334,1.854441681262576,27776645,29596580
NIFTY26012025450PE,buy,current,2026-01-20T11:35:00+05:30,28.85,2026-01-20T11:50:00+05:30,25.5,candle_reversal,1,65,-217.75000000000009,12.225,12.195,7.946598787720791,6.693985750577006,1.883829938656489,1.9253532770562838,25334140,28153515
NIFTY26012025500CE,buy,current,2026-01-20T11:55:00+05:30,32.4,2026-01-20T12:02:00+05:30,21.05,stop,1,65,-737.7499999999999,12.19,12.165,7.219151578046301,7.836961632319159,1.9137898095708752,2.0114453321551733,47782800,46769515
NIFTY26012025400CE,buy,current,2026-01-20T14:30:00+05:30,24.2,2026-01-20T14:35:00+05:30,15.75,stop,1,65,-549.25,12.3975,12.425,9.714887465870287,9.376762439843615,1.0270173923865173,1.0753859634406093,43677855,44122650
NIFTY26012725200PE,buy,current,2026-01-21T09:40:00+05:30,124.6,2026-01-21T11:12:00+05:30,233.35,candle_reversal,1,65,7068.75,13.0725,13.885,26.630414140089947,16.513642726066294,1.829700997988245,0.626579013444726,12480715,4330105
NIFTY26012725000PE,buy,current,2026-01-21T11:15:00+05:30,128.4,2026-01-21T12:01:00+05:30,111.2,candle_reversal,1,65,-1118.0000000000002,13.935,13.8075,18.65334500359803,12.558812067763066,0.6411945976970012,0.7782301451129787,11260145,13003380
NIFTY26012725200CE,buy,current,2026-01-21T12:05:00+05:30,141.5,2026-01-21T15:09:00+05:30,149.25,eod_square_off,1,65,503.75,13.68,13.825,13.390728904109114,14.53560840817862,0.7981130553784348,1.1217248943935545,8407230,6869915
NIFTY26012725400PE,buy,current,2026-01-22T10:05:00+05:30,123.9,2026-01-22T10:36:00+05:30,159.85,candle_reversal,1,65,2336.749999999999,13.3875,13.445,14.235298993477173,16.492367519821173,2.1047811070899294,1.50661104370018,8485815,5244005
NIFTY26012725300PE,buy,current,2026-01-22T10:40:00+05:30,124.6,2026-01-22T13:35:00+05:30,150.15,candle_reversal,1,65,1660.7500000000007,13.58,13.9375,17.57920242020686,12.168374509505481,1.5105415203554873,0.9648262758012991,8646495,5403710
NIFTY26012725200PE,buy,current,2026-01-22T13:40:00+05:30,121.4,2026-01-22T14:29:00+05:30,91.2,candle_reversal,1,65,-1963.0000000000002,14.0375,13.6825,12.322152081580583,10.98880147731081,0.9641827145515675,0.9798263715473374,9163635,9053915
NIFTY26012725300CE,buy,current,2026-01-22T14:30:00+05:30,116.4,2026-01-22T15:09:00+05:30,142.15,eod_square_off,1,65,1673.75,13.66,13.435,10.98880147731081,13.945348569951777,0.9798263715473374,1.274572447828683,10586030,7781735
NIFTY26012725300PE,buy,current,2026-01-23T09:45:00+05:30,120.6,2026-01-23T10:31:00+05:30,86.75,candle_reversal,1,65,-2200.2499999999995,13.75,13.415,15.515381810725454,10.992619920075125,1.5346695657570235,1.3346933611354401,16300635,16147755
NIFTY26012725300PE,buy,current,2026-01-23T10:50:00+05:30,100.15,2026-01-23T11:12:00+05:30,95.8,candle_reversal,1,65,-282.75000000000057,13.495,13.4375,9.723758633854787,8.673255239119475,1.4525933951756522,1.3312771567887367,17851210,17108000
NIFTY26012725300PE,buy,current,2026-01-23T11:20:00+05:30,111.15,2026-01-23T14:04:00+05:30,243.95,candle_reversal,1,65,8631.999999999998,13.4125,14.2275,8.551325181897846,10.099363434658425,1.329401066811658,0.5100002758696791,16982875,5726955
NIFTY26012725100CE,buy,current,2026-01-27T09:40:00+05:30,90.45,2026-01-27T09:56:00+05:30,102.35,candle_reversal,1,65,773.4999999999994,15.365,15.42,27.76746575591637,22.923117190256203,0.5093123357118655,0.7350659671801686,15500810,10901865
NIFTY26012725200CE,buy,current,2026-01-27T10:00:00+05:30,61.65,2026-01-27T10:08:00+05:30,40.05,stop,1,65,-1404.0,15.3825,15.4225,21.064390840740877,19.139530312921618,0.7161953971500434,0.7172283349984436,16653325,17624620
NIFTY26012725200CE,buy,current,2026-01-27T10:15:00+05:30,54.5,2026-01-27T10:40:00+05:30,35.45,stop,1,65,-1238.2499999999998,15.29,15.2075,19.29415702643288,14.981392861115552,0.7145903445876695,0.7672078172974467,17674280,19374485
NIFTY26012725000PE,buy,current,2026-01-27T10:45:00+05:30,62.85,2026-01-27T11:21:00+05:30,40.85,stop,1,65,-1430.0,15.49,15.255,16.707402163325998,14.678910716110964,0.6471300002754827,0.4347860810234833,23981685,22850295
NIFTY26012725000PE,buy,current,2026-01-27T11:50:00+05:30,28.85,2026-01-27T12:24:00+05:30,18.75,stop,1,65,-656.5000000000001,15.12,15.0325,17.473852568378135,13.655577269821148,0.7112509956291604,0.7169506102580311,27310530,27452815
NIFTY26012725000PE,buy,current,2026-01-27T12:30:00+05:30,23.25,2026-01-27T12:54:00+05:30,21.65,candle_reversal,1,65,-104.00000000000009,15.09,15.1475,12.801989593703311,12.128657466557781,0.7194965163201459,0.6683449577418561,28173730,29202550
NIFTY26020325600PE,buy,current,2026-01-28T09:55:00+05:30,387.65,2026-01-28T12:06:00+05:30,339.6,candle_reversal,1,65,-3123.2499999999973,14.1575,13.625,16.576374204604463,6.963706142089911,0.12416082215840775,0.1181002165184942,465140,561275
NIFTY26020325700CE,buy,current,2026-01-28T12:10:00+05:30,82.1,2026-01-28T12:40:00+05:30,68.25,candle_reversal,1,65,-900.2499999999997,13.7025,13.765,7.462522738400457,7.953094083507565,0.1193114031295928,0.1167456946087904,2991820,3087240
NIFTY26020325600PE,buy,current,2026-01-28T12:45:00+05:30,384.15,2026-01-28T13:17:00+05:30,370.45,candle_reversal,1,65,-890.4999999999993,13.705,13.605,8.257173316301825,7.566640113073873,0.11735041425055985,0.11282565624511876,545285,542555
NIFTY26020325700PE,buy,current,2026-01-28T13:25:00+05:30,500.4,2026-01-28T13:55:00+05:30,509.95,candle_reversal,1,65,620.7500000000007,13.8125,13.7425,11.854237247612177,9.455003467669254,0.1136722568220164,0.11342636712437745,564200,564265
NIFTY26020325600PE,buy,current,2026-01-29T09:40:00+05:30,408.85,2026-01-29T10:15:00+05:30,440.25,candle_reversal,1,65,2040.9999999999986,13.71,13.8625,16.405428414442735,13.690481401376514,0.11506076876894715,0.10375363138668635,557050,572260
NIFTY26020325600PE,buy,current,2026-01-29T10:30:00+05:30,465.0,2026-01-29T13:04:00+05:30,314.25,candle_reversal,1,65,-9798.75,14.035,13.32,16.19154342209169,9.163265739541313,0.10183628106580586,0.10362250903773122,573300,557895
NIFTY26020325600CE,buy,current,2026-01-29T13:05:00+05:30,92.7,2026-01-29T14:08:00+05:30,109.9,candle_reversal,1,65,1118.0000000000002,13.345,13.405,9.163265739541313,8.10239110243095,0.10596546764252252,0.1370874377311308,3873935,3675295
NIFTY26020325600CE,buy,current,2026-01-29T14:15:00+05:30,114.15,2026-01-29T15:09:00+05:30,122.15,eod_square_off,1,65,520.0,13.3925,13.3675,9.157986766347326,11.493357454317714,0.13546575162827293,0.14424461138866376,3635125,3799965
NIFTY26020325600CE,buy,current,2026-01-30T09:40:00+05:30,80.55,2026-01-30T10:26:00+05:30,83.5,candle_reversal,1,65,191.75000000000017,13.7925,13.8025,20.4561167528621,11.034089517963709,0.09714513805178572,0.08756980639695944,5141435,5905770
NIFTY26020325600CE,buy,current,2026-01-30T10:40:00+05:30,87.25,2026-01-30T11:06:00+05:30,84.85,candle_reversal,1,65,-156.00000000000037,13.76,13.75,10.391096299325243,7.931143241412779,0.08690629731396848,0.08597343528375569,5919485,5991960
NIFTY26020325600PE,buy,current,2026-01-30T11:10:00+05:30,412.75,2026-01-30T11:41:00+05:30,397.75,candle_reversal,1,65,-975.0,13.895,13.8775,9.085940853274117,8.958902735337082,0.0844571038820997,0.08140167795942116,651820,633295
NIFTY26020325600CE,buy,current,2026-01-30T12:15:00+05:30,86.6,2026-01-30T12:19:00+05:30,83.55,candle_reversal,1,65,-198.24999999999983,13.8175,13.8525,8.34817247183715,8.635185770040076,0.0804243686956151,0.08078244149685623,6433635,6237400
NIFTY26020325600PE,buy,current,2026-01-30T13:05:00+05:30,399.25,2026-01-30T13:42:00+05:30,385.4,candle_reversal,1,65,-900.2500000000015,13.895,13.725,9.070555014429557,9.932967747214304,0.08192360889456325,0.08091266507611143,629330,602615
NIFTY26020325600PE,buy,current,2026-01-30T14:30:00+05:30,357.35,2026-01-30T14:39:00+05:30,354.75,candle_reversal,1,65,-169.00000000000148,13.7075,13.6875,9.000735053732708,9.196196393735546,0.09005853093935198,0.08924392307916776,668070,672165
NIFTY26020325700PE,buy,current,2026-02-02T09:45:00+05:30,847.35,2026-02-02T11:33:00+05:30,899.15,candle_reversal,1,65,3366.9999999999973,15.33,14.855,26.627049795217783,17.714395061717074,0.03838133776925574,0.037645463295126434,455260,430235
NIFTY26020325600PE,buy,current,2026-02-02T11:35:00+05:30,793.15,2026-02-02T13:00:00+05:30,651.05,candle_reversal,1,65,-9236.500000000002,14.8475,14.67,18.24193827159432,11.686186816944582,0.03774119532241071,0.03852249486515508,360295,342160
NIFTY26020325700CE,buy,current,2026-02-02T13:05:00+05:30,2.35,2026-02-02T13:15:00+05:30,2.25,candle_reversal,1,65,-6.500000000000005,14.6175,14.6225,11.641613694261483,11.21553433360465,0.039047145167309366,0.03919459140100179,7741955,7501065
NIFTY26020325600PE,buy,current,2026-02-02T13:20:00+05:30,733.55,2026-02-02T13:38:00+05:30,710.15,candle_reversal,1,65,-1520.9999999999986,14.63,14.495,12.377411133436107,12.587757709119824,0.03897321196545352,0.039124921773806234,335010,331630
NIFTY26020325600CE,buy,current,2026-02-02T13:45:00+05:30,3.05,2026-02-02T15:09:00+05:30,3.35,eod_square_off,1,65,19.500000000000018,14.3625,13.89,13.830760620600856,13.283444889532719,0.03915613689816392,0.038547644363457916,10389275,9849385
NIFTY26020325700PE,buy,current,2026-02-03T09:45:00+05:30,124.2,2026-02-03T09:51:00+05:30,81.25,candle_reversal,1,65,-2791.75,14.48,14.495,31.070501727245574,29.534156566227043,0.5505844978951816,0.43864200642580053,8714420,7743125
NIFTY26020325700PE,buy,current,2026-02-03T10:00:00+05:30,98.05,2026-02-03T10:16:00+05:30,91.6,candle_reversal,1,65,-419.25000000000017,14.495,14.5275,25.768386366929754,23.122517497947715,0.49362413344872363,0.40898467589545745,9729460,8732945
NIFTY26020325800CE,buy,current,2026-02-03T10:20:00+05:30,89.05,2026-02-03T11:47:00+05:30,91.05,candle_reversal,1,65,130.0,14.62,13.675,21.731895387387777,10.391449588817823,0.45716232844297205,0.8679053628554876,18552300,16662750
NIFTY26020326000CE,buy,current,2026-02-03T11:50:00+05:30,21.9,2026-02-03T12:18:00+05:30,16.65,candle_reversal,1,65,-341.25,13.66,13.59,9.993647859745732,8.65238339851292,0.8732491107567767,0.8440064638837645,32940245,36141430
NIFTY26020325800PE,buy,current,2026-02-03T12:30:00+05:30,77.0,2026-02-03T13:02:00+05:30,56.85,candle_reversal,1,65,-1309.75,13.6025,13.575,8.753376452513336,8.291490614804593,0.8269938228254482,0.7184298395634824,20580430,18596825
NIFTY26020325800CE,buy,current,2026-02-03T13:45:00+05:30,51.45,2026-02-03T13:58:00+05:30,33.45,stop,1,65,-1170.0,13.21,13.1,12.198871047383085,11.206254630847228,0.708223259879707,0.7294992042488981,27157715,27263470
NIFTY26021025800PE,buy,current,2026-02-04T09:40:00+05:30,197.3,2026-02-04T09:44:00+05:30,175.4,candle_reversal,1,65,-1423.5000000000005,12.9275,12.8475,17.835804696041755,16.95987476015849,0.379808960895034,0.3663003188263045,6774040,6627335
NIFTY26021025800CE,buy,current,2026-02-04T09:45:00+05:30,183.65,2026-02-04T09:53:00+05:30,157.05,candle_reversal,1,65,-1728.9999999999995,12.8725,12.8375,16.95987476015849,14.040658271930281,0.3663003188263045,0.42805514637323117,9102080,9103575
NIFTY26021025800CE,buy,current,2026-02-04T10:10:00+05:30,176.35,2026-02-04T10:19:00+05:30,158.4,candle_reversal,1,65,-1166.7499999999993,12.7225,12.6525,11.802652002714964,10.734485862395134,0.40908402075473976,0.4235481684032749,10043280,10230415
NIFTY26021025800PE,buy,current,2026-02-04T10:20:00+05:30,183.0,2026-02-04T12:11:00+05:30,178.35,candle_reversal,1,65,-302.25000000000034,12.605,12.205,10.734485862395134,7.8457437257787745,0.4235481684032749,0.3001711443302761,8729955,7085845
NIFTY26021025750PE,buy,current,2026-02-04T12:15:00+05:30,150.95,2026-02-04T13:08:00+05:30,152.3,candle_reversal,1,65,87.75000000000148,12.2275,12.0825,7.520371343125346,7.3009387719731205,0.30311331453027857,0.29734463672668676,5015725,5093855
NIFTY26021025800CE,buy,current,2026-02-04T13:35:00+05:30,145.6,2026-02-04T14:56:00+05:30,162.9,candle_reversal,1,65,1124.5000000000007,12.19,12.17,6.587917474776162,7.304347867614331,0.33823237187665933,0.4470200629678002,11114610,10160800
NIFTY26021025800PE,buy,current,2026-02-05T09:45:00+05:30,230.6,2026-02-05T10:13:00+05:30,213.95,candle_reversal,1,65,-1082.2500000000005,12.395,12.3,14.38948432812933,11.629056392226685,0.2483953916006703,0.1995644422935422,6259565,5452460
NIFTY26021025800CE,buy,current,2026-02-05T10:15:00+05:30,92.6,2026-02-05T10:30:00+05:30,93.5,candle_reversal,1,65,58.50000000000037,12.3025,12.2325,11.594838078496311,10.210476492162258,0.19956246697514557,0.2215628920240017,13171860,12491830
NIFTY26021025800PE,buy,current,2026-02-05T10:40:00+05:30,227.6,2026-02-05T11:06:00+05:30,221.0,candle_reversal,1,65,-428.99999999999966,12.32,12.2675,9.504778229135374,8.928417487932414,0.21072726962570354,0.18865299785484274,5772195,5372965
NIFTY26021025800CE,buy,current,2026-02-05T11:10:00+05:30,85.65,2026-02-05T11:19:00+05:30,82.85,candle_reversal,1,65,-182.00000000000074,12.19,12.2725,8.92636050327548,8.2763042789836,0.18800571339961725,0.195031757565773,13720655,13199875
NIFTY26021025800CE,buy,current,2026-02-05T11:40:00+05:30,88.4,2026-02-05T11:48:00+05:30,79.75,candle_reversal,1,65,-562.2500000000003,12.155,12.2725,7.809976264559194,8.513130089982848,0.19425373754393557,0.19729513794177447,13349570,13310180
NIFTY26021025800PE,buy,current,2026-02-05T11:50:00+05:30,223.0,2026-02-05T13:17:00+05:30,211.8,candle_reversal,1,65,-727.9999999999993,12.2625,12.1625,8.612192226412748,7.06794986840508,0.19542544996960415,0.17431890379782847,5553080,5169775
NIFTY26021025800PE,buy,current,2026-02-06T09:40:00+05:30,274.0,2026-02-06T09:48:00+05:30,262.75,candle_reversal,1,65,-731.25,12.205,12.2,13.353448075490698,12.124665969633869,0.12288060595128304,0.11489214193544108,3895970,3704480
NIFTY26021025750PE,buy,current,2026-02-06T10:05:00+05:30,238.0,2026-02-06T11:00:00+05:30,253.0,candle_reversal,1,65,975.0,12.1075,12.0625,11.602209945505027,9.977309917061236,0.10542335727356007,0.09625229350842343,1651455,1518725
NIFTY26021025800CE,buy,current,2026-02-06T11:15:00+05:30,36.0,2026-02-06T12:05:00+05:30,44.65,candle_reversal,1,65,562.2499999999999,11.98,11.9875,9.65537647637681,10.270831285459776,0.10691792241151822,0.12655591727307544,16076125,14361035
NIFTY26021025800CE,buy,current,2026-02-06T12:10:00+05:30,41.1,2026-02-06T15:09:00+05:30,52.3,eod_square_off,1,65,727.9999999999998,11.995,11.9225,9.41336584610605,9.222360172130115,0.12028776127135603,0.13147733255807467,14337570,13124085
NIFTY26021025800PE,buy,current,2026-02-09T09:40:00+05:30,81.95,2026-02-09T09:49:00+05:30,73.15,candle_reversal,1,65,-571.9999999999998,12.2675,12.21,14.47721269380518,11.937543813376363,0.3066860089152534,0.29921402290578997,15360670,16514940
NIFTY26021025800CE,buy,current,2026-02-09T10:05:00+05:30,104.05,2026-02-09T11:04:00+05:30,116.75,candle_reversal,1,65,825.5000000000002,12.1575,12.1575,8.26246353743554,6.36466701258365,0.3521229024181517,0.5913296206624601,23356840,15802410
NIFTY26021026000CE,buy,current,2026-02-09T11:05:00+05:30,31.95,2026-02-09T12:53:00+05:30,20.75,stop,1,65,-728.0,12.1575,12.0725,6.36466701258365,6.009093105404963,0.5913296206624601,0.5300079705358296,24444875,28297425
NIFTY26021025800PE,buy,current,2026-02-09T12:55:00+05:30,59.15,2026-02-09T13:01:00+05:30,50.85,candle_reversal,1,65,-539.4999999999998,12.0775,12.01,5.9548721693046085,5.750299960130475,0.5300079705358296,0.4982058528421615,26734825,25740390
NIFTY26021025900CE,buy,current,2026-02-09T13:10:00+05:30,54.85,2026-02-09T14:41:00+05:30,45.4,candle_reversal,1,65,-614.2500000000002,12.0625,12.055,5.39113555216201,5.448136138219774,0.48714450775851204,0.5293795907154525,20711990,20905105
NIFTY26021026000CE,buy,current,2026-02-10T10:20:00+05:30,25.5,2026-02-10T11:23:00+05:30,16.6,stop,1,65,-578.4999999999999,11.9375,11.9325,7.998479564895841,5.293241891421028,1.0562956363927465,1.0727385463644319,38472525,44127265
NIFTY26021026000CE,buy,current,2026-02-10T12:50:00+05:30,21.25,2026-02-10T13:00:00+05:30,13.8,stop,1,65,-484.24999999999994,11.8325,11.785,5.293906725492435,6.270497251564485,1.1134369673790738,1.1352631156639612,47794240,48932845
NIFTY26021025950PE,buy,current,2026-02-10T13:20:00+05:30,23.4,2026-02-10T14:07:00+05:30,42.4,candle_reversal,1,65,1235.0,11.745,11.77,6.949095520935958,7.839548520679787,1.0027526865179817,0.6935304042706024,44104515,17596085
NIFTY26021025900PE,buy,current,2026-02-10T14:10:00+05:30,18.95,2026-02-10T14:15:00+05:30,12.3,stop,1,65,-432.2499999999999,11.7925,11.795,7.983335204055782,7.759391111610753,0.6923174066713629,0.7146867034262444,44216445,47392540
NIFTY26021025950CE,buy,current,2026-02-10T14:20:00+05:30,9.6,2026-02-10T14:27:00+05:30,6.25,stop,1,65,-217.74999999999997,11.7875,11.815,7.331881756006017,7.215734946311543,0.7559627951590302,0.8165664448713257,50702535,50815310
NIFTY26021726000PE,buy,current,2026-02-11T09:40:00+05:30,144.3,2026-02-11T09:55:00+05:30,131.9,candle_reversal,1,65,-806.0000000000003,11.6075,11.5525,10.155599997179175,8.682609461902581,1.4525707666447722,1.2882769772363742,8486920,8275085
NIFTY26021725900PE,buy,current,2026-02-11T10:05:00+05:30,102.85,2026-02-11T10:18:00+05:30,90.0,candle_reversal,1,65,-835.2499999999997,11.5575,11.435,9.202062399920525,8.898025338594612,1.3294493603576627,1.2739324599586805,8787480,9222655
NIFTY26021726000CE,buy,current,2026-02-11T10:20:00+05:30,118.05,2026-02-11T11:40:00+05:30,115.55,candle_reversal,1,65,-162.5,11.485,11.3725,8.712452100123777,6.317041318591339,1.2857864855108136,1.8195127289062605,17940195,16117400
NIFTY26021726000CE,buy,current,2026-02-11T11:45:00+05:30,111.3,2026-02-11T12:24:00+05:30,101.85,candle_reversal,1,65,-614.2500000000002,11.385,11.3725,6.429572758753656,6.40517384167926,1.8163468573902184,1.5918505374057406,16125850,17427735
NIFTY26021725900PE,buy,current,2026-02-11T12:35:00+05:30,93.0,2026-02-11T12:50:00+05:30,99.4,candle_reversal,1,65,416.00000000000034,11.41,11.4925,6.337635318866974,7.965436134379205,1.5179439797704726,1.209385123839331,10108345,9155120
NIFTY26021726000CE,buy,current,2026-02-11T13:30:00+05:30,103.15,2026-02-11T13:51:00+05:30,94.1,candle_reversal,1,65,-588.2500000000007,11.44,11.375,6.193979271756255,7.055030992449844,1.2833289965089818,1.5942752648733185,19116890,17003610
NIFTY26021725900CE,buy,current,2026-02-12T10:00:00+05:30,107.3,2026-02-12T10:08:00+05:30,100.85,candle_reversal,1,65,-419.25000000000017,11.4975,11.53,9.738206711207756,9.18280381930219,1.0085079334345606,1.1038942338812483,11651315,11448190
NIFTY26021725900CE,buy,current,2026-02-12T10:15:00+05:30,112.0,2026-02-12T11:17:00+05:30,93.3,candle_reversal,1,65,-1215.5000000000002,11.5325,11.61,9.020308803921235,6.847762479457834,1.1097477601617436,1.0572784635478945,11370385,12740520
NIFTY26021725900PE,buy,current,2026-02-12T11:20:00+05:30,123.75,2026-02-12T12:08:00+05:30,134.35,candle_reversal,1,65,688.9999999999997,11.5825,11.6975,6.578682954226646,6.705317996967266,1.019967656412507,0.7841423312079479,8276060,6908590
NIFTY26021725800PE,buy,current,2026-02-12T12:10:00+05:30,85.8,2026-02-12T12:17:00+05:30,83.05,candle_reversal,1,65,-178.75,11.6925,11.69,6.762080997183889,6.641467860460613,0.7880659259282052,0.7862536841933856,8511945,8656960
NIFTY26021725900CE,buy,current,2026-02-12T13:25:00+05:30,98.55,2026-02-12T14:19:00+05:30,83.35,candle_reversal,1,65,-988.0000000000002,11.63,11.845,8.546670123044622,6.119712052750804,0.926602625768445,0.8082997114562368,13677300,14889290
NIFTY26021725800PE,buy,current,2026-02-12T14:20:00+05:30,79.5,2026-02-12T14:24:00+05:30,77.75,candle_reversal,1,65,-113.75,11.8,11.7675,6.119712052750804,6.454543488579906,0.8118328771541118,0.794285672714877,9091745,8766485
NIFTY26021725500PE,buy,current,2026-02-13T10:20:00+05:30,76.45,2026-02-13T10:27:00+05:30,72.2,candle_reversal,1,65,-276.25,12.3175,12.24,9.781407003969445,9.198238793446581,0.354812533997395,0.35812386756875236,12241840,12519845
NIFTY26021725600CE,buy,current,2026-02-13T10:35:00+05:30,99.15,2026-02-13T13:24:00+05:30,84.0,candle_reversal,1,65,-984.7500000000003,12.18,12.62,9.164201266382985,8.389189894151079,0.3817481025844536,0.44469744483338536,19997380,19257290
NIFTY26021725500PE,buy,current,2026-02-13T13:45:00+05:30,71.9,2026-02-13T15:09:00+05:30,114.45,eod_square_off,1,65,2765.75,12.7275,13.375,7.828269656257524,10.114668921552223,0.4127492421758152,0.2732721660139104,15847845,10194990
NIFTY26021725500PE,buy,current,2026-02-16T09:40:00+05:30,91.35,2026-02-16T10:03:00+05:30,70.15,candle_reversal,1,65,-1377.9999999999993,13.54,13.415,13.896938366278459,13.080721199975086,0.32215615881727777,0.27959927316029554,19249685,17429945
NIFTY26021725500CE,buy,current,2026-02-16T10:05:00+05:30,105.9,2026-02-16T10:23:00+05:30,115.4,candle_reversal,1,65,617.5,13.385,13.465,12.774955399977074,10.690689083525372,0.33336857648255747,0.4359561293114138,18120050,13546520
NIFTY26021725600CE,buy,current,2026-02-16T11:10:00+05:30,55.65,2026-02-16T12:40:00+05:30,68.9,candle_reversal,1,65,861.2500000000005,13.36,13.3375,8.356338104025768,7.331429388136942,0.39538844428262426,0.5389240350783775,20399990,19167785
NIFTY26021725500PE,buy,current,2026-02-16T14:10:00+05:30,49.2,2026-02-16T14:36:00+05:30,32.0,stop,1,65,-1118.0000000000002,13.365,13.3375,8.709240711391185,9.205531057477085,0.5193910987184567,0.7122079263576434,26448110,23847980
NIFTY26021725600CE,buy,current,2026-02-17T09:45:00+05:30,81.0,2026-02-17T10:35:00+05:30,119.55,candle_reversal,1,65,2505.75,13.12,12.935,14.502782259639542,9.281975783051044,0.6275997118376785,1.069079115989625,26452985,8512335
NIFTY26021725700CE,buy,current,2026-02-17T10:40:00+05:30,45.2,2026-02-17T10:44:00+05:30,29.4,stop,1,65,-1027.0000000000002,12.975,12.9525,8.67175292429496,9.644777489513672,0.982158162403622,0.9711724461210505,22109880,23100805
NIFTY26021725600PE,buy,current,2026-02-17T10:45:00+05:30,22.85,2026-02-17T11:16:00+05:30,14.85,stop,1,65,-520.0000000000001,12.95,12.96,9.644777489513672,7.719698833880761,0.9711724461210505,0.7769106313261248,37637015,35748570
NIFTY26021725700CE,buy,current,2026-02-17T11:30:00+05:30,35.25,2026-02-17T12:30:00+05:30,54.2,candle_reversal,1,65,1231.7500000000002,12.9,12.77,6.837846125302206,7.020875086776592,0.8242637421194187,1.1352014670965795,32267820,16696160
NIFTY26021725700PE,buy,current,2026-02-17T13:05:00+05:30,24.15,2026-02-17T13:07:00+05:30,15.7,stop,1,65,-549.25,12.6875,12.6525,7.522593935065573,8.607904109088398,1.1552281565055464,1.1552281565055464,43467775,43467775
NIFTY26021725700PE,buy,current,2026-02-17T14:00:00+05:30,18.7,2026-02-17T14:01:00+05:30,12.15,stop,1,65,-425.74999999999994,12.615,12.625,8.07567616021875,9.159384036106783,1.0088783058674773,1.0088783058674773,44365490,44365490
NIFTY26022425600PE,buy,current,2026-02-18T09:55:00+05:30,101.05,2026-02-18T10:49:00+05:30,99.25,candle_reversal,1,65,-116.99999999999982,12.4725,12.4025,10.520960708045903,7.60051743405535,3.0593685744774994,2.5689712702501057,6430580,7976670
NIFTY26022425600PE,buy,current,2026-02-18T10:50:00+05:30,97.95,2026-02-18T12:34:00+05:30,75.3,candle_reversal,1,65,-1472.2500000000005,12.395,12.31,7.60051743405535,6.4913905209993485,2.5689712702501057,3.397050584642076,7976670,8701485
NIFTY26022425650CE,buy,current,2026-02-18T12:35:00+05:30,182.55,2026-02-18T13:10:00+05:30,181.0,candle_reversal,1,65,-100.75000000000074,12.2825,12.315,6.4913905209993485,6.891073712771672,3.3799484888872877,3.8068386322735455,2958800,2472730
NIFTY26022425600CE,buy,current,2026-02-18T13:15:00+05:30,229.0,2026-02-18T13:28:00+05:30,219.0,candle_reversal,1,65,-650.0,12.29,12.2875,6.837971322117396,7.884616582915365,3.839320244119839,4.018035707975993,3680820,3496935
NIFTY26022425600PE,buy,current,2026-02-18T13:55:00+05:30,78.75,2026-02-18T14:00:00+05:30,74.05,candle_reversal,1,65,-305.50000000000017,12.3375,12.34,9.242563609692764,8.863882404485432,4.140982035187533,4.026542233630268,9083815,8890245
NIFTY26022425650CE,buy,current,2026-02-18T14:10:00+05:30,191.95,2026-02-18T15:09:00+05:30,252.55,eod_square_off,1,65,3939.0000000000014,12.2775,12.1525,7.180975040241369,8.494691277265812,4.023176065371756,4.623920170528914,2255435,1087450
NIFTY26022425500PE,buy,current,2026-02-19T09:45:00+05:30,36.6,2026-02-19T09:49:00+05:30,32.95,candle_reversal,1,65,-237.24999999999991,12.21,12.12,11.752903962258316,11.54858442698529,4.608820422886068,4.564226523904317,9674080,9658610
NIFTY26022425600CE,buy,current,2026-02-19T09:50:00+05:30,258.2,2026-02-19T09:54:00+05:30,246.15,candle_reversal,1,65,-783.2499999999989,12.125,12.23,11.54858442698529,10.990162409353866,4.564286895274627,4.544102766278994,2467465,2497690
NIFTY26022425600PE,buy,current,2026-02-19T10:00:00+05:30,56.6,2026-02-19T12:21:00+05:30,124.15,candle_reversal,1,65,4390.750000000001,12.2325,13.0925,9.687127334325142,10.688767041255137,4.491192152950094,1.929367328895361,7233070,6461000
NIFTY26022425600CE,buy,current,2026-02-19T13:10:00+05:30,160.75,2026-02-19T13:48:00+05:30,138.75,candle_reversal,1,65,-1430.0,13.1175,13.0575,9.845082520996318,8.63547859757484,1.6792161155535383,1.8539068691671923,9470110,9167275
NIFTY26022425600CE,buy,current,2026-02-19T14:20:00+05:30,138.95,2026-02-19T14:44:00+05:30,107.35,candle_reversal,1,65,-2053.9999999999995,13.0975,13.345,9.273351333360353,11.463455179451271,1.5847678305086415,1.5498242249920102,10277280,9997130
NIFTY26022425500CE,buy,current,2026-02-20T09:50:00+05:30,147.85,2026-02-20T10:38:00+05:30,188.7,candle_reversal,1,65,2655.2499999999995,14.1825,14.2125,16.25042828720214,10.858833984738583,1.1952661904142199,1.7137178824062944,14737060,10133240
NIFTY26022425600CE,buy,current,2026-02-20T10:40:00+05:30,149.5,2026-02-20T11:10:00+05:30,130.9,candle_reversal,1,65,-1208.9999999999995,14.2625,14.4525,10.986774414400216,9.335482772199883,1.7752193032771213,2.0175252046011214,12910560,13254540
NIFTY26022425600CE,buy,current,2026-02-20T11:30:00+05:30,145.4,2026-02-20T12:40:00+05:30,163.15,candle_reversal,1,65,1153.75,14.3925,14.2475,9.78826704453625,7.767968162347117,1.9086576264747144,2.699349543541112,13547300,9545445
NIFTY26022425500PE,buy,current,2026-02-20T13:10:00+05:30,108.0,2026-02-20T13:28:00+05:30,101.4,candle_reversal,1,65,-428.99999999999966,14.495,14.495,9.74850452288598,11.215912353810968,2.3661466531710498,2.1003426782961516,16471845,16223870
NIFTY26022425600PE,buy,current,2026-02-20T14:30:00+05:30,121.0,2026-02-20T15:09:00+05:30,133.45,eod_square_off,1,65,809.2499999999993,14.2275,14.3825,9.939438489820878,11.165220141410163,2.2426144936000387,2.4706239865895214,12343435,10314525
NIFTY26022425500PE,buy,current,2026-02-23T09:55:00+05:30,35.7,2026-02-23T12:08:00+05:30,38.8,candle_reversal,1,65,201.49999999999963,14.2625,14.185,13.4445336448409,7.38662212943445,3.5208042186614756,2.9645396772898014,15623140,16239600
NIFTY26022425600PE,buy,current,2026-02-23T12:10:00+05:30,72.5,2026-02-23T12:45:00+05:30,59.1,candle_reversal,1,65,-870.9999999999999,14.275,14.11,7.40543483447469,6.97392330038535,2.9645396772898014,2.9756331538521943,15235350,15770820
NIFTY26022425600PE,buy,current,2026-02-23T12:55:00+05:30,73.15,2026-02-23T14:31:00+05:30,47.55,stop,1,65,-1664.0000000000005,14.2325,14.115,8.67595382576426,9.791172154587773,3.1966512616961253,2.8299346632390336,16271905,16866265
NIFTY26022425500PE,buy,current,2026-02-24T10:15:00+05:30,66.65,2026-02-24T11:12:00+05:30,43.3,stop,1,65,-1517.7500000000005,14.0425,14.0425,9.943193337908761,7.107275024928208,1.1599019756048867,1.1186914828204244,23607220,24689340
NIFTY26022425600CE,buy,current,2026-02-24T11:30:00+05:30,20.65,2026-02-24T11:44:00+05:30,13.4,stop,1,65,-471.2499999999999,14.0475,14.075,7.136154382246284,7.295421789881024,1.2344799965896267,1.2395066790452491,34992035,34923200
NIFTY26022425500PE,buy,current,2026-02-24T11:55:00+05:30,50.25,2026-02-24T12:38:00+05:30,82.75,candle_reversal,1,65,2112.5,14.075,14.3175,7.105871301855708,7.633484934119771,1.209915438073334,0.8356360873138081,29862820,16049410
NIFTY26022425400PE,buy,current,2026-02-24T12:40:00+05:30,28.8,2026-02-24T13:55:00+05:30,35.4,candle_reversal,1,65,428.9999999999999,14.3125,14.6675,7.823950295968307,9.049209201989134,0.8356360873138081,0.7648207471586367,27573000,17061460
NIFTY26022425500CE,buy,current,2026-02-24T14:15:00+05:30,12.0,2026-02-24T14:17:00+05:30,7.8,stop,1,65,-273.0,14.425,14.4925,10.878507414787363,11.306917197626843,0.9509374832181298,0.9751804581072246,34542950,34542950
NIFTY26031024400CE,buy,current,2026-03-04T09:45:00+05:30,331.8,2026-03-04T09:59:00+05:30,290.0,candle_reversal,1,65,-2717.000000000001,20.315,20.775,23.412293151857487,16.536308922110106,1.5440369621715275,1.4788224970212218,4198740,4419805
NIFTY26031024300PE,buy,current,2026-03-04T10:00:00+05:30,300.65,2026-03-04T11:10:00+05:30,240.75,candle_reversal,1,65,-3893.4999999999986,20.9525,20.605,16.536308922110106,11.770042952085264,1.4788224970212218,1.6695752593462516,4726540,5505240
NIFTY26031024400CE,buy,current,2026-03-04T11:15:00+05:30,340.15,2026-03-04T11:19:00+05:30,330.0,candle_reversal,1,65,-659.7499999999985,20.76,20.745,12.386419636466844,11.500527042457785,1.718464084479294,1.785751955343524,4053920,3922685
NIFTY26031024400PE,buy,current,2026-03-04T11:25:00+05:30,298.65,2026-03-04T12:57:00+05:30,285.0,candle_reversal,1,65,-887.2499999999985,20.81,20.7475,11.510374373727064,8.48719638706565,1.728870620786719,1.3632558370755796,6380790,5893355
NIFTY26031024400CE,buy,current,2026-03-04T13:10:00+05:30,334.25,2026-03-04T14:23:00+05:30,415.0,candle_reversal,1,65,5248.75,20.805,21.155,8.255394823659163,12.329497666375813,1.4797932989743607,2.04586884062951,5036135,2920645
NIFTY26031024500PE,buy,current,2026-03-05T09:40:00+05:30,226.15,2026-03-05T09:45:00+05:30,197.2,candle_reversal,1,65,-1881.7500000000011,19.3025,19.0275,20.44468736120159,20.171858798102914,1.667512248581743,1.695356753105025,6435975,6538415
NIFTY26031024600CE,buy,current,2026-03-05T09:50:00+05:30,251.85,2026-03-05T10:14:00+05:30,233.3,candle_reversal,1,65,-1205.7499999999989,19.0125,19.13,18.35646499199884,12.375092742953877,1.7654016578550595,2.0920332512754647,6506110,5797155
NIFTY26031024500PE,buy,current,2026-03-05T10:30:00+05:30,209.45,2026-03-05T10:38:00+05:30,184.0,candle_reversal,1,65,-1654.2499999999993,19.175,18.9175,12.725730680371745,14.188341867851966,1.8485397805003072,1.7241669325135582,6818435,6612710
NIFTY26031024600CE,buy,current,2026-03-05T10:40:00+05:30,245.0,2026-03-05T11:23:00+05:30,251.55,candle_reversal,1,65,425.75000000000074,18.845,18.7575,14.221317448719526,9.845927157859322,1.764923379496845,2.2767486991146155,6486285,5571020
NIFTY26031024600PE,buy,current,2026-03-05T11:40:00+05:30,227.5,2026-03-05T12:30:00+05:30,199.0,candle_reversal,1,65,-1852.5,18.9025,18.6225,11.301381188327666,11.385451050583665,2.15734505877864,1.9357627254938752,7219875,7095205
NIFTY26031024650CE,buy,current,2026-03-06T09:45:00+05:30,225.75,2026-03-06T10:34:00+05:30,200.0,candle_reversal,1,65,-1673.75,18.3175,18.655,17.142149492217737,8.729933241374196,3.3882801098275905,3.3524004398922496,4160650,5043545
NIFTY26031024600PE,buy,current,2026-03-06T10:35:00+05:30,202.1,2026-03-06T11:02:00+05:30,195.75,candle_reversal,1,65,-412.74999999999966,18.6775,18.585,8.729933241374196,11.381577961661822,3.3524261316391475,2.1234062530415017,11779755,9243325
NIFTY26031024600PE,buy,current,2026-03-06T11:20:00+05:30,202.9,2026-03-06T11:49:00+05:30,191.35,candle_reversal,1,65,-750.7500000000007,18.715,18.6525,9.393096126372289,9.16735111732007,2.5850988189343704,2.7016441224561016,10328695,11252020
NIFTY26031024600CE,buy,current,2026-03-06T11:50:00+05:30,222.7,2026-03-06T12:04:00+05:30,211.65,candle_reversal,1,65,-718.2499999999989,18.655,18.72,9.16735111732007,7.7367610706624825,2.701679042984276,2.6970626777894973,7157995,7138365
NIFTY26031024600PE,buy,current,2026-03-06T12:30:00+05:30,215.4,2026-03-06T14:11:00+05:30,219.05,candle_reversal,1,65,237.25000000000037,18.8825,19.085,8.076175848979393,9.833564025519989,2.456343694189382,1.586049817694066,10587720,8097505
NIFTY26031024600CE,buy,current,2026-03-06T14:20:00+05:30,226.4,2026-03-06T14:41:00+05:30,198.4,candle_reversal,1,65,-1820.0,18.965,19.315,10.023003269978888,9.276742780984721,1.90001632964102,1.929620135825253,9782890,9463805
NIFTY26031024200PE,buy,current,2026-03-09T09:45:00+05:30,519.8,2026-03-09T10:09:00+05:30,454.8,candle_reversal,1,65,-4224.999999999996,24.455,24.1675,28.091291068403898,16.66432623016223,0.3822354290370792,0.331571427866823,1807000,1651780
NIFTY26031024200CE,buy,current,2026-03-09T10:10:00+05:30,72.4,2026-03-09T10:32:00+05:30,52.8,candle_reversal,1,65,-1274.0000000000005,24.1,24.23,16.66432623016223,14.531744078543536,0.3281905535255109,0.3111319831410125,4270565,4674280
NIFTY26031024300PE,buy,current,2026-03-09T10:35:00+05:30,572.0,2026-03-09T11:21:00+05:30,483.4,candle_reversal,1,65,-5759.000000000002,24.265,23.76,15.086299741193164,16.524479899856537,0.31343076185912794,0.28691592552624073,1608750,1401790
NIFTY26031024200CE,buy,current,2026-03-09T11:25:00+05:30,67.9,2026-03-09T12:09:00+05:30,64.0,candle_reversal,1,65,-253.50000000000037,23.745,23.8125,15.88807665451326,11.70495482580641,0.2850360799309239,0.27995202606418984,4598750,4744220
NIFTY26031024200CE,buy,current,2026-03-09T12:15:00+05:30,66.3,2026-03-09T14:01:00+05:30,82.55,candle_reversal,1,65,1056.25,23.8,24.31,12.03494459551486,11.878462472581019,0.2761427542231637,0.27253274573089525,4832490,5078840
NIFTY26031024150PE,buy,current,2026-03-10T09:40:00+05:30,119.55,2026-03-10T09:44:00+05:30,81.2,candle_reversal,1,65,-2492.7499999999995,20.4875,20.415,22.33425432330996,21.05828689397401,0.16933430634862834,0.16507633172729078,6344585,6140095
NIFTY26031024200CE,buy,current,2026-03-10T09:45:00+05:30,60.75,2026-03-10T09:58:00+05:30,42.7,candle_reversal,1,65,-1173.2499999999998,20.4025,20.8125,21.05828689397401,16.670306314238,0.16507633172729078,0.1707447493467792,23167560,24237590
NIFTY26031024150PE,buy,current,2026-03-10T10:00:00+05:30,109.5,2026-03-10T10:15:00+05:30,71.2,stop,1,65,-2489.5,20.755,20.435,16.500998720363807,15.78545782427687,0.1707447493467792,0.18633877059615142,7511985,9174555
NIFTY26031024200CE,buy,current,2026-03-10T10:20:00+05:30,84.0,2026-03-10T10:55:00+05:30,68.0,candle_reversal,1,65,-1040.0,20.3225,20.1675,15.570234041002712,11.629118897616767,0.2914359228880414,0.3509383196711413,17476810,19588920
NIFTY26031024200CE,buy,current,2026-03-10T11:10:00+05:30,77.4,2026-03-10T11:48:00+05:30,70.05,candle_reversal,1,65,-477.75000000000057,20.045,19.775,10.981168292666293,8.436139689765524,0.3355458302393135,0.49671066470094954,20270055,15328885
NIFTY26031024200PE,buy,current,2026-03-10T12:15:00+05:30,71.95,2026-03-10T12:48:00+05:30,61.95,candle_reversal,1,65,-650.0,19.92,19.805,10.614254040230142,10.92147972141442,0.39428386600404086,0.29224536084289904,23612745,17001530
NIFTY26031723800PE,buy,current,2026-03-11T09:40:00+05:30,126.05,2026-03-11T11:29:00+05:30,191.5,candle_reversal,1,65,4254.25,19.1175,20.2075,16.872638692891307,9.956026564606661,10.591040928134063,8.879534676340644,1956435,2162875
NIFTY26031723800PE,buy,current,2026-03-11T11:35:00+05:30,223.1,2026-03-11T12:03:00+05:30,207.25,candle_reversal,1,65,-1030.2499999999995,20.7825,20.4425,9.781808028746394,10.20975594291713,8.55284742468416,8.619534883720931,2158910,2305550
NIFTY26031723800CE,buy,current,2026-03-11T12:45:00+05:30,433.05,2026-03-11T13:47:00+05:30,410.0,candle_reversal,1,65,-1498.2500000000007,20.44,20.985,9.325080677493174,10.273572542614398,8.749828402153101,8.744782698532957,544570,612040
NIFTY26031723800CE,buy,current,2026-03-11T14:30:00+05:30,397.45,2026-03-11T14:59:00+05:30,360.9,candle_reversal,1,65,-2375.750000000001,20.8325,21.2,14.018832499000881,12.401804258279412,7.506722411044605,7.396558328667826,687960,714935
NIFTY26031723600PE,buy,current,2026-03-12T09:40:00+05:30,284.8,2026-03-12T09:52:00+05:30,255.6,candle_reversal,1,65,-1898.0000000000011,22.35,22.1,20.23571069583378,16.85624005388353,1.901960567979964,1.919838199816987,4269980,5143255
NIFTY26031723600CE,buy,current,2026-03-12T09:55:00+05:30,331.55,2026-03-12T10:07:00+05:30,319.1,candle_reversal,1,65,-809.2499999999993,22.0825,22.1175,15.92068657707289,14.710794239015192,2.032761806262558,2.2554092549906493,3006510,2620670
NIFTY26031723600PE,buy,current,2026-03-12T10:15:00+05:30,266.85,2026-03-12T11:00:00+05:30,196.9,candle_reversal,1,65,-4546.750000000001,22.3075,21.71,15.47425762206314,15.28640173177853,2.0935920915606037,1.912091548571454,5385445,5255770
NIFTY26031723700CE,buy,current,2026-03-12T11:05:00+05:30,311.6,2026-03-12T11:09:00+05:30,301.35,candle_reversal,1,65,-666.25,21.5875,21.6775,14.528475631542141,14.024300519616423,2.0466883466298573,2.142112879884226,3419065,3315520
NIFTY26031723700PE,buy,current,2026-03-12T11:10:00+05:30,227.7,2026-03-12T13:11:00+05:30,235.4,candle_reversal,1,65,500.50000000000114,21.6575,21.355,14.024300519616423,11.717954356251397,2.122376646176706,1.887030291814228,4775745,4735770
NIFTY26031723700CE,buy,current,2026-03-12T13:25:00+05:30,286.8,2026-03-12T13:51:00+05:30,306.3,candle_reversal,1,65,1267.5,21.035,21.1025,11.59748424390331,13.911887260016512,1.9239743241407417,2.355334869781106,3875950,2992730
NIFTY26031723400PE,buy,current,2026-03-13T09:45:00+05:30,217.1,2026-03-13T10:29:00+05:30,254.55,candle_reversal,1,65,2434.250000000001,21.6475,21.815,16.509964633778864,13.193235163648897,0.7763731481232221,0.3982967318672051,5396365,3483870
NIFTY26031723350PE,buy,current,2026-03-13T10:30:00+05:30,234.05,2026-03-13T10:52:00+05:30,219.25,candle_reversal,1,65,-962.0000000000007,21.7825,21.55,13.193235163648897,11.810224308414814,0.3982967318672051,0.3968638055104529,2509000,2841995
NIFTY26031723350PE,buy,current,2026-03-13T11:10:00+05:30,237.55,2026-03-13T13:29:00+05:30,333.35,candle_reversal,1,65,6227.000000000001,21.8325,22.4225,12.238157330808917,14.28722063645284,0.4129687758348212,0.2885080157898977,3335020,1402440
NIFTY26031723500CE,buy,current,2026-03-13T14:10:00+05:30,122.1,2026-03-13T14:55:00+05:30,114.0,candle_reversal,1,65,-526.4999999999997,22.5975,22.66,14.191391820723137,16.615069896153692,0.2677870748647404,0.29114172988267434,8298485,7147530
NIFTY26031723400PE,buy,current,2026-03-16T10:00:00+05:30,292.3,2026-03-16T11:16:00+05:30,330.25,candle_reversal,1,65,2466.749999999999,22.0875,21.9525,20.160232708933084,16.29289268824396,0.1972076580078813,0.15654348279303407,1575340,1149330
NIFTY26031723500PE,buy,current,2026-03-16T11:45:00+05:30,380.25,2026-03-16T13:39:00+05:30,395.1,candle_reversal,1,65,965.2500000000015,22.0275,22.0575,16.345016240760014,12.638633046006758,0.17398730993171385,0.15581034910903127,1524770,1445990
NIFTY26031723500PE,buy,current,2026-03-16T13:40:00+05:30,388.6,2026-03-16T14:21:00+05:30,302.15,candle_reversal,1,65,-5619.250000000003,22.0425,21.665,12.638633046006758,18.84102467637724,0.15581034910903127,0.15395639557570467,1445990,1436435
NIFTY26031723500CE,buy,current,2026-03-16T14:25:00+05:30,85.15,2026-03-16T15:09:00+05:30,116.5,eod_square_off,1,65,2037.7499999999995,21.64,21.5425,21.357518663994494,24.902498468147005,0.1940145814928768,0.3921483237192301,11380655,8826480
NIFTY26031723500CE,buy,current,2026-03-17T09:40:00+05:30,58.0,2026-03-17T10:27:00+05:30,83.6,candle_reversal,1,65,1663.9999999999995,20.68,20.085,22.847651374268953,13.506342065177236,0.38320985706661803,0.9705311268296472,19519500,13058370
NIFTY26031723600CE,buy,current,2026-03-17T10:30:00+05:30,24.35,2026-03-17T10:36:00+05:30,18.75,candle_reversal,1,65,-364.0000000000001,20.2425,20.36,14.893988821504815,16.47563306892824,0.9408892301811121,0.7469635551387293,15181400,15414165
NIFTY26031723500CE,buy,current,2026-03-17T10:50:00+05:30,74.45,2026-03-17T11:13:00+05:30,48.4,stop,1,65,-1693.2500000000002,20.28,20.335,16.699042236353826,14.22072951532202,0.5936941654772813,0.6821570184140147,19784310,17980625
NIFTY26031723400PE,buy,current,2026-03-17T11:15:00+05:30,47.85,2026-03-17T12:45:00+05:30,31.1,stop,1,65,-1088.75,20.3825,20.2575,14.212105978513202,14.103024132561146,0.6821570184140147,0.35766790852590735,22866935,19434480
NIFTY26031723500PE,buy,current,2026-03-17T13:40:00+05:30,41.0,2026-03-17T13:46:00+05:30,26.65,stop,1,65,-932.7500000000001,20.04,20.0625,13.351406480893115,13.749863503163658,0.939332708863018,0.876279470582044,27340690,25741365
NIFTY26031723500PE,buy,current,2026-03-17T14:20:00+05:30,12.8,2026-03-17T14:31:00+05:30,8.3,stop,1,65,-292.5,19.93,19.955,15.587835196339244,16.647885765703716,1.045799482381519,0.9464560616827778,32169410,31849610
NIFTY26032423200PE,buy,current,2026-03-18T10:00:00+05:30,92.25,2026-03-18T10:17:00+05:30,90.5,candle_reversal,1,65,-113.75,19.0,19.06,15.263685532093076,12.755319862367895,10.136148951949725,10.423279807617718,2340910,2553720
NIFTY26032423200CE,buy,current,2026-03-18T10:25:00+05:30,606.15,2026-03-18T12:00:00+05:30,671.2,candle_reversal,1,65,4228.250000000005,18.8675,18.9825,11.656364445244696,8.53513381266357,10.554584812200163,12.010066582117945,358670,310505
NIFTY26032423100CE,buy,current,2026-03-18T12:05:00+05:30,749.3,2026-03-18T13:32:00+05:30,771.25,candle_reversal,1,65,1426.750000000003,18.9825,18.885,8.645296408358115,9.664904946937842,12.203913491246139,11.738431677018633,342030,339040
NIFTY26032423200CE,buy,current,2026-03-18T13:35:00+05:30,699.0,2026-03-18T14:31:00+05:30,675.1,candle_reversal,1,65,-1553.4999999999986,18.8925,18.7225,10.407749673635234,10.569691740004247,11.75232426965418,11.99496479288777,336245,314665
NIFTY26032423200PE,buy,current,2026-03-19T09:40:00+05:30,225.5,2026-03-19T10:24:00+05:30,223.7,candle_reversal,1,65,-117.00000000000074,21.6175,21.4575,25.684845646411578,13.449961425500232,4.782616170931087,3.080260282714211,3464890,3952260
NIFTY26032423200CE,buy,current,2026-03-19T10:40:00+05:30,285.2,2026-03-19T11:40:00+05:30,251.2,candle_reversal,1,65,-2210.0,21.26,21.5675,12.379878497429916,10.089073595359022,3.8405688951319084,3.0442135718043137,3014635,3965130
NIFTY26032423200PE,buy,current,2026-03-19T11:45:00+05:30,230.6,2026-03-19T12:13:00+05:30,219.3,candle_reversal,1,65,-734.4999999999989,21.575,21.53,9.489190206087244,9.854603871010937,3.0214785560867456,2.9587250071468207,4722640,4716985
NIFTY26032423200CE,buy,current,2026-03-19T12:20:00+05:30,257.25,2026-03-19T14:05:00+05:30,196.4,candle_reversal,1,65,-3955.2499999999995,21.515,22.1775,10.479186958669235,11.76779256276362,3.086811482441015,1.9730716816571272,4104490,5379985
NIFTY26032423000PE,buy,current,2026-03-19T14:10:00+05:30,223.35,2026-03-19T15:09:00+05:30,264.75,eod_square_off,1,65,2691.0000000000005,22.4375,22.905,12.043179232223327,22.000975801912993,1.8666531086577571,1.2829763758791506,5347420,5137145
NIFTY26032423200PE,buy,current,2026-03-20T09:40:00+05:30,215.0,2026-03-20T10:26:00+05:30,218.95,candle_reversal,1,65,256.74999999999926,22.0675,22.2175,19.791323061542812,14.42837138706919,3.3448055076579775,3.0543452696752738,5372445,6087315
NIFTY26032423200PE,buy,current,2026-03-20T10:30:00+05:30,217.1,2026-03-20T10:42:00+05:30,201.05,candle_reversal,1,65,-1043.2499999999989,22.25,22.095,13.688349831410731,11.348391858493077,3.0656109215017064,3.346071469476578,6152575,6633835
NIFTY26032423200CE,buy,current,2026-03-20T10:50:00+05:30,303.7,2026-03-20T10:58:00+05:30,296.2,candle_reversal,1,65,-487.5,22.085,22.1525,12.479607101432714,11.69554715128308,3.8497795758757016,4.094168356997971,3758040,3515200
NIFTY26032423200CE,buy,current,2026-03-20T11:20:00+05:30,303.3,2026-03-20T11:44:00+05:30,286.7,candle_reversal,1,65,-1079.0000000000014,22.0975,22.14,11.493853167429247,9.839131466516788,4.169166027149093,4.528310417822718,3577015,3018405
NIFTY26032423200PE,buy,current,2026-03-20T11:55:00+05:30,216.1,2026-03-20T13:06:00+05:30,213.15,candle_reversal,1,65,-191.74999999999926,22.23,22.29,11.086775681100958,12.748582046240417,4.30649935520944,3.0963457273384445,7185230,6990230
NIFTY26032423200CE,buy,current,2026-03-20T13:30:00+05:30,276.95,2026-03-20T13:47:00+05:30,255.3,candle_reversal,1,65,-1407.2499999999986,22.405,22.5775,12.65685357106438,12.087074642144387,3.31125519864574,3.6247823167502826,4854005,4503265
NIFTY26032422700PE,buy,current,2026-03-23T09:50:00+05:30,246.0,2026-03-23T11:06:00+05:30,308.9,candle_reversal,1,65,4088.4999999999986,25.69,26.175,18.503426677666166,12.966902121066143,0.6447370634096667,0.327640412057555,8073845,3824210
NIFTY26032422700PE,buy,current,2026-03-23T11:10:00+05:30,293.0,2026-03-23T11:41:00+05:30,303.9,candle_reversal,1,65,708.4999999999985,26.0625,26.2575,15.762020393579709,12.91524834689653,0.3244026951446107,0.3144086310936099,3846050,3848520
NIFTY26032422700CE,buy,current,2026-03-23T11:55:00+05:30,150.15,2026-03-23T12:16:00+05:30,141.55,candle_reversal,1,65,-558.9999999999997,26.4225,26.6175,12.289295506483331,11.754118441379429,0.3154941403728716,0.3143236292127976,9282000,8948420
NIFTY26032422700CE,buy,current,2026-03-23T12:35:00+05:30,142.6,2026-03-23T12:56:00+05:30,137.7,candle_reversal,1,65,-318.50000000000034,26.7625,26.9975,13.74826572127048,13.517387422593519,0.2990471825214939,0.30633437420123893,9043840,8661835
NIFTY26032422700CE,buy,current,2026-03-23T13:35:00+05:30,142.0,2026-03-23T14:32:00+05:30,131.75,candle_reversal,1,65,-666.25,26.9775,26.6175,15.283875795487655,18.93625534063523,0.2886303782777837,0.3376366263883141,8996845,6709430
NIFTY26032422800PE,buy,current,2026-03-24T09:40:00+05:30,117.2,2026-03-24T09:55:00+05:30,126.7,candle_reversal,1,65,617.5,25.295,25.3425,24.852955383699165,20.327038544362157,0.4079470642765205,0.3035040732235835,11650015,8014045
NIFTY26032422700PE,buy,current,2026-03-24T10:00:00+05:30,78.45,2026-03-24T11:19:00+05:30,73.0,candle_reversal,1,65,-354.25000000000017,25.395,25.54,20.034679505037776,14.94145579178172,0.3185303843405774,0.24501410530673562,11373050,13634920
NIFTY26032422700PE,buy,current,2026-03-24T11:20:00+05:30,66.35,2026-03-24T11:47:00+05:30,43.15,stop,1,65,-1507.9999999999998,25.5275,25.4625,14.94145579178172,15.387459955605456,0.24501410530673562,0.3686971359421163,13634920,17104360
NIFTY26032422800CE,buy,current,2026-03-24T11:50:00+05:30,61.5,2026-03-24T12:05:00+05:30,58.55,candle_reversal,1,65,-191.75000000000017,25.55,25.235,15.412656798455677,14.051024683621858,0.3756831430950865,0.48170575404717525,17964180,15951520
NIFTY26032423000CE,buy,current,2026-03-24T12:25:00+05:30,45.35,2026-03-24T12:28:00+05:30,29.5,stop,1,65,-1030.25,25.17,25.1575,19.45062551115795,24.851831664519597,0.45553872959353603,0.6671964692993131,25237680,19564545
NIFTY26032423000CE,buy,current,2026-03-24T12:35:00+05:30,60.35,2026-03-24T13:05:00+05:30,39.25,stop,1,65,-1371.5,25.145,25.0025,24.252810365046155,20.594177777118308,0.7542230057091506,1.2213318132475814,19713070,15928835
NIFTY26040722900PE,buy,current,2026-04-01T09:40:00+05:30,325.95,2026-04-01T09:51:00+05:30,286.45,candle_reversal,1,65,-2567.5,25.1725,25.05,23.101756354337276,19.306379917636946,0.353708884734894,0.36265710206660895,2596490,2855710
NIFTY26040723000CE,buy,current,2026-04-01T09:55:00+05:30,267.0,2026-04-01T10:08:00+05:30,272.35,candle_reversal,1,65,347.7500000000015,25.0775,25.285,19.141369052131136,14.025868785443441,0.42618445843481456,0.4872751465860832,4675125,4485000
NIFTY26040722900PE,buy,current,2026-04-01T10:15:00+05:30,305.0,2026-04-01T12:00:00+05:30,334.55,candle_reversal,1,65,1920.7500000000007,25.1825,25.0525,13.173345234872224,12.791593729493773,0.46646798518919896,0.28382373680393264,3568305,2133690
NIFTY26040722900PE,buy,current,2026-04-01T12:05:00+05:30,313.7,2026-04-01T12:40:00+05:30,301.5,candle_reversal,1,65,-792.9999999999993,24.9775,24.8,14.05800209569084,11.313409527377283,0.3040362177638242,0.32675902671448936,2169895,2538965
NIFTY26040723000CE,buy,current,2026-04-01T12:50:00+05:30,254.3,2026-04-01T13:22:00+05:30,222.3,candle_reversal,1,65,-2080.0,24.66,24.6375,11.734598121338866,12.444565467088093,0.3431222264877301,0.3687885905762399,5878080,5741385
NIFTY26040723000CE,buy,current,2026-04-01T14:05:00+05:30,184.3,2026-04-01T14:39:00+05:30,170.65,candle_reversal,1,65,-887.2500000000003,24.995,25.0775,14.768409083813195,12.030683619869112,0.27143520645257896,0.2808079017756437,6521515,6290440
NIFTY26040723000PE,buy,current,2026-04-02T09:50:00+05:30,803.65,2026-04-02T10:14:00+05:30,812.7,candle_reversal,1,65,588.2500000000044,26.1525,25.99,18.762949895190282,14.610455681981634,0.20870844383582943,0.18853259644523848,1759355,1707615
NIFTY26040723000PE,buy,current,2026-04-02T10:20:00+05:30,817.6,2026-04-02T12:36:00+05:30,712.8,candle_reversal,1,65,-6812.000000000005,26.0425,25.975,14.818481829613175,13.903456148401832,0.1841716602284981,0.15783194772132955,1700920,1500330
NIFTY26040723000CE,buy,current,2026-04-02T12:40:00+05:30,68.0,2026-04-02T13:06:00+05:30,67.65,candle_reversal,1,65,-22.74999999999963,26.04,25.9625,14.020806544474938,15.193833396040661,0.1587057514885821,0.154235279119663,6081660,5896670
NIFTY26040723000CE,buy,current,2026-04-02T13:20:00+05:30,78.3,2026-04-02T14:38:00+05:30,124.95,candle_reversal,1,65,3032.2500000000005,26.085,25.6675,14.760654007273883,20.835338724274372,0.15214747244393767,0.15572523720003204,5877950,6047795
NIFTY26040723000PE,buy,current,2026-04-06T09:45:00+05:30,443.3,2026-04-06T11:20:00+05:30,451.1,candle_reversal,1,65,507.00000000000074,26.3,26.2475,27.13786706950004,15.189758699287399,0.10598468129300273,0.07893511342674005,1695655,1663090
NIFTY26040723000CE,buy,current,2026-04-06T11:45:00+05:30,65.4,2026-04-06T15:09:00+05:30,172.0,eod_square_off,1,65,6929.0,26.1375,25.3575,14.768516254120755,14.67380434398272,0.07837946513731125,0.31211213522523834,12697685,8081840
NIFTY26040722900PE,buy,current,2026-04-07T09:45:00+05:30,151.45,2026-04-07T10:01:00+05:30,98.45,stop,1,65,-3444.999999999999,25.61,25.52,22.15268365451784,21.450728462312096,0.15882265194375217,0.17208997054903477,6509360,7539480
NIFTY26040723000CE,buy,current,2026-04-07T10:05:00+05:30,59.85,2026-04-07T10:54:00+05:30,38.9,stop,1,65,-1361.7500000000002,25.5025,25.43,20.411680186479536,17.048302278446304,0.19061769657568647,0.26669703362656977,17364945,21778315
NIFTY26040722900PE,buy,current,2026-04-07T10:55:00+05:30,102.4,2026-04-07T11:22:00+05:30,66.55,stop,1,65,-2330.2500000000005,25.435,25.3525,17.048302278446304,16.64965085981664,0.21041569658720272,0.17913099505002064,12149280,11675950
NIFTY26040723000CE,buy,current,2026-04-07T11:25:00+05:30,46.9,2026-04-07T12:58:00+05:30,30.5,stop,1,65,-1066.0,25.3525,25.525,16.181841812801334,10.67244563215499,0.19681030678613226,0.26861027535827675,24585210,29691870
NIFTY26040723000CE,buy,current,2026-04-07T13:05:00+05:30,28.5,2026-04-07T13:57:00+05:30,43.25,candle_reversal,1,65,958.75,25.495,25.145,10.923343680048584,19.645590243897125,0.2704861119731732,0.5327894837228778,30341155,18416450
NIFTY26042124500CE,buy,current,2026-04-15T09:45:00+05:30,109.8,2026-04-15T10:53:00+05:30,104.0,candle_reversal,1,65,-376.99999999999983,18.675,18.7,17.503521528570925,9.014332613333911,0.06409704340999435,0.09731027857829011,5370235,4988490
NIFTY26042124500PE,buy,current,2026-04-15T11:10:00+05:30,401.2,2026-04-15T11:38:00+05:30,387.0,candle_reversal,1,65,-922.9999999999993,18.915,18.8675,9.717334339308426,7.487734411724572,0.08459155772570666,0.08269062034931915,783640,752375
NIFTY26042124500CE,buy,current,2026-04-15T11:50:00+05:30,109.25,2026-04-15T13:07:00+05:30,98.55,candle_reversal,1,65,-695.5000000000002,18.675,18.695,7.192939414455358,6.922628604143072,0.0829552494876805,0.08289417983364415,5958680,6469190
NIFTY26042124400PE,buy,current,2026-04-15T13:25:00+05:30,327.35,2026-04-15T13:44:00+05:30,312.0,candle_reversal,1,65,-997.7500000000015,18.7475,18.63,8.31960048890055,7.952619250063433,0.08639655937150939,0.0820800266385482,784550,735280
NIFTY26042124400PE,buy,current,2026-04-16T09:40:00+05:30,247.55,2026-04-16T12:42:00+05:30,340.45,candle_reversal,1,65,6038.499999999998,18.2275,18.425,15.746859285363005,10.630047044223815,0.2137312547302925,0.11577846307444227,2738125,1497470
NIFTY26042124400PE,buy,current,2026-04-16T12:55:00+05:30,363.45,2026-04-16T13:41:00+05:30,360.0,candle_reversal,1,65,-224.24999999999926,18.4975,18.3925,12.04481730448517,8.232759086333894,0.11424820939885559,0.10218553160473581,1473160,1426880
NIFTY26042124500CE,buy,current,2026-04-16T13:55:00+05:30,60.75,2026-04-16T15:08:00+05:30,59.6,candle_reversal,1,65,-74.74999999999991,18.1875,18.0675,9.964636839058254,15.326212872741094,0.10181368698660684,0.0888334864191051,7953010,7374510
NIFTY26042124400CE,buy,current,2026-04-17T09:55:00+05:30,90.15,2026-04-17T12:20:00+05:30,108.2,candle_reversal,1,65,1173.2499999999998,18.0475,17.61,12.079741255376806,8.065809591858411,0.08079145842133148,0.11352213306887847,8245510,7799285
NIFTY26042124500CE,buy,current,2026-04-17T12:25:00+05:30,73.5,2026-04-17T13:53:00+05:30,75.1,candle_reversal,1,65,103.99999999999963,17.6075,17.445,7.061437623726129,5.104216237041912,0.11526781267399325,0.12658465222941448,10180495,10638420
NIFTY26042124350PE,buy,current,2026-04-20T09:45:00+05:30,166.8,2026-04-20T09:55:00+05:30,149.85,candle_reversal,1,65,-1101.7500000000011,18.3225,18.2925,18.906247676297067,16.346051007558156,0.28199105023030885,0.20610084894032585,6423105,4906785
NIFTY26042124400CE,buy,current,2026-04-20T10:05:00+05:30,112.65,2026-04-20T12:05:00+05:30,156.8,candle_reversal,1,65,2869.7500000000005,18.28,18.075,14.894271148710184,6.305548336001628,0.23281584187624457,0.5239984181670867,10319725,7213635
NIFTY26042124500CE,buy,current,2026-04-20T12:10:00+05:30,102.3,2026-04-20T13:00:00+05:30,97.7,candle_reversal,1,65,-298.99999999999966,18.14,18.2275,6.865686589560107,9.539885244110142,0.5358650308258371,0.5357400648721086,12602850,12421240
NIFTY26042124400PE,buy,current,2026-04-20T13:10:00+05:30,133.95,2026-04-20T15:00:00+05:30,131.05,candle_reversal,1,65,-188.49999999999852,18.39,18.5775,9.621829631625937,9.23772330597104,0.5067898402004931,0.35117630481891415,11133590,8458060
NIFTY26042124500CE,buy,current,2026-04-21T09:50:00+05:30,68.9,2026-04-21T10:22:00+05:30,52.3,candle_reversal,1,65,-1079.0000000000005,17.905,17.9475,13.08393626040356,8.19057239037569,0.7927125704512126,0.9129308441278627,20990125,22656010
NIFTY26042124500CE,buy,current,2026-04-21T10:35:00+05:30,73.95,2026-04-21T11:22:00+05:30,71.7,candle_reversal,1,65,-146.25,17.71,17.63,9.58292240957189,7.0773421136420955,0.8369152295939649,1.190453015769415,24981385,16088605
NIFTY26042124600CE,buy,current,2026-04-21T11:25:00+05:30,21.9,2026-04-21T11:34:00+05:30,16.0,candle_reversal,1,65,-383.4999999999999,17.63,17.69,6.913371516354464,6.470564486633139,1.1557235501727383,1.071196103636609,23564580,24259430
NIFTY26042124500PE,buy,current,2026-04-21T13:05:00+05:30,22.15,2026-04-21T13:16:00+05:30,14.4,stop,1,65,-503.7499999999999,17.76,17.605,8.189718854267687,7.442486144946423,1.0840697919433795,1.0488164462704774,48647755,49576410
NIFTY26042124500PE,buy,current,2026-04-21T13:45:00+05:30,18.45,2026-04-21T13:51:00+05:30,12.0,stop,1,65,-419.24999999999994,17.775,17.64,8.139712605217207,7.8727512168039935,1.0207199055522522,0.9912528569051994,46933250,48989330
NIFTY26042824200PE,buy,current,2026-04-22T09:45:00+05:30,155.3,2026-04-22T10:40:00+05:30,162.45,candle_reversal,1,65,464.7499999999985,18.2525,18.475,14.632308657725842,7.892678625594738,3.3500529432526767,3.19640283977085,2898805,2898350
NIFTY26042824100PE,buy,current,2026-04-22T10:45:00+05:30,126.1,2026-04-22T10:54:00+05:30,113.2,candle_reversal,1,65,-838.4999999999994,18.41,18.2675,7.4389705910459805,8.198599494097508,3.2146012226580445,3.426647185060043,1910350,1994200
NIFTY26042824200PE,buy,current,2026-04-22T11:50:00+05:30,148.45,2026-04-22T12:45:00+05:30,137.4,candle_reversal,1,65,-718.2499999999989,18.2475,18.1875,8.0076426309235,6.87903203995142,3.6068536632765436,3.681451315692489,3086460,3109275
NIFTY26042824200CE,buy,current,2026-04-22T13:45:00+05:30,347.0,2026-04-22T15:09:00+05:30,321.0,eod_square_off,1,65,-1690.0,18.06,18.3825,7.217935966821516,7.19840714570355,3.709997528310005,3.585870740305523,1357330,1376050
NIFTY26042824200CE,buy,current,2026-04-23T09:45:00+05:30,215.4,2026-04-23T10:10:00+05:30,236.5,candle_reversal,1,65,1371.4999999999995,18.61,18.615,16.00367514973844,11.860634490233823,2.184980329026093,2.6013483452126933,5679310,4866030
NIFTY26042824200CE,buy,current,2026-04-23T10:15:00+05:30,227.35,2026-04-23T10:32:00+05:30,214.6,candle_reversal,1,65,-828.75,18.575,18.6225,10.95478398780629,9.590875911857834,2.617005126899862,2.5398745500211115,4835480,5087745
NIFTY26042824200PE,buy,current,2026-04-23T10:35:00+05:30,196.6,2026-04-23T11:55:00+05:30,195.35,candle_reversal,1,65,-81.25,18.69,18.69,8.961775658693696,7.472759715997094,2.480385233579267,1.7636776565107886,7526610,7349225
NIFTY26042824200PE,buy,current,2026-04-23T12:30:00+05:30,213.8,2026-04-23T13:21:00+05:30,163.05,candle_reversal,1,65,-3298.75,18.735,18.2925,7.738212823794561,8.220823058064136,1.9108614776090505,2.0387237756035956,7937085,7845825
NIFTY26042824200CE,buy,current,2026-04-23T13:25:00+05:30,221.7,2026-04-23T13:34:00+05:30,206.0,candle_reversal,1,65,-1020.4999999999993,18.3,18.31,8.496081726883137,8.598410887898421,2.1692532537920415,2.509929783571585,6740565,5897450
NIFTY26042824000PE,buy,current,2026-04-24T09:45:00+05:30,184.65,2026-04-24T11:06:00+05:30,192.7,candle_reversal,1,65,523.2499999999989,19.1575,19.2675,14.371333653604669,8.706533280331668,0.862752222429665,0.6313651362824176,10256545,9225905
NIFTY26042823900PE,buy,current,2026-04-24T11:10:00+05:30,150.1,2026-04-24T11:22:00+05:30,144.7,candle_reversal,1,65,-351.00000000000034,19.2675,19.2875,9.146357003239219,8.771425321668497,0.6356667318773206,0.6064599849557138,6416605,6213285
NIFTY26042823900PE,buy,current,2026-04-24T11:50:00+05:30,161.15,2026-04-24T12:34:00+05:30,153.15,candle_reversal,1,65,-520.0,19.205,19.27,7.61132640489484,8.858330716189567,0.6278907525313987,0.5955448433678504,6825910,7032740
NIFTY26042824000CE,buy,current,2026-04-24T14:20:00+05:30,121.9,2026-04-24T15:03:00+05:30,126.8,candle_reversal,1,65,318.49999999999943,19.6325,19.615,8.965653102647499,10.130258401824578,0.5274651370692902,0.6783300894935972,16197090,13155285
NIFTY26042824000CE,buy,current,2026-04-27T09:45:00+05:30,163.5,2026-04-27T10:05:00+05:30,167.95,candle_reversal,1,65,289.24999999999926,18.91,18.765,18.888071998460912,12.578022597443734,0.7930776137388408,1.3072996102355532,15417415,9775025
NIFTY26042824100CE,buy,current,2026-04-27T10:10:00+05:30,111.2,2026-04-27T11:08:00+05:30,78.6,candle_reversal,1,65,-2119.0000000000005,18.7675,18.5425,12.115314020345718,10.211777545193181,1.214545951093642,1.0537973749251364,11691095,14173835
NIFTY26042824000PE,buy,current,2026-04-27T11:10:00+05:30,80.2,2026-04-27T12:26:00+05:30,70.6,candle_reversal,1,65,-624.0000000000006,18.5825,18.7475,10.314507720536628,7.527779289359493,1.000826850659003,0.946639394805312,15915640,16557580
NIFTY26042824100CE,buy,current,2026-04-27T12:30:00+05:30,82.0,2026-04-27T15:03:00+05:30,99.7,candle_reversal,1,65,1150.5000000000002,18.7375,18.41,7.379293403324731,8.05389107665277,0.9555526114071031,1.4952303416819341,15246010,12234495
NIFTY26042824200CE,buy,current,2026-04-28T10:00:00+05:30,31.15,2026-04-28T10:34:00+05:30,20.25,stop,1,65,-708.4999999999999,17.7025,17.485,10.547874467356918,6.934458767650016,1.7316599706631428,2.061207975312975,20207135,25357930
NIFTY26042824200CE,buy,current,2026-04-28T10:55:00+05:30,26.55,2026-04-28T11:05:00+05:30,17.25,stop,1,65,-604.5,17.305,17.325,7.112312289225421,7.4428980886907015,1.9225962591359413,1.9524593375023578,26418405,27992055
NIFTY26042824100PE,buy,current,2026-04-28T11:20:00+05:30,26.8,2026-04-28T11:38:00+05:30,56.4,candle_reversal,1,65,1923.9999999999998,17.455,17.7725,7.50140376713332,10.487249709261192,1.6357244024577395,0.9518679259517532,30781920,15074605
NIFTY26042824000PE,buy,current,2026-04-28T11:40:00+05:30,15.4,2026-04-28T12:16:00+05:30,18.9,candle_reversal,1,65,227.4999999999999,17.765,17.9225,10.109589015742587,7.511038120804716,0.946224063782494,0.8541125195292819,27987570,30815200
NIFTY26042824100CE,buy,current,2026-04-28T13:20:00+05:30,7.05,2026-04-28T13:31:00+05:30,4.6,stop,1,65,-159.25,17.9225,17.9825,7.497035137072366,10.301772839383725,0.8325379189422888,0.8570558767665515,39626600,38786020
NIFTY26050524100CE,buy,current,2026-04-29T09:45:00+05:30,226.4,2026-04-29T11:46:00+05:30,323.65,candle_reversal,1,65,6321.249999999998,17.1525,17.0275,15.437355956197711,7.769941718623396,0.8171913937734723,2.2954318587386857,6889805,2509455
NIFTY26050524300CE,buy,current,2026-04-29T11:50:00+05:30,197.5,2026-04-29T12:06:00+05:30,192.95,candle_reversal,1,65,-295.75000000000074,17.0225,16.945,7.5855364270463355,5.956052017204449,2.272961593068106,2.234039728304984,5261880,5400915
NIFTY26050524300PE,buy,current,2026-04-29T13:40:00+05:30,187.3,2026-04-29T14:42:00+05:30,217.15,candle_reversal,1,65,1940.2499999999995,17.185,17.3925,7.781894538939606,9.870293114194522,2.545554730522022,1.5496496829949329,7143695,4253730
NIFTY26050523900PE,buy,current,2026-04-30T09:55:00+05:30,188.85,2026-04-30T11:27:00+05:30,238.65,candle_reversal,1,65,3237.000000000001,18.5375,19.2425,15.381349978691205,8.171944589766873,0.7228154406818501,0.4009640855136948,5782920,3279510
NIFTY26050523900PE,buy,current,2026-04-30T11:30:00+05:30,235.2,2026-04-30T11:57:00+05:30,223.9,candle_reversal,1,65,-734.4999999999989,19.295,19.2525,8.913054263625378,9.069792957766992,0.39731652519435484,0.42740700953404054,3287310,3461510
NIFTY26050524000CE,buy,current,2026-04-30T12:10:00+05:30,128.7,2026-04-30T14:14:00+05:30,199.35,candle_reversal,1,65,4592.25,18.9375,18.4775,10.2933697386468,12.329339870833309,0.43290370008827667,0.7957534846197785,8166340,6530680
NIFTY26050524300CE,buy,current,2026-05-04T09:40:00+05:30,120.35,2026-05-04T10:17:00+05:30,78.25,stop,1,65,-2736.4999999999995,17.7375,18.2075,21.662971179814182,14.098477565211029,1.093476685911464,0.9910833824792294,12726285,17442165
NIFTY26050524200PE,buy,current,2026-05-04T10:20:00+05:30,122.6,2026-05-04T10:38:00+05:30,95.4,candle_reversal,1,65,-1767.9999999999993,18.1875,18.1325,13.325217900615383,14.814502484081386,0.9824034903881721,0.8585258088118819,11531455,10496720
NIFTY26050524300CE,buy,current,2026-05-04T10:40:00+05:30,95.9,2026-05-04T10:58:00+05:30,85.2,candle_reversal,1,65,-695.5000000000002,18.1125,18.125,14.334895163789755,10.674442976068999,0.8773424027683224,1.0477673280394069,18832190,17246710
NIFTY26050524200CE,buy,current,2026-05-04T11:15:00+05:30,157.3,2026-05-04T11:56:00+05:30,141.4,candle_reversal,1,65,-1033.5000000000005,17.96,17.91,8.998878053097176,8.435246189452078,0.928884561517948,1.111286551272635,15928315,14629485
NIFTY26050524000PE,buy,current,2026-05-04T12:15:00+05:30,67.15,2026-05-04T12:53:00+05:30,61.4,candle_reversal,1,65,-373.75000000000045,18.465,18.295,12.09183632286528,12.037933658604071,0.8880323589161211,0.6817897392132821,11893050,12302420
NIFTY26050524100PE,buy,current,2026-05-04T12:55:00+05:30,100.55,2026-05-04T13:43:00+05:30,110.65,candle_reversal,1,65,656.5000000000006,18.2975,18.5075,11.856652682989495,13.965962397731165,0.6817897392132821,0.5150720553802821,10474685,7400900
NIFTY26050524000PE,buy,current,2026-05-05T09:45:00+05:30,54.3,2026-05-05T09:53:00+05:30,35.3,stop,1,65,-1235.0,18.655,18.5075,19.630449478534132,16.063357126023675,0.7498654953306262,0.7347797664647856,26407485,29817450
NIFTY26050524100CE,buy,current,2026-05-05T09:55:00+05:30,41.2,2026-05-05T10:02:00+05:30,26.8,stop,1,65,-936.0000000000001,18.4925,18.545,15.83383161702214,15.178254759598895,0.7789356983472706,0.8035807948045951,22526400,23581545
NIFTY26050524000PE,buy,current,2026-05-05T10:05:00+05:30,52.8,2026-05-05T12:03:00+05:30,110.25,candle_reversal,1,65,3734.25,18.5675,18.6575,14.978189052919301,10.51250901212609,0.739372053818009,0.2788771256610911,30322500,8541845
NIFTY26050523900PE,buy,current,2026-05-05T12:05:00+05:30,35.1,2026-05-05T12:13:00+05:30,25.0,candle_reversal,1,65,-656.5000000000001,18.6075,18.575,10.133044082688565,9.56077796317775,0.28672975280753144,0.32835760235147204,21672300,25233650
NIFTY26050524000CE,buy,current,2026-05-05T12:15:00+05:30,26.35,2026-05-05T12:27:00+05:30,23.65,candle_reversal,1,65,-175.50000000000017,18.4975,18.4375,9.785008108665107,9.95217681070402,0.32916816567186596,0.47098223366837577,46218575,40538290
NIFTY26050524000CE,buy,current,2026-05-05T12:35:00+05:30,26.15,2026-05-05T14:53:00+05:30,17.0,stop,1,65,-594.7499999999999,18.4325,18.0475,11.028954409327806,12.580440856936137,0.4813958119654465,0.7573127334640042,42200275,24588200
NIFTY26051223500PE,buy,current,2026-05-06T09:45:00+05:30,29.0,2026-05-06T09:55:00+05:30,24.85,candle_reversal,1,65,-269.7499999999999,17.5375,17.3275,13.126653186980478,11.368700194207927,22.072798129384257,22.105036855036854,3739060,3735745
NIFTY26051223500PE,buy,current,2026-05-06T10:05:00+05:30,30.3,2026-05-06T10:14:00+05:30,25.15,candle_reversal,1,65,-334.7500000000001,17.4975,17.395,10.965669066573911,10.517754455368307,23.587461773700305,23.44317234058685,3915470,4009005
NIFTY26051223500CE,buy,current,2026-05-06T10:25:00+05:30,722.55,2026-05-06T10:52:00+05:30,671.4,candle_reversal,1,65,-3324.7499999999986,17.345,17.4225,9.871403622270265,8.890031769832348,23.136953864955697,23.55910129474486,656630,653510
NIFTY26051223500PE,buy,current,2026-05-06T10:55:00+05:30,29.1,2026-05-06T11:09:00+05:30,29.25,candle_reversal,1,65,9.749999999999908,17.4625,17.475,9.00824167908988,8.336820691061511,23.622585775960008,23.403205554324543,4196075,4183725
NIFTY26051223500CE,buy,current,2026-05-06T11:50:00+05:30,675.0,2026-05-06T12:02:00+05:30,660.0,candle_reversal,1,65,-975.0,17.34,17.2875,7.361665512878373,7.725917583009162,25.603160270880363,26.11557370849406,661310,657540
NIFTY26051223500CE,buy,current,2026-05-06T13:10:00+05:30,614.0,2026-05-06T14:00:00+05:30,687.9,candle_reversal,1,65,4803.499999999998,17.81,17.42,8.543002868289053,8.2242912487464,26.429141576809972,28.99175491679274,692380,647075
NIFTY26051223500CE,buy,current,2026-05-07T09:45:00+05:30,922.9,2026-05-07T09:49:00+05:30,880.0,candle_reversal,1,65,-2788.4999999999986,16.69,16.69,14.620886565814088,14.310220045369194,34.15781198278716,34.63947324830214,589095,588510
NIFTY26051223500PE,buy,current,2026-05-07T09:50:00+05:30,10.2,2026-05-07T10:17:00+05:30,10.7,candle_reversal,1,65,32.5,16.6575,16.8175,14.310220045369194,12.297942754161076,34.64808218043244,35.89011270491803,6331585,6336525
NIFTY26051223500PE,buy,current,2026-05-07T11:00:00+05:30,10.3,2026-05-07T11:32:00+05:30,10.7,candle_reversal,1,65,25.999999999999908,16.7925,16.885,8.713590899009809,10.051421338310996,37.124128919860624,39.56220646468367,6620445,6748170
NIFTY26051223500CE,buy,current,2026-05-07T11:55:00+05:30,851.4,2026-05-07T13:10:00+05:30,910.0,candle_reversal,1,65,3809.0000000000014,16.97,16.81,8.801538782668347,14.126912484229015,41.071123755334284,42.14520367936925,487045,477815
NIFTY26051223500PE,buy,current,2026-05-08T09:45:00+05:30,12.85,2026-05-08T09:55:00+05:30,10.75,candle_reversal,1,65,-136.49999999999997,17.3775,17.2875,13.695591811137046,13.444539658126269,56.76802413273001,60.03600671845476,9588410,9726210
NIFTY26051223500CE,buy,current,2026-05-08T10:15:00+05:30,732.65,2026-05-08T10:35:00+05:30,758.35,candle_reversal,1,65,1670.500000000003,17.065,17.0025,10.45382709914803,8.94213437296411,60.67130307467057,60.496760710553815,433550,432510
NIFTY26051223500CE,buy,current,2026-05-08T10:40:00+05:30,755.0,2026-05-08T12:33:00+05:30,695.0,candle_reversal,1,65,-3900.0,17.0275,17.175,8.192805076692727,7.988944859869979,61.63438383415349,63.1147077309868,431470,434850
NIFTY26051223500PE,buy,current,2026-05-08T12:35:00+05:30,10.05,2026-05-08T13:29:00+05:30,8.8,candle_reversal,1,65,-81.25,17.15,16.9325,8.111163084165032,7.503379505941373,63.047424623115575,63.48972675280661,10162880,10179650
NIFTY26051223500PE,buy,current,2026-05-08T13:40:00+05:30,9.45,2026-05-08T14:09:00+05:30,9.4,candle_reversal,1,65,-3.2499999999999307,17.0175,17.1275,7.790064925991669,12.260181093876563,63.835350318471335,63.47030226167829,10177895,9961120
NIFTY26051223500PE,buy,current,2026-05-11T09:40:00+05:30,16.7,2026-05-11T10:04:00+05:30,14.35,candle_reversal,1,65,-152.74999999999997,18.8475,18.595,18.304423777038803,11.755344111564005,46.797633996431166,37.73166386725709,9939735,10165285
NIFTY26051223500PE,buy,current,2026-05-11T10:20:00+05:30,16.65,2026-05-11T11:07:00+05:30,11.8,candle_reversal,1,65,-315.2499999999999,18.695,18.505,11.11735319317614,7.920869098920689,34.26060795150651,40.28388250319285,10365615,10729225
NIFTY26051223500CE,buy,current,2026-05-11T11:10:00+05:30,439.85,2026-05-11T12:29:00+05:30,456.25,candle_reversal,1,65,1065.9999999999986,18.4475,18.2875,7.979984069987944,7.106104237706707,41.52646326276463,57.449637442320366,578565,479115
NIFTY26051223500CE,buy,current,2026-05-11T12:30:00+05:30,452.35,2026-05-11T13:06:00+05:30,429.7,candle_reversal,1,65,-1472.2500000000023,18.3175,18.405,7.106104237706707,8.939801108346634,57.60136027469625,50.787803727294175,477815,454480
NIFTY26051223600CE,buy,current,2026-05-11T13:10:00+05:30,373.75,2026-05-11T13:59:00+05:30,398.35,candle_reversal,1,65,1599.0000000000014,18.2475,18.16,9.838226324722308,9.031812045339592,52.31432061068702,64.53678620901955,341705,184600
NIFTY26051223500PE,buy,current,2026-05-11T14:30:00+05:30,6.25,2026-05-11T15:09:00+05:30,11.25,eod_square_off,1,65,325.0,18.2425,18.5825,8.87653780971924,9.663281294904477,62.21145078107482,29.30509838638284,11435710,11061310
NIFTY26051223650CE,buy,current,2026-05-12T10:20:00+05:30,73.5,2026-05-12T10:24:00+05:30,47.8,stop,1,65,-1670.5000000000002,18.675,18.7275,10.105808318218054,11.048193810421793,3.3205768960823168,3.4561515623543824,20222930,20092540
NIFTY26051223600PE,buy,current,2026-05-12T10:25:00+05:30,41.35,2026-05-12T10:43:00+05:30,36.6,candle_reversal,1,65,-308.75,18.8125,18.58,11.048193810421793,10.08662043545947,3.3057938268211773,2.481890388122035,26093145,24860290
NIFTY26051223600PE,buy,current,2026-05-12T10:50:00+05:30,44.0,2026-05-12T13:16:00+05:30,71.3,candle_reversal,1,65,1774.4999999999998,18.7525,19.0325,10.160910353235517,9.9256303825149,2.4377807970065395,1.1296652366931481,25772370,12048985
NIFTY26051223500PE,buy,current,2026-05-12T13:20:00+05:30,19.8,2026-05-12T15:09:00+05:30,131.25,eod_square_off,1,65,7244.25,19.1275,19.4025,10.941202605825323,13.38191348981442,1.223845903974553,0.8045983774335952,33254390,6763315
NIFTY26051923400PE,buy,current,2026-05-13T09:40:00+05:30,280.6,2026-05-13T09:53:00+05:30,237.7,candle_reversal,1,65,-2788.5000000000023,19.775,19.825,22.675007351765135,18.7394002798526,0.5391677325453182,0.5379460583207086,3855085,3698305
NIFTY26051923500CE,buy,current,2026-05-13T09:55:00+05:30,200.75,2026-05-13T10:11:00+05:30,201.3,candle_reversal,1,65,35.75000000000074,19.8275,19.8625,18.236585974148895,15.560506876202458,0.5633269984028837,0.6342354382447934,6121505,6067425
NIFTY26051923500CE,buy,current,2026-05-13T10:20:00+05:30,232.55,2026-05-13T10:59:00+05:30,193.95,candle_reversal,1,65,-2509.0000000000014,19.6625,19.7775,14.022408288105561,12.85681890038722,0.649329452769767,0.7638095457212207,6125535,6414980
NIFTY26051923400PE,buy,current,2026-05-13T11:00:00+05:30,224.35,2026-05-13T11:04:00+05:30,214.7,candle_reversal,1,65,-627.2500000000003,19.765,19.695,12.85681890038722,12.97684960132255,0.7583150189886804,0.7049340616362206,5864625,5690230
NIFTY26051923500PE,buy,current,2026-05-13T12:35:00+05:30,230.05,2026-05-13T12:53:00+05:30,208.6,candle_reversal,1,65,-1394.2500000000011,19.525,19.41,8.951699872128666,11.235835129453738,0.8494507106159283,0.7975748284387872,6103500,5681000
NIFTY26051923500PE,buy,current,2026-05-14T09:40:00+05:30,179.55,2026-05-14T10:27:00+05:30,178.6,candle_reversal,1,65,-61.75000000000111,18.8525,18.74,15.994780560918501,12.915449169016853,0.848006479051356,0.6581501267210896,6661850,7342335
NIFTY26051923500PE,buy,current,2026-05-14T10:45:00+05:30,197.8,2026-05-14T11:18:00+05:30,187.4,candle_reversal,1,65,-676.0000000000003,18.8625,18.9,10.709416537780905,11.351509661907894,0.7258119315763686,0.584870650115108,7822945,6546605
NIFTY26051923500CE,buy,current,2026-05-14T11:25:00+05:30,215.1,2026-05-14T15:09:00+05:30,285.45,eod_square_off,1,65,4572.75,18.7125,18.6925,11.524785471465885,14.870191998322962,0.7184385322029243,1.7815876698707325,7678060,3815630
NIFTY26051923800CE,buy,current,2026-05-15T09:45:00+05:30,177.75,2026-05-15T11:04:00+05:30,158.05,candle_reversal,1,65,-1280.4999999999993,18.4575,18.33,16.42017674173904,9.573670960217571,2.158695061547786,2.616792263491272,8916050,9019725
NIFTY26051923700PE,buy,current,2026-05-15T11:10:00+05:30,150.0,2026-05-15T12:02:00+05:30,144.25,candle_reversal,1,65,-373.75,18.4075,18.4775,10.156713649506447,9.372132273992198,2.282754981939202,1.5677695500149234,12068225,10768095
NIFTY26051923700PE,buy,current,2026-05-15T12:20:00+05:30,151.8,2026-05-15T15:09:00+05:30,192.0,eod_square_off,1,65,2612.999999999999,18.4575,18.7775,8.822880375001036,12.583118083997297,1.7967245110102252,1.3526725374857285,11790740,7214220
NIFTY26051923400PE,buy,current,2026-05-18T09:40:00+05:30,148.7,2026-05-18T10:02:00+05:30,144.6,candle_reversal,1,65,-266.49999999999966,19.925,19.84,18.67865520425635,12.950727842070776,0.6367413989502562,0.455586609583308,12235015,9669140
NIFTY26051923400PE,buy,current,2026-05-18T10:10:00+05:30,148.1,2026-05-18T10:36:00+05:30,110.25,candle_reversal,1,65,-2460.2499999999995,19.8225,19.6475,11.5281903242732,12.098976493711628,0.48769224966999813,0.5301325819603584,10824190,12117430
NIFTY26051923500CE,buy,current,2026-05-18T10:40:00+05:30,89.0,2026-05-18T11:57:00+05:30,114.4,candle_reversal,1,65,1651.0000000000005,19.625,19.57,11.446483730570346,9.459129194357141,0.5875090630952371,1.0939252819418108,14298050,11925745
NIFTY26051923500CE,buy,current,2026-05-18T12:00:00+05:30,98.3,2026-05-18T13:08:00+05:30,184.25,candle_reversal,1,65,5586.75,19.57,19.575,9.837208335950892,11.443030939506286,1.0812702351054495,1.5783003545314849,11851580,6760455
NIFTY26051923700CE,buy,current,2026-05-18T13:10:00+05:30,74.0,2026-05-18T14:01:00+05:30,88.25,candle_reversal,1,65,926.25,19.5725,19.5925,11.043528729541448,9.606695998772992,1.5430150619704097,1.6063341880437583,8672690,9292985
NIFTY26051923500PE,buy,current,2026-05-18T14:10:00+05:30,83.5,2026-05-18T15:00:00+05:30,54.3,stop,1,65,-1898.0000000000002,19.6425,19.695,9.859865624051972,14.235941700680453,1.6299698434411163,1.4159786074019314,20113535,16977870
NIFTY26051923800CE,buy,current,2026-05-19T09:45:00+05:30,34.85,2026-05-19T09:53:00+05:30,22.65,stop,1,65,-793.0000000000002,18.8075,18.86,18.26224283650924,15.814083166868816,1.5751157765717498,1.4513970370273261,21295365,22649575
NIFTY26051923700PE,buy,current,2026-05-19T09:55:00+05:30,71.3,2026-05-19T10:06:00+05:30,46.35,stop,1,65,-1621.7499999999998,18.8675,18.7175,15.341648654949667,15.314529668031502,1.4171251680702999,1.3522900880931674,18190250,18761210
NIFTY26051923800CE,buy,current,2026-05-19T10:10:00+05:30,30.9,2026-05-19T11:08:00+05:30,26.6,candle_reversal,1,65,-279.49999999999983,18.6925,18.61,15.149989679542639,10.430470823207282,1.422771419619985,1.9003583842019975,25968605,29172975
NIFTY26051923800CE,buy,current,2026-05-19T11:10:00+05:30,26.05,2026-05-19T11:17:00+05:30,16.95,stop,1,65,-591.5000000000001,18.62,18.7275,10.021151478692529,11.859747667531161,1.8379185459859495,1.5309647888999722,29847025,30037865
NIFTY26051923700PE,buy,current,2026-05-19T11:20:00+05:30,53.5,2026-05-19T11:40:00+05:30,34.8,stop,1,65,-1215.5000000000002,18.68,18.5775,11.296415080677173,10.470211151701479,1.4686392415952652,1.4051003177423056,23866830,25867075
NIFTY26051923700PE,buy,current,2026-05-19T12:25:00+05:30,32.85,2026-05-19T12:29:00+05:30,21.35,stop,1,65,-747.5,18.475,18.43,8.060608296157538,8.5272128728081,1.7038680614795192,1.6454925554763984,34875555,34148270
NIFTY26052623700PE,buy,current,2026-05-20T10:05:00+05:30,351.85,2026-05-20T10:29:00+05:30,323.35,candle_reversal,1,65,-1852.5,19.215,19.015,12.076002193429355,10.145727799891604,0.3516524845196548,0.33259011647942655,3411785,3310645
NIFTY26052623700CE,buy,current,2026-05-20T10:35:00+05:30,161.4,2026-05-20T10:46:00+05:30,133.35,candle_reversal,1,65,-1823.2500000000007,18.95,19.0125,11.678868202246667,10.714338096030366,0.3440816011018819,0.3463848693409974,5448040,5304975
NIFTY26052623700PE,buy,current,2026-05-20T10:50:00+05:30,329.3,2026-05-20T10:54:00+05:30,305.75,candle_reversal,1,65,-1530.7500000000007,19.055,18.975,10.051366908519592,10.218149010764032,0.34120990393137807,0.33747127865445137,3337750,3338140
NIFTY26052623700CE,buy,current,2026-05-20T10:55:00+05:30,144.1,2026-05-20T12:02:00+05:30,167.3,candle_reversal,1,65,1508.0000000000011,18.9825,19.0175,10.218149010764032,8.84168089610078,0.33659767428633475,0.37894169234210257,5388760,5412615
NIFTY26052623700CE,buy,current,2026-05-20T12:05:00+05:30,161.0,2026-05-20T12:28:00+05:30,156.3,candle_reversal,1,65,-305.49999999999926,19.0475,18.7475,8.415275874699095,8.009266391916492,0.37347720813443336,0.3643250700435164,5475210,5747560
NIFTY26052623700PE,buy,current,2026-05-20T13:30:00+05:30,290.3,2026-05-20T13:34:00+05:30,274.2,candle_reversal,1,65,-1046.5000000000014,19.08,19.05,9.052436044239153,9.029625465158977,0.36940326560182624,0.36825380056774226,3602950,3606850
NIFTY26052623800CE,buy,current,2026-05-21T09:40:00+05:30,165.35,2026-05-21T09:59:00+05:30,157.85,candle_reversal,1,65,-487.5,18.1175,17.6925,16.36600583235302,13.1226241816793,0.45580658533696555,0.5139766183434825,8357050,8250645
NIFTY26052623800CE,buy,current,2026-05-21T10:05:00+05:30,160.45,2026-05-21T10:36:00+05:30,149.7,candle_reversal,1,65,-698.75,17.64,17.7175,12.139505489320412,10.262986322993438,0.5024381976800381,0.4824757914350579,8739055,9823060
NIFTY26052623700PE,buy,current,2026-05-21T10:40:00+05:30,162.05,2026-05-21T10:44:00+05:30,146.8,candle_reversal,1,65,-991.25,17.7675,17.6575,10.996239413854488,10.290388994705244,0.46061230744893317,0.4475683623674811,5748145,5768100
NIFTY26052623700PE,buy,current,2026-05-21T11:00:00+05:30,177.5,2026-05-21T11:22:00+05:30,190.85,candle_reversal,1,65,867.7499999999997,17.865,18.015,10.269688159757079,12.45469061566614,0.4375476936185353,0.36098541379748883,6017830,5796570
NIFTY26052623700PE,buy,current,2026-05-21T11:25:00+05:30,175.7,2026-05-21T12:53:00+05:30,233.3,candle_reversal,1,65,3744.0000000000014,17.9075,17.955,12.176748541059029,11.08350111692978,0.36855454186587133,0.32607725457093584,6029660,6180135
NIFTY26052623700CE,buy,current,2026-05-21T13:40:00+05:30,145.8,2026-05-21T15:09:00+05:30,137.7,eod_square_off,1,65,-526.5000000000015,17.8325,17.8875,9.434773366457117,13.466968514309187,0.3165161706347195,0.35505827421251296,9870250,8603660
NIFTY26052623700PE,buy,current,2026-05-22T09:50:00+05:30,130.85,2026-05-22T10:09:00+05:30,114.35,candle_reversal,1,65,-1072.5,18.8725,18.6275,13.908757419292316,10.252022593505123,0.5208093202881069,0.6038987621836318,11339575,11661845
NIFTY26052623800CE,buy,current,2026-05-22T10:10:00+05:30,151.9,2026-05-22T10:17:00+05:30,144.05,candle_reversal,1,65,-510.24999999999966,18.62,18.6925,10.252022593505123,9.981730681134925,0.6185309095215538,0.6791090152852975,10868195,10806510
NIFTY26052623800CE,buy,current,2026-05-22T10:45:00+05:30,150.35,2026-05-22T11:03:00+05:30,144.6,candle_reversal,1,65,-373.75,18.755,18.58,9.07337597447723,7.519496776843694,0.6886650991250713,0.6792257197057402,11970790,12191660
NIFTY26052623700PE,buy,current,2026-05-22T11:30:00+05:30,122.6,2026-05-22T11:42:00+05:30,104.85,candle_reversal,1,65,-1153.75,18.3975,18.335,8.68821572671344,8.178182666326606,0.622768345926002,0.6396159913604954,11973195,11945765
NIFTY26052623800CE,buy,current,2026-05-22T11:45:00+05:30,165.75,2026-05-22T13:58:00+05:30,141.5,candle_reversal,1,65,-1576.25,18.36,17.8475,8.367667707190078,7.45981884665916,0.7063414918136236,0.7440293924593037,11582480,10854545
NIFTY26052623800PE,buy,current,2026-05-22T14:05:00+05:30,158.85,2026-05-22T15:09:00+05:30,181.0,eod_square_off,1,65,1439.7500000000005,17.825,17.96,8.4312719664828,8.299380688390913,0.6710252373674749,0.4456249386739823,9666280,5374200
NIFTY26052624000PE,buy,current,2026-05-25T09:40:00+05:30,128.7,2026-05-25T10:37:00+05:30,97.05,candle_reversal,1,65,-2057.2499999999995,16.76,17.3575,13.793075788072073,7.207676984043481,0.8530461068947217,1.105084206619895,10712455,14958190
NIFTY26052624000CE,buy,current,2026-05-25T10:40:00+05:30,99.0,2026-05-25T11:33:00+05:30,83.3,candle_reversal,1,65,-1020.5000000000002,17.41,16.8825,6.790292909711012,5.800748647175411,1.1545618492950462,1.1585525555925456,24509225,26772915
NIFTY26052624000PE,buy,current,2026-05-25T12:30:00+05:30,114.3,2026-05-25T12:37:00+05:30,107.8,candle_reversal,1,65,-422.5,17.0025,17.085,5.438947164456339,5.288977674661028,1.0857009163322653,1.0534148296593187,16819985,16511625
NIFTY26052624000PE,buy,current,2026-05-25T12:50:00+05:30,122.2,2026-05-25T14:28:00+05:30,87.6,candle_reversal,1,65,-2249.0000000000005,17.0375,16.885,6.501000192280849,5.620362757209756,1.0204456486106022,1.117382249740952,15229240,16960515
NIFTY26052624000CE,buy,current,2026-05-25T14:30:00+05:30,79.15,2026-05-25T15:09:00+05:30,105.75,eod_square_off,1,65,1728.9999999999995,16.895,16.8025,5.615336845980436,6.319647469427062,1.128236695281718,1.6795074781957775,26693355,17543500
NIFTY26052624100CE,buy,current,2026-05-26T09:40:00+05:30,41.2,2026-05-26T09:49:00+05:30,32.4,candle_reversal,1,65,-572.0000000000002,15.88,15.91,11.82921977357197,9.706547654068842,2.256598345418288,2.107309174559647,15271555,18341375
NIFTY26052624000PE,buy,current,2026-05-26T09:55:00+05:30,38.35,2026-05-26T10:11:00+05:30,26.5,candle_reversal,1,65,-770.2500000000001,16.1775,16.23,9.316855417612597,9.71667225376109,1.9257542992482752,1.7829281632323282,35586655,35024340
NIFTY26052624100CE,buy,current,2026-05-26T10:25:00+05:30,34.25,2026-05-26T10:44:00+05:30,29.95,candle_reversal,1,65,-279.50000000000006,15.825,15.6,8.811309046154863,6.734635745135792,1.9507763518827868,2.419054369866309,21469760,21156460
NIFTY26052624100CE,buy,current,2026-05-26T10:55:00+05:30,33.5,2026-05-26T11:06:00+05:30,26.4,candle_reversal,1,65,-461.5000000000001,15.7225,15.64,6.146187646846763,6.60357048315725,2.2500864435026826,2.276653819031581,23956985,24903775
NIFTY26052624000PE,buy,current,2026-05-26T11:30:00+05:30,34.45,2026-05-26T11:34:00+05:30,22.4,stop,1,65,-783.2500000000002,15.69,15.5525,7.137413590209534,8.259196882529604,1.9299275469466213,1.791801280305094,40648205,40119690
NIFTY26052624000PE,buy,current,2026-05-26T12:00:00+05:30,25.85,2026-05-26T12:20:00+05:30,20.6,candle_reversal,1,65,-341.25,15.57,15.58,8.244913637724588,7.658588605073047,1.7889087193812887,1.5486635457785591,41151500,41567370
NIFTY26060223850CE,buy,current,2026-05-27T09:45:00+05:30,200.45,2026-05-27T10:01:00+05:30,184.35,candle_reversal,1,65,-1046.4999999999995,15.9675,15.78,13.20673414766881,10.963736992057678,4.3787728512499156,4.173087389785558,1268605,1549340
NIFTY26060223850CE,buy,current,2026-05-27T10:10:00+05:30,222.9,2026-05-27T10:45:00+05:30,215.55,candle_reversal,1,65,-477.74999999999966,15.65,15.0975,12.66880280797743,9.295618919260104,4.6924622557726465,5.979850457651154,1339845,972790
NIFTY26060223800CE,buy,current,2026-05-27T10:50:00+05:30,260.45,2026-05-27T11:26:00+05:30,276.2,candle_reversal,1,65,1023.75,15.0725,14.9575,9.489253747214386,7.519701137997102,5.704876200101062,6.398087372895034,1837940,1705860
NIFTY26060223800PE,buy,current,2026-05-27T11:50:00+05:30,82.9,2026-05-27T12:19:00+05:30,89.8,candle_reversal,1,65,448.49999999999943,14.8725,15.2225,7.92271002862708,7.487584540374539,6.378948343879902,5.894749311088667,5516355,5302375
NIFTY26060223800PE,buy,current,2026-05-27T12:30:00+05:30,99.15,2026-05-27T14:58:00+05:30,95.6,candle_reversal,1,65,-230.75000000000074,15.255,15.09,7.622930416460622,8.642711112406124,5.736229127556566,4.67671130177638,5075915,4364230
NIFTY26060223800PE,buy,current,2026-05-29T09:45:00+05:30,81.45,2026-05-29T10:06:00+05:30,62.85,candle_reversal,1,65,-1209.0,14.9775,14.845,15.514383112139361,12.568141398611965,5.4280515400586316,6.041853377265239,6731790,7453095
NIFTY26060223800CE,buy,current,2026-05-29T10:10:00+05:30,256.0,2026-05-29T10:19:00+05:30,252.2,candle_reversal,1,65,-247.00000000000074,15.2625,15.1975,12.178992949253049,10.25968534944371,6.58904413592302,6.893384422612454,2732145,2667145
NIFTY26060223800PE,buy,current,2026-05-29T10:30:00+05:30,71.25,2026-05-29T12:25:00+05:30,89.3,candle_reversal,1,65,1173.2499999999998,15.18,15.12,9.753831220269655,8.038441126007672,6.855709166301755,3.7225556394751957,7895615,8933990
NIFTY26060223800PE,buy,current,2026-05-29T12:30:00+05:30,89.1,2026-05-29T13:57:00+05:30,138.05,candle_reversal,1,65,3181.750000000001,15.1,15.7825,6.9751527228215275,8.507120755328161,3.9294169636225167,1.7344544405282245,9357660,6848010
NIFTY26060223600PE,buy,current,2026-06-01T09:45:00+05:30,95.65,2026-06-01T10:08:00+05:30,109.5,candle_reversal,1,65,900.2499999999997,16.01,15.96,18.530728177897988,13.220695209201741,0.9735857906238927,0.7509423694287868,11838255,9557210
NIFTY26060223500PE,buy,current,2026-06-01T10:10:00+05:30,66.3,2026-06-01T10:49:00+05:30,61.05,candle_reversal,1,65,-341.25,15.92,15.9525,13.26921697997315,11.10195367356873,0.7719262075392342,0.7329357413733264,12826970,14589250
NIFTY26060223700CE,buy,current,2026-06-01T11:10:00+05:30,76.15,2026-06-01T11:24:00+05:30,63.0,candle_reversal,1,65,-854.7500000000003,16.045,16.1325,9.605934334504258,8.8801172837674,0.9124083313730588,1.0259567601347448,16643835,16359525
NIFTY26060223600PE,buy,current,2026-06-01T11:25:00+05:30,92.6,2026-06-01T11:50:00+05:30,103.1,candle_reversal,1,65,682.5,16.1675,16.28,8.8801172837674,8.722353612639255,1.0184041275243136,0.8050673586295356,14044095,10921690
NIFTY26060223600CE,buy,current,2026-06-01T12:15:00+05:30,79.1,2026-06-01T13:53:00+05:30,51.4,stop,1,65,-1800.4999999999998,16.35,16.5,10.59918263309859,8.152438252706519,0.620688158655825,0.6459453461381146,17771390,17703335
NIFTY26060223400CE,buy,current,2026-06-02T09:55:00+05:30,26.0,2026-06-02T10:07:00+05:30,16.9,stop,1,65,-591.5000000000001,16.0025,16.06,14.48088452528017,12.463549946498793,0.21006905952983754,0.2241482102517525,19719440,21041995
NIFTY26060223350PE,buy,current,2026-06-02T10:15:00+05:30,96.7,2026-06-02T10:20:00+05:30,62.85,stop,1,65,-2200.25,16.1975,16.025,11.592961369050228,11.689963136212086,0.19890779995522367,0.1927862572360074,8285030,8042580
NIFTY26060223400CE,buy,current,2026-06-02T10:25:00+05:30,36.35,2026-06-02T10:49:00+05:30,23.65,stop,1,65,-825.5000000000002,15.97,16.0825,12.983213690476612,10.918653898891518,0.2848218568482097,0.3037989246767694,18764070,25503205
NIFTY26060223350PE,buy,current,2026-06-02T10:55:00+05:30,83.8,2026-06-02T11:20:00+05:30,54.45,stop,1,65,-1907.7499999999995,16.1475,16.085,10.56080866990126,9.686691890720644,0.23077539753833612,0.1907748525718269,13183170,11921260
NIFTY26060223400CE,buy,current,2026-06-02T11:25:00+05:30,26.1,2026-06-02T11:36:00+05:30,16.95,stop,1,65,-594.7500000000001,15.93,15.94,10.500298237476002,10.099071609503635,0.2713232457985025,0.25056413447392,25506130,27326585
NIFTY26060223350PE,buy,current,2026-06-02T11:40:00+05:30,66.3,2026-06-02T12:33:00+05:30,43.1,stop,1,65,-1507.9999999999998,16.0225,15.9725,10.43706644536409,11.646671079103447,0.20409052956100068,0.17500833594666215,12253735,10832185
NIFTY26060923300CE,buy,current,2026-06-03T09:50:00+05:30,207.1,2026-06-03T09:56:00+05:30,185.6,candle_reversal,1,65,-1397.5,16.25,16.425,16.03337562598829,16.04315760895978,0.7396862526221392,0.7528378681435086,9763975,9472255
NIFTY26060923300PE,buy,current,2026-06-03T10:15:00+05:30,216.95,2026-06-03T10:21:00+05:30,194.6,candle_reversal,1,65,-1452.7499999999995,16.3725,16.19,13.12242693519963,13.228364414056616,0.6982277901415717,0.6664101783051268,6975410,6981650
NIFTY26060923200PE,buy,current,2026-06-03T10:35:00+05:30,172.8,2026-06-03T12:30:00+05:30,150.5,candle_reversal,1,65,-1449.5000000000007,16.35,16.4325,11.634889404493654,11.318986184555584,0.670016476572418,0.5920610841673811,4603040,5683210
NIFTY26060923300CE,buy,current,2026-06-03T12:35:00+05:30,244.9,2026-06-03T13:06:00+05:30,216.1,candle_reversal,1,65,-1872.0000000000007,16.4075,16.49,11.9242975431355,12.962002448016333,0.6954847162931405,0.8372045517956076,9500270,8476520
NIFTY26060923300CE,buy,current,2026-06-03T13:15:00+05:30,224.75,2026-06-03T15:09:00+05:30,300.3,eod_square_off,1,65,4910.750000000001,16.43,16.3125,11.669276782449755,17.491806344439656,0.8466322524186558,1.4154460266956386,8353540,4997005
NIFTY26060923500CE,buy,current,2026-06-04T09:45:00+05:30,135.05,2026-06-04T10:29:00+05:30,158.75,candle_reversal,1,65,1540.4999999999993,16.175,16.185,19.203363388481403,10.14414457790076,1.1219110221786461,1.509408812276299,8360430,8124155
NIFTY26060923500CE,buy,current,2026-06-04T10:30:00+05:30,155.9,2026-06-04T10:34:00+05:30,141.55,candle_reversal,1,65,-932.7499999999997,16.1475,16.1775,10.14414457790076,10.671717183990424,1.5076368064039753,1.4667807740673466,8130655,8132345
NIFTY26060923400PE,buy,current,2026-06-04T10:35:00+05:30,159.7,2026-06-04T11:36:00+05:30,137.45,candle_reversal,1,65,-1446.25,16.155,16.0475,10.671717183990424,12.786815049325222,1.442661242780363,1.1967296919518533,7094035,6618170
NIFTY26060923500CE,buy,current,2026-06-04T11:40:00+05:30,163.85,2026-06-04T12:34:00+05:30,135.7,candle_reversal,1,65,-1829.7500000000005,16.0525,16.195,12.635580416679037,9.409759066195805,1.2886810967900209,1.311380230532597,8773895,8852805
NIFTY26060923400PE,buy,current,2026-06-04T12:35:00+05:30,157.85,2026-06-04T14:01:00+05:30,144.15,candle_reversal,1,65,-890.4999999999993,16.19,15.9925,9.409759066195805,12.582637281946761,1.301506264231635,1.014855592079865,7261605,5715060
NIFTY26060923500PE,buy,current,2026-06-05T09:50:00+05:30,156.5,2026-06-05T10:10:00+05:30,128.05,candle_reversal,1,65,-1849.2499999999993,15.745,15.6875,13.05203343472059,15.749769098922444,1.5084069009471766,1.5472702249916845,9352135,9936615
NIFTY26060923500CE,buy,current,2026-06-05T10:20:00+05:30,158.85,2026-06-05T10:38:00+05:30,114.75,candle_reversal,1,65,-2866.4999999999995,15.715,15.96,15.114649982766114,16.475437588416533,1.5542661358265382,1.142648036424298,13491075,16467295
NIFTY26060923400PE,buy,current,2026-06-05T10:40:00+05:30,153.3,2026-06-05T11:02:00+05:30,127.3,candle_reversal,1,65,-1690.000000000001,15.98,15.9125,16.680763474958106,13.251221404488803,1.0384421220864855,0.9734287402294356,8272095,9267960
NIFTY26060923500CE,buy,current,2026-06-05T11:05:00+05:30,156.75,2026-06-05T11:58:00+05:30,120.35,candle_reversal,1,65,-2366.0000000000005,15.7725,15.6625,13.807685802850088,10.150472384634877,1.0812459149145386,1.1428790495714354,16301350,16246880
NIFTY26060923400PE,buy,current,2026-06-05T12:00:00+05:30,128.15,2026-06-05T12:25:00+05:30,106.3,candle_reversal,1,65,-1420.2500000000005,15.8525,15.5425,9.968295785732282,8.63554148154162,1.129472182596291,1.2249686605643464,10393955,11286015
NIFTY26060923500CE,buy,current,2026-06-05T12:30:00+05:30,129.3,2026-06-05T12:44:00+05:30,109.65,candle_reversal,1,65,-1277.2500000000005,15.7525,15.7725,8.617930035774398,10.874354747650216,1.2771288778731673,1.0412284732998986,15445300,16395470
NIFTY26060923100PE,buy,current,2026-06-08T09:40:00+05:30,83.2,2026-06-08T09:55:00+05:30,77.6,candle_reversal,1,65,-364.00000000000057,17.14,16.945,18.148464562825094,15.200824753063056,0.6374342178184436,0.6218011561230142,14494675,14884155
NIFTY26060923200CE,buy,current,2026-06-08T10:00:00+05:30,122.9,2026-06-08T10:45:00+05:30,116.75,candle_reversal,1,65,-399.75000000000034,16.94,16.995,13.677402794987758,9.866184074248135,0.6975309562771022,0.7346242321957448,9809475,10085595
NIFTY26060923200CE,buy,current,2026-06-08T11:00:00+05:30,125.8,2026-06-08T11:25:00+05:30,112.6,candle_reversal,1,65,-858.0000000000002,16.9775,16.9975,8.542694843843696,8.004049594466874,0.7306947242577875,0.6916555103517803,10790455,12406550
NIFTY26060923200PE,buy,current,2026-06-08T11:30:00+05:30,115.7,2026-06-08T11:40:00+05:30,107.35,candle_reversal,1,65,-542.7500000000006,16.9325,16.925,7.887357102966521,7.03356808682761,0.6936220012464043,0.7046886739585465,15803385,15992405
NIFTY26060923200CE,buy,current,2026-06-08T12:25:00+05:30,133.1,2026-06-08T14:17:00+05:30,86.5,stop,1,65,-3028.9999999999995,16.795,17.1175,6.114321679042462,7.450684004063915,0.7958285507058327,0.5899012146325825,11471395,15889120
NIFTY26060923200PE,buy,current,2026-06-08T14:20:00+05:30,124.5,2026-06-08T15:09:00+05:30,130.7,eod_square_off,1,65,402.99999999999926,17.125,16.9975,8.299314268810361,12.191537386431346,0.5627714779261218,0.4492070433792969,14116050,8354125
NIFTY26060923200PE,buy,current,2026-06-09T09:40:00+05:30,45.8,2026-06-09T09:54:00+05:30,43.5,candle_reversal,1,65,-149.49999999999983,15.905,15.9675,12.559052845038973,11.153793543408694,0.5722437027171587,0.4940561263487033,29518450,26851435
NIFTY26060923200PE,buy,current,2026-06-09T10:00:00+05:30,52.95,2026-06-09T10:45:00+05:30,66.05,candle_reversal,1,65,851.4999999999997,15.9875,16.195,10.526295063278454,6.085581656672495,0.45528224327799655,0.3386403095762365,25034035,17880330
NIFTY26060923100PE,buy,current,2026-06-09T10:50:00+05:30,36.0,2026-06-09T11:05:00+05:30,23.4,stop,1,65,-819.0000000000001,16.295,16.2025,7.662335945861775,6.6357542455675445,0.298835361018014,0.32600278036794256,22165780,25528035
NIFTY26060923200CE,buy,current,2026-06-09T11:40:00+05:30,26.85,2026-06-09T12:58:00+05:30,26.0,candle_reversal,1,65,-55.25000000000009,16.245,16.025,8.344968185548082,8.578335609812411,0.3068662899277478,0.581019198362583,49364510,39539825
NIFTY26060923200CE,buy,current,2026-06-09T13:05:00+05:30,29.0,2026-06-09T13:56:00+05:30,18.85,stop,1,65,-659.7499999999999,16.0,15.945,8.812263514838266,8.40834661626898,0.5601946783137609,0.5632831882676002,43530110,44050305
NIFTY26061623800CE,buy,current,2026-06-10T09:50:00+05:30,46.15,2026-06-10T12:41:00+05:30,34.65,candle_reversal,1,65,-747.5,15.675,15.4375,10.446638163812738,5.621099229510266,0.06634030689526485,0.046663799519654686,4053855,6043830
NIFTY26061623800PE,buy,current,2026-06-10T12:45:00+05:30,478.0,2026-06-10T13:01:00+05:30,432.0,candle_reversal,1,65,-2990.0,15.435,15.3775,5.9585659647356355,7.436220150797929,0.04646174437111306,0.0466908680345928,438035,442650
NIFTY26061623800CE,buy,current,2026-06-10T13:05:00+05:30,44.3,2026-06-10T13:16:00+05:30,42.4,candle_reversal,1,65,-123.49999999999991,15.3225,15.425,8.030275390416753,8.130258727526792,0.04829731009150123,0.04835099710597276,5990140,5943730
NIFTY26061623800PE,buy,current,2026-06-10T13:25:00+05:30,435.8,2026-06-10T13:48:00+05:30,464.0,candle_reversal,1,65,1832.9999999999993,15.3725,15.4975,8.150387999944636,9.365686948661628,0.047975766749047105,0.047243956999093964,455845,455260
NIFTY26061623800CE,buy,current,2026-06-11T09:45:00+05:30,11.6,2026-06-11T09:57:00+05:30,11.0,candle_reversal,1,65,-38.99999999999998,15.6075,15.615,15.261311935735927,14.1725184953607,0.04706390672040013,0.04569132252488856,5296980,5238545
NIFTY26061623800PE,buy,current,2026-06-11T10:00:00+05:30,678.8,2026-06-11T10:09:00+05:30,650.35,candle_reversal,1,65,-1849.2499999999955,15.605,15.54,14.131151151612288,13.733677813647331,0.045637867977933684,0.04506402539126628,409110,409695
NIFTY26061623800CE,buy,current,2026-06-11T10:10:00+05:30,11.7,2026-06-11T11:13:00+05:30,10.65,candle_reversal,1,65,-68.24999999999993,15.53,15.58,13.733677813647331,10.009452732292804,0.04491018547191823,0.04470084653008508,5224830,4977245
NIFTY26061623800PE,buy,current,2026-06-11T12:50:00+05:30,524.95,2026-06-11T13:00:00+05:30,477.2,candle_reversal,1,65,-3103.7500000000036,15.5625,15.565,9.260962698693648,10.251586668741934,0.045548392533603,0.04545855096612939,403000,403455
NIFTY26061623800PE,buy,current,2026-06-11T13:15:00+05:30,537.15,2026-06-11T15:09:00+05:30,647.45,eod_square_off,1,65,7169.500000000005,15.5975,15.6325,9.653507375534023,14.155629082839184,0.04513997392593772,0.04316999111527684,406055,391495
NIFTY26061623800PE,buy,current,2026-06-12T09:45:00+05:30,431.4,2026-06-12T10:24:00+05:30,435.65,candle_reversal,1,65,276.25,14.88,14.98,13.959846958117867,8.572077545078338,0.03576782659306161,0.03155874407042787,488085,433940
NIFTY26061623800PE,buy,current,2026-06-12T10:25:00+05:30,435.25,2026-06-12T10:57:00+05:30,441.8,candle_reversal,1,65,425.75000000000074,14.9825,15.01,8.572077545078338,7.151797377100259,0.03145989740665323,0.030563739270100667,432380,438685
NIFTY26061623800CE,buy,current,2026-06-12T11:50:00+05:30,14.8,2026-06-12T12:09:00+05:30,13.4,candle_reversal,1,65,-91.00000000000003,14.8225,14.835,5.697304664472269,6.316231660478705,0.029440429072392027,0.02935069765545985,10179390,10064080
NIFTY26061623800PE,buy,current,2026-06-12T12:15:00+05:30,464.3,2026-06-12T12:23:00+05:30,451.0,candle_reversal,1,65,-864.5000000000007,14.83,14.7675,6.5669757242407405,6.372781278666049,0.028958831519503157,0.028879967437827232,428285,426400
NIFTY26061623800CE,buy,current,2026-06-12T13:30:00+05:30,15.45,2026-06-12T14:09:00+05:30,39.6,candle_reversal,1,65,1569.7500000000002,14.7575,14.805,10.21254067236841,9.284906512670295,0.02829139510768013,0.04007896396150786,9388600,7860580
NIFTY26061623800CE,buy,current,2026-06-12T14:10:00+05:30,37.5,2026-06-12T15:09:00+05:30,79.1,eod_square_off,1,65,2703.9999999999995,14.7825,14.76,9.284906512670295,11.895767567782064,0.04012093114186368,0.07509531132542148,7828015,7210515
NIFTY26061624000CE,buy,current,2026-06-15T09:45:00+05:30,81.45,2026-06-15T10:06:00+05:30,70.9,candle_reversal,1,65,-685.7499999999998,14.225,14.2025,14.596692178987917,10.333017215737256,0.7090412131816667,0.7316314916635868,21734570,24003005
NIFTY26061624000CE,buy,current,2026-06-15T10:45:00+05:30,84.5,2026-06-15T11:02:00+05:30,88.35,candle_reversal,1,65,250.24999999999963,14.035,14.0175,6.975792332340014,8.174832382664482,0.8465430790542381,1.0959027930331766,23850320,19026540
NIFTY26061623900PE,buy,current,2026-06-15T12:10:00+05:30,77.7,2026-06-15T13:08:00+05:30,87.6,candle_reversal,1,65,643.4999999999994,14.0175,14.21,6.730523949741025,5.912594899117075,0.8345344022431036,0.5357639469516978,15888470,14387490
NIFTY26061623900PE,buy,current,2026-06-15T13:10:00+05:30,67.45,2026-06-15T13:24:00+05:30,84.85,candle_reversal,1,65,1130.9999999999995,14.1,14.1425,6.086695263466011,7.251770551282573,0.5159362482937636,0.5124878026511758,13397670,13170105
NIFTY26061623900PE,buy,current,2026-06-15T13:30:00+05:30,88.65,2026-06-15T15:09:00+05:30,101.9,eod_square_off,1,65,861.25,14.205,14.3675,6.94974897605404,11.710039532797493,0.5219836250871426,0.44536980531524095,13810745,9665500
NIFTY26061623900PE,buy,current,2026-06-16T09:45:00+05:30,40.35,2026-06-16T10:21:00+05:30,26.25,stop,1,65,-916.5000000000001,13.7475,13.5775,10.899417245792565,9.158408374390886,0.7345577474279448,0.7059716154310919,33316725,37333660
NIFTY26061624000CE,buy,current,2026-06-16T10:35:00+05:30,27.55,2026-06-16T11:03:00+05:30,20.05,candle_reversal,1,65,-487.5,13.5375,13.5575,7.534973244354405,7.222106484817763,0.8286539094302521,1.0887444598783016,45084845,41372175
NIFTY26061623900PE,buy,current,2026-06-16T11:40:00+05:30,29.3,2026-06-16T11:50:00+05:30,19.05,stop,1,65,-666.25,13.62,13.5525,7.646533128569565,8.608654951073673,0.8257232316878157,0.8102771158052229,45833840,45676280
NIFTY26061623900PE,buy,current,2026-06-16T12:20:00+05:30,28.1,2026-06-16T12:28:00+05:30,18.25,stop,1,65,-640.2500000000001,13.585,13.5275,8.407773184963306,8.704075751467885,0.8301566882889899,0.7901301508216497,50014965,47363680
NIFTY26061623950CE,buy,current,2026-06-16T12:30:00+05:30,25.85,2026-06-16T12:35:00+05:30,22.75,candle_reversal,1,65,-201.50000000000009,13.5225,13.5125,8.450213197791712,8.076617379214243,0.8151047107080074,0.8407753879620936,36885225,37788920
NIFTY26061624000CE,buy,current,2026-06-16T13:25:00+05:30,13.25,2026-06-16T13:53:00+05:30,8.6,stop,1,65,-302.25,13.4325,13.435,7.389044763987022,7.2000449027711335,0.8486913813342712,0.9639406083657581,59603765,60396375
NIFTY26062324000CE,buy,current,2026-06-17T09:45:00+05:30,196.65,2026-06-17T10:03:00+05:30,184.45,candle_reversal,1,65,-793.0000000000011,13.4075,13.4575,9.426334053987402,7.974120477130874,1.7745060714409322,1.8344146636349614,8610810,8715135
NIFTY26062324000CE,buy,current,2026-06-17T10:20:00+05:30,198.2,2026-06-17T11:00:00+05:30,198.2,candle_reversal,1,65,0.0,13.49,13.445,7.1469578482595875,7.248441403041808,1.778150510387722,1.9343226509578435,8744970,8586240
NIFTY26062324100CE,buy,current,2026-06-17T11:15:00+05:30,146.85,2026-06-17T11:37:00+05:30,146.15,candle_reversal,1,65,-45.49999999999926,13.3975,13.3675,6.515122320750043,7.102097245080091,1.8454417072022595,1.9637859295263507,7272720,7085000
NIFTY26062324000PE,buy,current,2026-06-17T12:00:00+05:30,145.9,2026-06-17T12:43:00+05:30,140.75,candle_reversal,1,65,-334.75000000000034,13.39,13.3725,6.851541377027756,5.952435926538128,1.775206322867997,1.532104657161295,12848095,11933220
NIFTY26062324000PE,buy,current,2026-06-17T12:45:00+05:30,139.75,2026-06-17T14:38:00+05:30,138.45,candle_reversal,1,65,-84.50000000000074,13.37,13.265,6.080833360356833,7.627713276027289,1.5203145171670054,1.3603160486430317,11904295,11173825
NIFTY26062324100CE,buy,current,2026-06-18T09:45:00+05:30,132.95,2026-06-18T10:39:00+05:30,109.35,candle_reversal,1,65,-1533.9999999999995,12.935,12.865,10.712974602717113,8.198439155265055,1.7061832491446076,1.7642868040676347,10098140,11139180
NIFTY26062324000PE,buy,current,2026-06-18T10:40:00+05:30,100.75,2026-06-18T10:55:00+05:30,95.45,candle_reversal,1,65,-344.49999999999983,12.935,13.0,8.198439155265055,9.066948532086247,1.6740956745122544,1.4733765356301445,10655385,10508810
NIFTY26062324000PE,buy,current,2026-06-18T11:15:00+05:30,115.4,2026-06-18T12:29:00+05:30,75.0,stop,1,65,-2626.0000000000005,13.0625,12.775,8.22709766166951,7.904315684894234,1.378391909482327,1.5895650856748673,10204675,10792665
NIFTY26062324100CE,buy,current,2026-06-18T12:30:00+05:30,127.4,2026-06-18T14:21:00+05:30,108.0,candle_reversal,1,65,-1261.0000000000005,12.8275,12.8575,7.904315684894234,6.138945582894529,1.6809333460507947,1.9146128183294053,11299665,10739430
NIFTY26062324000CE,buy,current,2026-06-19T09:45:00+05:30,113.25,2026-06-19T10:27:00+05:30,113.0,candle_reversal,1,65,-16.25,13.355,13.2075,12.169128846381598,7.866886204883867,1.1705397965146047,1.3995541502248297,19392945,19028490
NIFTY26062324000PE,buy,current,2026-06-19T10:55:00+05:30,139.95,2026-06-19T11:11:00+05:30,133.3,candle_reversal,1,65,-432.2499999999985,13.345,13.33,6.785155828638632,6.628342125358779,1.1072807467049508,1.0212532129503382,13595985,13028600
NIFTY26062323900PE,buy,current,2026-06-19T13:00:00+05:30,96.5,2026-06-19T13:15:00+05:30,100.1,candle_reversal,1,65,233.99999999999963,13.5525,13.58,6.327410279557107,6.4813304803191505,1.0775295126833053,0.9086977145780923,11033100,10381085
NIFTY26062324000CE,buy,current,2026-06-19T13:50:00+05:30,108.15,2026-06-19T13:54:00+05:30,105.7,candle_reversal,1,65,-159.25000000000017,13.3925,13.4,6.425541690697002,6.159286032166743,0.9320965594593937,0.969292388626089,24828635,24399375
NIFTY26062324000CE,buy,current,2026-06-19T14:00:00+05:30,112.15,2026-06-19T14:43:00+05:30,108.65,candle_reversal,1,65,-227.5,13.31,13.2425,6.032930547430486,9.690667263026873,0.9789552714630387,1.2609512054833916,23777780,19046690
NIFTY26062324100PE,buy,current,2026-06-22T09:45:00+05:30,73.65,2026-06-22T09:53:00+05:30,66.9,candle_reversal,1,65,-438.75,13.0,13.0425,10.309520948221024,9.076719664381718,2.657218715349957,2.4571407376482135,17242420,18292170
NIFTY26062324100CE,buy,current,2026-06-22T10:00:00+05:30,98.45,2026-06-22T10:05:00+05:30,93.25,candle_reversal,1,65,-338.00000000000017,12.97,13.0,8.514530638609907,7.715850009511965,2.6897352220645265,2.794227201682759,16658915,16422705
NIFTY26062324100CE,buy,current,2026-06-22T11:00:00+05:30,101.65,2026-06-22T11:53:00+05:30,97.05,candle_reversal,1,65,-299.00000000000057,12.89,12.8675,6.809250048687862,5.760332671040745,3.4655150169287428,3.773654783864556,15396875,14960855
NIFTY26062324100PE,buy,current,2026-06-22T12:05:00+05:30,58.65,2026-06-22T13:17:00+05:30,52.0,candle_reversal,1,65,-432.2499999999999,12.88,12.8475,5.8220110818658215,5.0435174867696,3.5923937220500894,2.725396554125049,28871180,24307140
NIFTY26062324100CE,buy,current,2026-06-23T09:40:00+05:30,51.95,2026-06-23T10:26:00+05:30,44.95,candle_reversal,1,65,-455.0,12.5825,12.4875,8.562135081452121,5.903533088514832,3.9410279326873043,4.046646973348544,22067045,29446430
NIFTY26062324100PE,buy,current,2026-06-23T10:55:00+05:30,30.35,2026-06-23T11:14:00+05:30,22.05,candle_reversal,1,65,-539.5,12.4875,12.4825,6.583191842927387,6.009409181598295,3.21002888671998,2.893673540720028,50667630,45847490
NIFTY26062324100CE,buy,current,2026-06-23T11:20:00+05:30,46.9,2026-06-23T11:32:00+05:30,33.6,candle_reversal,1,65,-864.4999999999998,12.465,12.4675,5.951060036857922,6.2856511923649165,3.467250131803662,3.6267109700456257,37629540,37043630
NIFTY26062324100PE,buy,current,2026-06-23T11:40:00+05:30,28.8,2026-06-23T13:20:00+05:30,174.0,candle_reversal,1,65,9438.0,12.485,13.6675,6.182137459828569,7.558947438862726,3.1275720439379313,0.7189446349805699,50590150,5433350
NIFTY26062323900PE,buy,current,2026-06-23T13:25:00+05:30,30.1,2026-06-23T14:12:00+05:30,19.55,stop,1,65,-685.75,13.7975,13.7375,6.956479013987791,9.51395547489452,0.7182669293777236,0.7281631321581066,31370950,24104015
NIFTY26063023800PE,buy,current,2026-06-24T09:50:00+05:30,144.0,2026-06-24T10:10:00+05:30,101.05,candle_reversal,1,65,-2791.75,14.0075,13.7525,14.487248379765845,12.241945580627599,0.8987820976188601,1.0392052090455146,7945600,9082905
NIFTY26063024000CE,buy,current,2026-06-24T10:15:00+05:30,114.45,2026-06-24T12:09:00+05:30,147.3,candle_reversal,1,65,2135.2500000000005,13.74,13.6425,10.782281021665517,7.4625519014094,1.1197361830193095,1.7512752950100552,15297380,14048860
NIFTY26063024000CE,buy,current,2026-06-24T12:10:00+05:30,146.45,2026-06-24T12:29:00+05:30,151.45,candle_reversal,1,65,325.0,13.6575,13.6375,7.4625519014094,7.136522544045422,1.7681680801616486,1.780067672298498,14006415,14240545
NIFTY26063024000CE,buy,current,2026-06-24T12:30:00+05:30,146.2,2026-06-24T15:09:00+05:30,166.55,eod_square_off,1,65,1322.7500000000014,13.6225,13.405,7.136522544045422,9.813085204017826,1.7863832911098798,1.9952760832802934,14243015,11535720
NIFTY26063024100CE,buy,current,2026-06-25T09:50:00+05:30,154.3,2026-06-25T10:54:00+05:30,158.4,candle_reversal,1,65,266.49999999999966,12.815,12.725,10.623443516898385,7.313427230774337,2.2730300817146722,2.6426273114811822,8100820,6985680
NIFTY26063024100CE,buy,current,2026-06-25T11:00:00+05:30,164.2,2026-06-25T12:29:00+05:30,186.3,candle_reversal,1,65,1436.5000000000014,12.7475,12.8675,7.444053885278156,7.9050774800634525,2.6731782644920083,3.0194893767566184,6852235,5323240
NIFTY26063024000PE,buy,current,2026-06-25T13:15:00+05:30,46.4,2026-06-25T13:19:00+05:30,41.45,candle_reversal,1,65,-321.7499999999997,12.9425,12.89,8.879057192800307,8.990175935411092,2.9987990969773817,2.9840811616227283,15807775,15856135
NIFTY26063024000PE,buy,current,2026-06-25T14:10:00+05:30,47.8,2026-06-25T15:09:00+05:30,66.5,eod_square_off,1,65,1215.5000000000002,13.02,13.07,8.70206892756356,14.905893620260668,2.9372540848854043,2.074057908183229,15678705,13432655
NIFTY26063024100CE,buy,current,2026-06-29T09:40:00+05:30,77.8,2026-06-29T10:49:00+05:30,80.95,candle_reversal,1,65,204.75000000000037,13.64,13.45,15.128395156700764,9.58620755804668,1.7412980758593024,2.5771403898294136,19428500,19380725
NIFTY26063024100CE,buy,current,2026-06-29T10:50:00+05:30,75.6,2026-06-29T11:32:00+05:30,62.35,candle_reversal,1,65,-861.2499999999995,13.4425,13.4825,9.58620755804668,8.819814144019606,2.5909091832591638,2.2387264436858225,19341335,22287265
NIFTY26063024000PE,buy,current,2026-06-29T11:35:00+05:30,66.05,2026-06-29T12:58:00+05:30,101.25,candle_reversal,1,65,2288.0,13.5325,13.8825,10.221421379282258,8.41392336776015,1.8926683876027308,1.0462260997883903,23514570,16658310
NIFTY26063023900PE,buy,current,2026-06-29T13:00:00+05:30,56.0,2026-06-29T13:31:00+05:30,54.6,candle_reversal,1,65,-90.99999999999991,13.8275,13.8225,8.273643127205906,7.707225673028228,1.0507095724585704,1.080576866436274,14213225,15350790
NIFTY26063024000PE,buy,current,2026-06-29T13:35:00+05:30,96.25,2026-06-29T13:55:00+05:30,101.75,candle_reversal,1,65,357.5,13.8225,13.8775,9.069487902202406,9.362885306306348,1.1317573159101835,1.085141142055891,17610285,16950285
NIFTY26063023800PE,buy,current,2026-06-30T09:50:00+05:30,37.1,2026-06-30T10:02:00+05:30,24.1,stop,1,65,-845.0,13.9175,13.7775,12.154907270251572,9.949984615820227,0.6834209755033869,0.7083988066757688,16507790,17965090
NIFTY26063024000CE,buy,current,2026-06-30T10:05:00+05:30,31.85,2026-06-30T10:09:00+05:30,20.7,stop,1,65,-724.7500000000001,13.6775,13.8275,10.237486735069629,10.78934402764494,0.7506233752735719,0.778633393636008,45802010,46036725
NIFTY26063023900PE,buy,current,2026-06-30T10:10:00+05:30,63.85,2026-06-30T10:49:00+05:30,41.5,stop,1,65,-1452.75,13.805,13.5975,10.78934402764494,8.974262159947957,0.7745680446219096,0.8406317569433289,17944485,23181600
NIFTY26063024000CE,buy,current,2026-06-30T10:50:00+05:30,27.25,2026-06-30T10:59:00+05:30,17.7,stop,1,65,-620.75,13.5575,13.7175,8.974262159947957,9.480240221596627,0.8320678627252289,0.8545327354936552,48194485,48241775
NIFTY26063023900PE,buy,current,2026-06-30T11:00:00+05:30,59.65,2026-06-30T11:11:00+05:30,38.75,stop,1,65,-1358.5,13.7175,13.5025,9.480240221596627,10.047036964451612,0.8464588604243174,0.8418285700534993,23549175,23893935
NIFTY26063024000CE,buy,current,2026-06-30T11:15:00+05:30,28.4,2026-06-30T11:29:00+05:30,42.05,candle_reversal,1,65,887.2499999999999,13.4425,13.2825,10.407449056450462,12.28333641796084,0.9483810393056701,1.4215211033521022,45559095,34785910
NIFTY26070724200CE,buy,current,2026-07-01T09:50:00+05:30,70.4,2026-07-01T11:33:00+05:30,81.6,candle_reversal,1,65,727.9999999999993,13.685,13.4625,10.411964457659769,6.795345147376876,0.08937178292413145,0.09244776873066969,5615610,6797310
NIFTY26070724200CE,buy,current,2026-07-01T11:35:00+05:30,78.1,2026-07-01T14:30:00+05:30,83.45,candle_reversal,1,65,347.75000000000057,13.4825,13.345,6.845677636849956,6.773047116761625,0.09264153126917217,0.09674205801889149,6767150,7154745
NIFTY26070724200CE,buy,current,2026-07-02T09:45:00+05:30,114.95,2026-07-02T09:50:00+05:30,109.6,candle_reversal,1,65,-347.75000000000057,12.765,12.74,10.678953277466258,9.572431088749207,0.17924308070879147,0.18291145392585137,7054385,7329725
NIFTY26070724200PE,buy,current,2026-07-02T10:05:00+05:30,160.35,2026-07-02T10:39:00+05:30,160.15,candle_reversal,1,65,-12.999999999999261,12.8275,12.6825,8.780424477044482,8.715706226645802,0.15444651938131712,0.11688038227137534,3558035,2673060
NIFTY26070724200PE,buy,current,2026-07-02T10:55:00+05:30,165.05,2026-07-02T11:46:00+05:30,179.8,candle_reversal,1,65,958.75,12.705,12.745,8.282693650869318,7.6644246302871695,0.11860531919692138,0.10553149104723078,2759120,2470130
NIFTY26070724200CE,buy,current,2026-07-02T12:20:00+05:30,87.8,2026-07-02T12:33:00+05:30,87.6,candle_reversal,1,65,-13.000000000000185,12.57,12.575,7.463617854290493,6.839469179234299,0.11759914546097593,0.13036582684888354,9306505,9125415
NIFTY26070724200CE,buy,current,2026-07-02T12:40:00+05:30,93.8,2026-07-02T14:28:00+05:30,92.3,candle_reversal,1,65,-97.5,12.5425,12.5175,6.604413491023728,7.7924097668551235,0.1357055006573646,0.1693477902580571,9046115,8893495
NIFTY26070724300PE,buy,current,2026-07-03T09:45:00+05:30,80.0,2026-07-03T11:43:00+05:30,75.0,candle_reversal,1,65,-325.0,11.99,11.8525,11.462509204660645,6.001311141752749,0.7468788546292572,0.6517697777571099,15785770,18112705
NIFTY26070724400CE,buy,current,2026-07-03T12:15:00+05:30,82.8,2026-07-03T13:12:00+05:30,58.85,candle_reversal,1,65,-1556.7499999999998,11.8475,11.8775,6.337877614998108,7.223233163769672,0.8015456964437339,0.6377551087168442,13746590,15675725
NIFTY26070724300PE,buy,current,2026-07-03T13:15:00+05:30,85.6,2026-07-03T15:09:00+05:30,95.5,eod_square_off,1,65,643.5000000000003,11.8875,11.8,7.584573493250336,7.395677005150368,0.605740736903183,0.3778644093564577,18032040,11432200
NIFTY26070724400CE,buy,current,2026-07-06T10:20:00+05:30,65.65,2026-07-06T12:21:00+05:30,87.0,candle_reversal,1,65,1387.7499999999995,11.8975,11.875,7.721119062354366,6.05987271252325,0.9491910659984267,1.3778806756838315,19064955,16178890
NIFTY26070724500CE,buy,current,2026-07-06T12:25:00+05:30,40.15,2026-07-06T12:40:00+05:30,40.05,candle_reversal,1,65,-6.500000000000092,11.8725,11.9075,5.7174345296695375,6.14008252236187,1.3843808209359147,1.4291124003086693,15662140,16350165
NIFTY26070724500CE,buy,current,2026-07-06T13:10:00+05:30,40.5,2026-07-06T13:48:00+05:30,33.65,candle_reversal,1,65,-445.2500000000001,11.935,11.92,6.527619775955387,6.135283993830883,1.3659507435460807,1.3506646698341402,17679025,19085560
NIFTY26070724400PE,buy,current,2026-07-06T13:55:00+05:30,61.6,2026-07-06T14:25:00+05:30,61.35,candle_reversal,1,65,-16.25,11.87,11.885,6.683564744092811,6.421665108147105,1.3385041308054872,1.120471974282071,35098115,31910060
NIFTY26070724500CE,buy,current,2026-07-07T09:45:00+05:30,22.8,2026-07-07T12:10:00+05:30,35.45,candle_reversal,1,65,822.2500000000001,11.855,11.745,11.661503763966163,6.312725024433694,1.0019954970611276,1.7045475413465507,38955735,32740370
NIFTY26070724500CE,buy,current,2026-07-07T12:15:00+05:30,27.75,2026-07-07T12:31:00+05:30,18.05,stop,1,65,-630.5,11.7175,11.685,6.734982544326701,7.528472815474816,1.6627485690833448,1.498701031731686,34454550,42716115
NIFTY26070724450PE,buy,current,2026-07-07T12:40:00+05:30,25.45,2026-07-07T14:03:00+05:30,16.55,stop,1,65,-578.4999999999999,11.6825,11.62,9.655094723846558,7.955140426253743,1.1957903553845035,0.9020192962928645,42708900,39197665
NIFTY26070724400PE,buy,current,2026-07-07T14:05:00+05:30,4.9,2026-07-07T14:09:00+05:30,3.2,stop,1,65,-110.50000000000001,11.615,11.61,7.8904875386641375,8.136249664747387,0.8894534424298132,0.8903147274697757,61712235,60951540
NIFTY26070724400PE,buy,current,2026-07-07T14:25:00+05:30,4.05,2026-07-07T14:28:00+05:30,2.65,stop,1,65,-91.0,11.6175,11.5675,6.569492325116259,6.258269218493903,0.9657489281170143,0.9793519098940549,65050830,64123540
NIFTY26071424200CE,buy,current,2026-07-08T09:50:00+05:30,160.5,2026-07-08T10:15:00+05:30,150.65,candle_reversal,1,65,-640.2499999999997,12.315,12.295,11.21083466477553,10.482057202280677,2.297574169149942,2.4677519666192995,6501690,6933030
NIFTY26071424250CE,buy,current,2026-07-08T10:40:00+05:30,145.4,2026-07-08T10:54:00+05:30,140.0,candle_reversal,1,65,-351.00000000000034,12.16,12.115,9.918051797514009,8.579691111142811,2.6340105025106366,3.028009308229321,5848440,5316025
NIFTY26071424250CE,buy,current,2026-07-08T11:00:00+05:30,150.7,2026-07-08T11:44:00+05:30,133.15,candle_reversal,1,65,-1140.7499999999989,12.11,12.2125,8.572460045906059,7.68485697298775,3.0676314809801,3.164305439599255,5404555,5374980
NIFTY26071424200PE,buy,current,2026-07-08T11:45:00+05:30,121.75,2026-07-08T15:09:00+05:30,393.8,eod_square_off,1,65,17683.25,12.22,14.765,7.68485697298775,18.26189157043301,3.1539328950447865,0.6683902736475048,10070515,4292600
NIFTY26071424200CE,buy,current,2026-07-09T10:45:00+05:30,89.7,2026-07-09T11:33:00+05:30,83.65,candle_reversal,1,65,-393.24999999999983,13.3475,13.1475,18.94878824483684,13.634936214391525,1.3001734284266728,1.254670137881598,8172775,8350030
NIFTY26071424000PE,buy,current,2026-07-09T11:50:00+05:30,110.7,2026-07-09T12:24:00+05:30,102.75,candle_reversal,1,65,-516.7500000000002,13.1475,13.135,11.687650418893595,8.973265643136115,1.2292377196023516,1.2268346779880956,9926475,10116145
NIFTY26071424000PE,buy,current,2026-07-09T12:40:00+05:30,121.35,2026-07-09T13:33:00+05:30,106.35,candle_reversal,1,65,-975.0,13.2275,13.1725,8.380056446702921,8.826408126907202,1.2648199016037223,1.1882900740200397,10231975,10123165
NIFTY26071424100CE,buy,current,2026-07-09T13:40:00+05:30,123.2,2026-07-09T14:38:00+05:30,107.25,candle_reversal,1,65,-1036.7500000000002,13.1875,13.155,10.22394230994128,12.135047531383227,1.257193877995453,1.2509478060350736,6775600,6651710
NIFTY26071424200CE,buy,current,2026-07-10T10:00:00+05:30,125.6,2026-07-10T10:31:00+05:30,108.05,candle_reversal,1,65,-1140.7499999999998,12.535,12.455,8.0901055296319,7.148648054553858,2.0417295234016017,2.296754967092145,13159835,13779025
NIFTY26071424200PE,buy,current,2026-07-10T11:10:00+05:30,123.8,2026-07-10T11:58:00+05:30,123.65,candle_reversal,1,65,-9.749999999999446,12.435,12.385,5.900757403391415,5.883715960861367,2.165821604493898,1.7978975696322799,18510765,15314780
NIFTY26071424200PE,buy,current,2026-07-10T12:00:00+05:30,114.25,2026-07-10T12:26:00+05:30,114.8,candle_reversal,1,65,35.749999999999815,12.3575,12.3575,6.077736249371165,5.615407727037086,1.7694826858055341,1.6990022307356578,14788085,14553565
NIFTY26071424200PE,buy,current,2026-07-10T13:25:00+05:30,122.0,2026-07-10T14:23:00+05:30,103.6,candle_reversal,1,65,-1196.0000000000005,12.345,12.325,6.618358454853963,5.5646325372463465,1.9132531327692992,2.039289635248796,17071080,18474300
NIFTY26071424200CE,buy,current,2026-07-10T14:25:00+05:30,106.75,2026-07-10T14:53:00+05:30,100.0,candle_reversal,1,65,-438.75,12.3275,12.3075,5.6278730703002315,6.840277907476464,2.088522671404677,2.4503777120828123,18485675,15594020
NIFTY26071424000CE,buy,current,2026-07-13T09:40:00+05:30,113.55,2026-07-13T10:07:00+05:30,136.0,candle_reversal,1,65,1459.2500000000002,13.2,13.145,15.109969663824987,11.512467517208774,1.514700076919007,2.2617552156179457,12851800,7478445
NIFTY26071424100CE,buy,current,2026-07-13T10:10:00+05:30,79.95,2026-07-13T11:55:00+05:30,106.95,candle_reversal,1,65,1755.0,13.2175,13.365,12.743148012286913,8.008625388030493,2.188884461320433,2.6212060332233458,11887265,10916230
NIFTY26071424200CE,buy,current,2026-07-13T12:00:00+05:30,56.0,2026-07-13T13:29:00+05:30,70.55,candle_reversal,1,65,945.7499999999998,13.38,13.34,7.890182468438288,9.377362207909828,2.6294565827438086,3.564348819445853,15835755,15999555
NIFTY26071424100PE,buy,current,2026-07-14T09:40:00+05:30,66.65,2026-07-14T10:31:00+05:30,55.0,candle_reversal,1,65,-757.2500000000003,13.7475,13.725,15.005816079232105,11.00207757241898,1.9743818285092254,1.3843722359825406,29432650,24427975
NIFTY26071424000PE,buy,current,2026-07-14T10:40:00+05:30,22.1,2026-07-14T10:45:00+05:30,15.85,candle_reversal,1,65,-406.2500000000001,13.7175,13.6975,10.339433495126517,10.374182067683686,1.5675535284292985,1.5831478350834343,43796220,44268315
NIFTY26071424150CE,buy,current,2026-07-14T11:10:00+05:30,30.85,2026-07-14T11:39:00+05:30,20.05,stop,1,65,-702.0,13.52,13.4475,9.551591795203645,9.733674000437544,1.8563329515596578,2.0308920253379075,24498630,25982190
NIFTY26071424000PE,buy,current,2026-07-14T12:10:00+05:30,13.35,2026-07-14T12:42:00+05:30,13.25,candle_reversal,1,65,-6.499999999999977,13.55,13.5875,9.108791466913596,8.399108455594433,1.7197764621214229,1.345644346990711,51087530,52351000
NIFTY26072124200PE,buy,current,2026-07-15T11:15:00+05:30,169.35,2026-07-15T11:27:00+05:30,165.65,candle_reversal,1,65,-240.49999999999926,13.1525,13.135,6.842439908383946,7.028651515863094,0.9314098094574051,0.9110664440155035,10179000,10134995
NIFTY26072124200CE,buy,current,2026-07-15T11:30:00+05:30,148.8,2026-07-15T11:50:00+05:30,135.0,candle_reversal,1,65,-897.0000000000007,13.095,13.12,7.156337276433081,7.357125182173048,0.9309684790300715,0.8907093180087202,10194340,10826725
NIFTY26072124200PE,buy,current,2026-07-15T12:30:00+05:30,170.5,2026-07-15T14:00:00+05:30,239.9,candle_reversal,1,65,4511.0,13.1175,13.4125,6.393145591226642,9.098959758893958,0.8669623811535473,0.49532927478428124,10432825,4794335
NIFTY26072124000PE,buy,current,2026-07-15T14:05:00+05:30,136.5,2026-07-15T15:09:00+05:30,132.25,eod_square_off,1,65,-276.25,13.43,13.245,8.596046951107967,9.130529588242437,0.5132936550183057,0.4997175771268988,7768540,7088445
NIFTY26072124100CE,buy,current,2026-07-16T09:45:00+05:30,156.8,2026-07-16T09:49:00+05:30,147.5,candle_reversal,1,65,-604.5000000000007,12.955,12.9925,11.914245978201901,10.976366305677024,0.6155263772516276,0.6467929359564508,8133125,7920315
NIFTY26072124100PE,buy,current,2026-07-16T10:40:00+05:30,120.0,2026-07-16T10:47:00+05:30,107.2,candle_reversal,1,65,-831.9999999999998,12.9275,12.855,7.559981935621089,7.244944101375519,0.6596493906018834,0.6813888296048325,9043190,9226230
NIFTY26072124200CE,buy,current,2026-07-16T10:50:00+05:30,114.35,2026-07-16T13:37:00+05:30,74.35,stop,1,65,-2600.0,12.835,13.005,6.945895679247351,8.498821264316419,0.7431380540375484,0.6114208484999915,10101715,11232065
NIFTY26072124100PE,buy,current,2026-07-16T13:40:00+05:30,165.1,2026-07-16T15:09:00+05:30,141.25,eod_square_off,1,65,-1550.2499999999995,13.105,12.8875,8.159187722803301,10.16883816551361,0.5796862283349075,0.5427145557837245,7698795,7050030
NIFTY26072124200CE,buy,current,2026-07-17T09:50:00+05:30,136.4,2026-07-17T12:40:00+05:30,141.6,candle_reversal,1,65,337.99999999999926,13.145,13.2725,9.285469896974414,6.947041807291216,1.3896826089984755,1.9903532220960367,13022165,8639800
NIFTY26072124300CE,buy,current,2026-07-17T12:45:00+05:30,100.4,2026-07-17T13:51:00+05:30,65.25,stop,1,65,-2284.7500000000005,13.3025,13.055,7.3925476639433585,8.603803321043777,1.9985599841294848,1.7660918822982392,10611965,10905830
NIFTY26072124200PE,buy,current,2026-07-17T13:55:00+05:30,126.5,2026-07-17T14:11:00+05:30,112.5,candle_reversal,1,65,-910.0,13.0325,13.0975,8.514306084669435,7.446203121813473,1.6452350279055747,1.6563167434459225,20253155,20237295
NIFTY26072124300CE,buy,current,2026-07-17T14:15:00+05:30,139.0,2026-07-17T15:09:00+05:30,122.0,eod_square_off,1,65,-1105.0,13.0775,13.1,7.462849219615096,7.617645254986161,1.7673380376831038,2.1054147893116326,11103690,8653385
NIFTY26072124200PE,buy,current,2026-07-20T09:40:00+05:30,117.65,2026-07-20T09:56:00+05:30,105.0,candle_reversal,1,65,-822.2500000000003,13.595,13.545,14.546383748600539,10.698656139636697,0.9960016523946539,0.8985247953470288,16555370,16125460
NIFTY26072124200CE,buy,current,2026-07-20T10:05:00+05:30,79.6,2026-07-20T10:23:00+05:30,82.45,candle_reversal,1,65,185.25000000000057,13.59,13.535,10.302292467953501,9.007669245708895,0.9344166276647864,1.2046411979648006,22932195,18222100
NIFTY26072124200CE,buy,current,2026-07-20T10:30:00+05:30,93.25,2026-07-20T11:51:00+05:30,65.2,candle_reversal,1,65,-1823.2499999999998,13.455,13.3925,8.164497710643639,6.587476268523839,1.1965246860256495,1.1059895294430664,18980520,22870770
NIFTY26072124200PE,buy,current,2026-07-20T11:55:00+05:30,105.85,2026-07-20T12:58:00+05:30,95.25,candle_reversal,1,65,-688.9999999999997,13.395,13.3525,6.656335773304652,7.95008699209661,1.0432983556722581,0.7794254695794322,22000290,16192410
NIFTY26072124200PE,buy,current,2026-07-21T10:25:00+05:30,42.9,2026-07-21T11:32:00+05:30,45.1,candle_reversal,1,65,143.00000000000017,12.8575,12.7125,7.289265714126782,5.788233250532653,0.8251649992375102,0.6618282721186041,32472570,27749865
NIFTY26072124150PE,buy,current,2026-07-21T11:35:00+05:30,21.4,2026-07-21T11:57:00+05:30,23.9,candle_reversal,1,65,162.5,12.665,12.74,5.656180710918505,5.515378371749696,0.673212922089784,0.6303934661872416,28006160,28594345
NIFTY26072124200CE,buy,current,2026-07-21T13:35:00+05:30,18.75,2026-07-21T13:55:00+05:30,12.2,stop,1,65,-425.75000000000006,12.6,12.7025,5.492374778302079,6.406964683956052,0.7234932143801179,0.8334825139613925,66348230,66091090
NIFTY26072824200CE,buy,current,2026-07-22T10:10:00+05:30,86.85,2026-07-22T10:23:00+05:30,76.55,candle_reversal,1,65,-669.4999999999998,12.9475,13.0125,7.962262458287792,8.026446188519978,0.9796677314579346,0.9521097716476957,15775825,16327025
NIFTY26072824000PE,buy,current,2026-07-22T10:25:00+05:30,171.65,2026-07-22T10:49:00+05:30,161.25,candle_reversal,1,65,-676.0000000000003,13.165,13.0975,7.9245571750541615,7.243391018134725,0.9287742884344521,0.8407936220215861,11406525,11324755
NIFTY26072824000CE,buy,current,2026-07-22T11:25:00+05:30,167.95,2026-07-22T12:00:00+05:30,152.1,candle_reversal,1,65,-1030.2499999999995,12.885,13.01,5.648081647962205,5.887690970750709,0.903315057635208,0.9768896854771811,14271400,13526565
NIFTY26072824000PE,buy,current,2026-07-22T12:10:00+05:30,163.2,2026-07-22T12:50:00+05:30,161.8,candle_reversal,1,65,-90.99999999999852,13.015,13.0275,6.4917039460105626,6.5335937145753205,0.9226322066827479,0.8111791227258239,12818130,11910145
NIFTY26072824000PE,buy,current,2026-07-22T13:05:00+05:30,176.7,2026-07-22T14:37:00+05:30,170.15,candle_reversal,1,65,-425.74999999999886,13.1275,13.335,6.530357561832707,5.6053765587884055,0.852651272837923,0.7894200706001009,12809550,13335140
NIFTY26072824000CE,buy,current,2026-07-23T10:00:00+05:30,107.5,2026-07-23T10:22:00+05:30,113.4,candle_reversal,1,65,383.50000000000034,13.1275,13.1075,9.699606319427883,8.367170026748019,0.9110146238988436,1.005777012913323,15070965,15066870
NIFTY26072824000CE,buy,current,2026-07-23T10:30:00+05:30,116.7,2026-07-23T11:22:00+05:30,110.95,candle_reversal,1,65,-373.75,13.0775,13.0425,8.254842743537916,6.288961103650851,0.9929761783364698,1.0148128878970333,15128230,15116660
NIFTY26072824000PE,buy,current,2026-07-23T11:55:00+05:30,161.0,2026-07-23T15:09:00+05:30,198.4,eod_square_off,1,65,2431.0000000000005,13.1125,13.48,5.6774402241952355,10.598709240795717,0.9596905491278521,0.6335589372830546,12805325,6922955
NIFTY26072823700PE,buy,current,2026-07-24T09:40:00+05:30,132.9,2026-07-24T10:39:00+05:30,143.0,candle_reversal,1,65,656.4999999999997,14.315,14.5075,14.786427691818345,8.421554524335155,0.4736086134092254,0.34980458202947773,10444395,9360130
NIFTY26072823700PE,buy,current,2026-07-24T11:00:00+05:30,154.8,2026-07-24T11:18:00+05:30,140.35,candle_reversal,1,65,-939.2500000000011,14.555,14.4675,6.414880616422707,6.564517899239624,0.3577194445969585,0.34498894717837464,10011365,9501310
NIFTY26072823700CE,buy,current,2026-07-24T11:25:00+05:30,123.0,2026-07-24T13:03:00+05:30,180.55,candle_reversal,1,65,3740.750000000001,14.3825,14.025,7.65290344275016,8.22219343393851,0.35329321075149184,0.6897006301257846,14913795,5514730
NIFTY26072823800CE,buy,current,2026-07-24T13:05:00+05:30,120.0,2026-07-24T13:32:00+05:30,119.6,candle_reversal,1,65,-26.00000000000037,14.0425,14.205,8.095608188657241,7.227028701577645,0.6921965021552952,0.6892816829296773,9100910,9633455
NIFTY26072823800CE,buy,current,2026-07-24T13:55:00+05:30,123.35,2026-07-24T14:12:00+05:30,128.25,candle_reversal,1,65,318.50000000000034,14.165,14.0825,8.765289838934077,8.693250508577254,0.6062653802308746,0.692157800163999,10947170,9730240
NIFTY26072823900PE,buy,current,2026-07-27T10:05:00+05:30,62.05,2026-07-27T10:14:00+05:30,52.65,candle_reversal,1,65,-610.9999999999999,13.2425,13.3575,8.433246284031837,7.557218205466681,0.7123351983509318,0.6534524932676032,15939495,14927120
NIFTY26072823900PE,buy,current,2026-07-27T10:25:00+05:30,63.55,2026-07-27T10:44:00+05:30,56.9,candle_reversal,1,65,-432.2499999999999,13.3125,13.3575,7.081883735164102,7.249922227063185,0.6823864164717984,0.5970574591778336,16816605,14683370
NIFTY26072824000CE,buy,current,2026-07-27T11:20:00+05:30,51.15,2026-07-27T12:01:00+05:30,56.05,candle_reversal,1,65,318.4999999999999,13.21,13.2125,7.076028667467008,6.739367947293078,0.690903260365771,0.9459764701387807,27249040,25302615
NIFTY26072824000CE,buy,current,2026-07-27T12:05:00+05:30,52.7,2026-07-27T12:37:00+05:30,51.5,candle_reversal,1,65,-78.00000000000018,13.1975,13.21,6.724705313485067,6.104806421793979,0.9492968484754627,0.9179229220681767,25476945,26715325
NIFTY26072824000CE,buy,current,2026-07-27T13:05:00+05:30,57.35,2026-07-27T13:29:00+05:30,48.5,candle_reversal,1,65,-575.2500000000001,13.105,13.145,6.254900906813369,5.951807316809811,0.8667372983278986,0.9717733068831234,27851330,25614745
NIFTY26072824000CE,buy,current,2026-07-28T09:40:00+05:30,52.4,2026-07-28T10:02:00+05:30,34.05,stop,1,65,-1192.75,12.7075,12.6425,10.170154097827014,8.909322132155609,1.1441954187003982,1.1002069754134656,29099980,32907290
NIFTY26072824000PE,buy,current,2026-07-28T10:05:00+05:30,55.2,2026-07-28T10:15:00+05:30,40.2,candle_reversal,1,65,-975.0,12.7075,12.6525,9.515180818032183,9.064205688532192,0.9388446428152268,0.8300766536235247,29693365,26170950
NIFTY26072824000CE,buy,current,2026-07-28T10:35:00+05:30,34.65,2026-07-28T11:32:00+05:30,34.75,candle_reversal,1,65,6.500000000000092,12.71,12.655,7.558868872050406,5.283728833435541,1.0069917718680923,1.2925635577307257,38845625,31825950
NIFTY26072824000CE,buy,current,2026-07-28T11:40:00+05:30,37.0,2026-07-28T12:36:00+05:30,31.9,candle_reversal,1,65,-331.5000000000001,12.5975,12.56,5.136118448621686,5.308535623384539,1.1867673313572071,1.2744617176588218,35647755,32617520
NIFTY26072824000PE,buy,current,2026-07-28T13:15:00+05:30,48.0,2026-07-28T13:22:00+05:30,31.2,stop,1,65,-1092.0,12.705,12.655,6.2773622003809635,6.70547461153883,1.0504057279608852,0.9422022647287928,43023565,36235290
NIFTY26072823950PE,buy,current,2026-07-28T13:45:00+05:30,10.1,2026-07-28T13:51:00+05:30,6.55,stop,1,65,-230.75,12.7,12.6425,5.6349386580329375,7.011355735101601,0.9438527469039372,0.9489158122194113,36332530,35110010
NIFTY26080424300CE,buy,current,2026-07-29T09:50:00+05:30,97.2,2026-07-29T14:38:00+05:30,105.05,candle_reversal,1,65,510.24999999999966,12.2175,12.0775,10.365153445077965,6.1403956106035205,0.14374567626099982,0.23287072479699533,5639075,6922500
NIFTY26080424300PE,buy,current,2026-07-30T09:45:00+05:30,152.6,2026-07-30T12:33:00+05:30,103.55,candle_reversal,1,65,-3188.25,12.1575,12.18,9.351312597990828,9.450380564261334,0.19313670856466672,0.23611306102750845,5962905,7716020
NIFTY26080424300CE,buy,current,2026-07-30T12:35:00+05:30,129.35,2026-07-30T13:12:00+05:30,84.1,stop,1,65,-2941.25,12.1725,12.18,10.55749623824272,9.43281928318102,0.2612159357229549,0.2427159559805034,7679880,9018620
NIFTY26080424300PE,buy,current,2026-07-30T13:15:00+05:30,135.85,2026-07-30T13:21:00+05:30,128.15,candle_reversal,1,65,-500.49999999999926,12.225,12.2275,9.610951320702052,7.985138011191084,0.22283707901822025,0.21961783220058156,7223905,7183150
NIFTY26080424300CE,buy,current,2026-07-30T13:55:00+05:30,105.0,2026-07-30T14:15:00+05:30,87.6,candle_reversal,1,65,-1131.0000000000005,12.22,12.215,6.794301917772414,6.164432849781093,0.24018066706987531,0.2225364588207386,8985665,9602255
NIFTY26080424300PE,buy,current,2026-07-30T14:20:00+05:30,142.2,2026-07-30T14:39:00+05:30,128.05,candle_reversal,1,65,-919.7499999999985,12.24,12.1225,6.200944049942813,7.914979854851596,0.20771981220176797,0.18553524685709719,6892340,6077240
NIFTY26080424350CE,buy,current,2026-07-31T09:45:00+05:30,93.65,2026-07-31T10:06:00+05:30,94.4,candle_reversal,1,65,48.75,11.9125,11.9425,11.340018517686895,7.609766104286284,0.27080566758728414,0.3406914844627825,13611325,13374595
NIFTY26080424350CE,buy,current,2026-07-31T10:40:00+05:30,97.0,2026-07-31T11:09:00+05:30,90.7,candle_reversal,1,65,-409.49999999999983,11.865,11.9,6.232392609108865,5.6016478123898485,0.34780988317906086,0.37037836184478445,14003275,13881010
NIFTY26080424400CE,buy,current,2026-07-31T11:25:00+05:30,76.35,2026-07-31T11:40:00+05:30,72.0,candle_reversal,1,65,-282.74999999999966,11.8275,11.815,5.540038629621543,4.937065325725581,0.4115991673315616,0.4364791014461584,15704455,15662400
NIFTY26080424600CE,buy,current,2026-08-03T10:15:00+05:30,54.6,2026-08-03T10:23:00+05:30,53.3,candle_reversal,1,65,-84.50000000000028,11.8075,11.8225,7.050224205337997,6.711245343634102,1.122644531182787,1.2568935070573648,20115290,19595810
NIFTY26080424600CE,buy,current,2026-08-03T10:40:00+05:30,54.8,2026-08-03T11:46:00+05:30,57.35,candle_reversal,1,65,165.75000000000028,11.835,11.9225,7.040737589138915,5.605349310197829,1.2307425392108964,1.4027836259451147,20039630,21604895
NIFTY26080424600CE,buy,current,2026-08-04T09:45:00+05:30,51.7,2026-08-04T10:23:00+05:30,38.75,candle_reversal,1,65,-841.7500000000002,11.8475,11.8975,10.204420197200458,6.6951877420427275,1.045879793424355,1.0629251686729693,32290635,34282235
NIFTY26080424600PE,buy,current,2026-08-04T10:35:00+05:30,47.95,2026-08-04T10:51:00+05:30,45.65,candle_reversal,1,65,-149.50000000000028,11.9975,11.9725,6.515642510614468,5.088887839948467,0.8799238654805267,0.8402077797462166,33807995,31606640
NIFTY26080424550PE,buy,current,2026-08-04T11:35:00+05:30,28.75,2026-08-04T12:20:00+05:30,61.8,candle_reversal,1,65,2148.25,12.025,12.2175,5.2711667792285315,6.768015793383064,0.8251427915857446,0.542630303793454,27348620,12600315
NIFTY26080424500CE,buy,current,2026-08-04T14:20:00+05:30,42.25,2026-08-04T14:36:00+05:30,27.45,stop,1,65,-962.0,12.21,12.3775,7.297482729255696,9.874027398928183,0.5472280601464106,0.5935971004930887,38011285,36416640
NIFTY26081124600PE,buy,current,2026-08-05T09:55:00+05:30,126.1,2026-08-05T10:01:00+05:30,114.6,candle_reversal,1,65,-747.5,12.025,11.8625,8.974062397459381,8.0504815299189,0.8790053676642189,0.8106413426803587,7959640,7550855
NIFTY26081124600PE,buy,current,2026-08-05T10:30:00+05:30,139.45,2026-08-05T10:36:00+05:30,133.85,candle_reversal,1,65,-363.99999999999966,12.1425,12.075,8.3123765861414,8.609104502169933,0.8107498637062002,0.7652005149024655,8351330,7981545
NIFTY26081124600PE,buy,current,2026-08-05T10:40:00+05:30,131.65,2026-08-05T10:49:00+05:30,115.3,candle_reversal,1,65,-1062.7500000000005,12.0775,11.9225,8.20105779565137,7.759266734622055,0.7870764256258591,0.8481160502386603,8442915,8718450
NIFTY26081124600CE,buy,current,2026-08-05T10:50:00+05:30,168.6,2026-08-05T11:20:00+05:30,170.1,candle_reversal,1,65,97.5,11.9325,11.995,7.759266734622055,7.831524274321907,0.8519863280543986,1.0840428086407556,10992605,8401055
NIFTY26081124700CE,buy,current,2026-08-05T11:25:00+05:30,116.75,2026-08-05T11:32:00+05:30,110.05,candle_reversal,1,65,-435.50000000000017,12.0225,12.0525,7.471107476023596,6.67356962507202,1.0733553062481274,1.0098402935051125,8703175,9108515
NIFTY26081124700CE,buy,current,2026-08-06T09:50:00+05:30,136.95,2026-08-06T11:35:00+05:30,134.0,candle_reversal,1,65,-191.74999999999926,12.175,12.2725,8.411577154849189,6.675314577820859,1.2675405281490149,1.4606847650325911,7599345,8929960
NIFTY26081124600PE,buy,current,2026-08-06T12:55:00+05:30,109.7,2026-08-06T14:06:00+05:30,91.9,candle_reversal,1,65,-1156.9999999999998,12.355,12.18,6.518337108341553,8.63621684763989,1.2988262388208651,1.2201812011128428,11086270,11377925
NIFTY26081124700CE,buy,current,2026-08-06T14:25:00+05:30,126.2,2026-08-06T14:31:00+05:30,118.9,candle_reversal,1,65,-474.49999999999983,12.1175,12.125,6.4797199121597355,7.098912259983097,1.340742550073278,1.377497599880693,10548980,10188230
NIFTY26081124600CE,buy,current,2026-08-07T10:00:00+05:30,152.8,2026-08-07T10:12:00+05:30,141.25,candle_reversal,1,65,-750.7500000000007,12.46,12.425,7.77114706029923,7.114114114540692,1.390786816006339,1.3578030365315574,11717810,12160850
NIFTY26081124600PE,buy,current,2026-08-07T10:20:00+05:30,127.75,2026-08-07T10:47:00+05:30,127.9,candle_reversal,1,65,9.75000000000037,12.3925,12.455,7.697927532664003,6.439911231194208,1.147291752773732,0.9179459343065038,18164575,16205540
NIFTY26081124600PE,buy,current,2026-08-07T11:00:00+05:30,132.85,2026-08-07T11:27:00+05:30,124.65,candle_reversal,1,65,-532.9999999999993,12.4925,12.4025,6.376743423269384,5.999903732117078,0.9370377723061777,0.8991777545223502,16449615,15645435
NIFTY26081124600PE,buy,current,2026-08-07T11:50:00+05:30,135.65,2026-08-07T13:24:00+05:30,128.4,candle_reversal,1,65,-471.25,12.4825,12.385,5.689938918981956,6.773398645641357,0.9496552504277638,0.7720332663214134,16506165,14146535
NIFTY26081124600CE,buy,current,2026-08-07T13:50:00+05:30,117.5,2026-08-07T14:30:00+05:30,99.75,candle_reversal,1,65,-1153.75,12.31,12.415,7.979846748467516,7.687950884752145,0.7805178089458165,0.6920848960769301,20909200,21345285
NIFTY26081124600CE,buy,current,2026-08-10T10:20:00+05:30,87.0,2026-08-10T10:53:00+05:30,93.6,candle_reversal,1,65,428.99999999999966,12.63,12.6075,7.867927477834579,6.428946423421345,0.8443003276398842,1.360119504376244,26059215,21819005
NIFTY26081124600CE,buy,current,2026-08-10T11:05:00+05:30,98.35,2026-08-10T11:33:00+05:30,92.25,candle_reversal,1,65,-396.49999999999966,12.6275,12.5,5.728562863778559,6.88117264822034,1.3359756635083335,1.4283740130594582,22038380,20800780
NIFTY26081124600PE,buy,current,2026-08-10T13:10:00+05:30,78.9,2026-08-10T14:59:00+05:30,73.7,candle_reversal,1,65,-338.00000000000017,12.465,12.29,6.223045892165196,7.023776813370981,1.3280216590360547,1.0836561172136334,27113190,20074730
NIFTY26081124500PE,buy,current,2026-08-11T09:50:00+05:30,70.95,2026-08-11T09:59:00+05:30,62.85,candle_reversal,1,65,-526.5000000000001,12.2875,12.245,8.394281863402707,7.86763068348494,0.6155163617489905,0.6062676374437607,18730140,19494930
NIFTY26081124450PE,buy,current,2026-08-11T11:05:00+05:30,43.05,2026-08-11T11:40:00+05:30,41.9,candle_reversal,1,65,-74.74999999999991,12.25,12.29,6.164142014179445,4.933873359579492,0.6422575772093831,0.6058322105291899,19824545,20239115
NIFTY26081124400PE,buy,current,2026-08-11T11:45:00+05:30,23.8,2026-08-11T12:29:00+05:30,22.45,candle_reversal,1,65,-87.75000000000009,12.1675,12.25,4.7887639791480385,5.4760490059046365,0.6199922288014026,0.5943788176718807,26339950,28469415
NIFTY26081124500CE,buy,current,2026-08-11T13:35:00+05:30,27.8,2026-08-11T14:05:00+05:30,18.05,stop,1,65,-633.75,12.0125,12.025,6.953100370601715,5.948824907008137,0.6096212412309472,0.6649160757692226,43915820,43035265
NIFTY26081824400PE,buy,current,2026-08-12T09:50:00+05:30,112.05,2026-08-12T13:02:00+05:30,162.9,candle_reversal,1,65,3305.2500000000005,11.8,11.96,8.706956420820857,5.867612366265077,1.9105046899412297,0.8746080119578445,7972315,6351865
NIFTY26081824300PE,buy,current,2026-08-12T13:05:00+05:30,114.55,2026-08-12T14:42:00+05:30,84.35,candle_reversal,1,65,-1963.0000000000002,11.9525,11.8425,5.639931070912138,7.201970387205159,0.8750167057939476,1.0599651579516256,7152275,8063120
NIFTY26081824400CE,buy,current,2026-08-13T09:50:00+05:30,108.0,2026-08-13T10:11:00+05:30,100.2,candle_reversal,1,65,-506.99999999999983,11.73,11.7,9.490775884642208,7.837497622697086,1.353333450383312,1.4160999929116556,10357685,10515700
NIFTY26081824300PE,buy,current,2026-08-13T10:30:00+05:30,82.95,2026-08-13T10:50:00+05:30,69.6,candle_reversal,1,65,-867.7500000000006,11.705,11.5625,7.025223558992292,5.619937420071888,1.299444898750178,1.2418363712344096,9579180,9656140
NIFTY26081824400CE,buy,current,2026-08-13T11:40:00+05:30,107.95,2026-08-13T12:10:00+05:30,137.05,candle_reversal,1,65,1891.5000000000005,11.5225,11.49,5.32848700456223,6.876169970543887,1.3749948449052936,1.9567820642140723,11233105,8817770
NIFTY26081824500CE,buy,current,2026-08-13T12:15:00+05:30,82.0,2026-08-13T12:49:00+05:30,73.75,candle_reversal,1,65,-536.25,11.5175,11.4925,6.561311446498903,6.0891720913216565,1.9463982979171288,1.8642707427107308,11295895,11746735
NIFTY26081824400PE,buy,current,2026-08-13T13:05:00+05:30,91.35,2026-08-13T13:39:00+05:30,85.15,candle_reversal,1,65,-402.99999999999926,11.465,11.4225,5.535282238154302,6.661282762340127,1.7491361437456807,1.6331958390166144,9837295,9616880
NIFTY26081824400PE,buy,current,2026-08-13T14:10:00+05:30,83.6,2026-08-13T15:09:00+05:30,85.6,eod_square_off,1,65,130.0,11.44,11.44,7.266472341286552,8.083324173224188,1.78791889669499,1.59929986758682,9730370,7660510
NIFTY26081824400CE,buy,current,2026-08-14T10:05:00+05:30,81.9,2026-08-14T10:15:00+05:30,79.8,candle_reversal,1,65,-136.50000000000057,11.44,11.44,7.268596185607206,6.350557018786978,1.347949150013867,1.4001946175272504,15126540,15117765
NIFTY26081824300PE,buy,current,2026-08-14T10:35:00+05:30,66.9,2026-08-14T10:47:00+05:30,60.95,candle_reversal,1,65,-386.75000000000017,11.45,11.3975,7.11427386521843,5.718637624341944,1.138854033007389,1.095204202074431,15229890,15685150
NIFTY26081824350CE,buy,current,2026-08-14T12:15:00+05:30,97.65,2026-08-14T13:33:00+05:30,92.05,candle_reversal,1,65,-364.00000000000057,11.3475,11.375,5.42016886457354,4.432909780048996,1.1579550250195936,1.3643709570773976,14173640,12543505
NIFTY26081824400CE,buy,current,2026-08-14T13:45:00+05:30,109.0,2026-08-14T14:21:00+05:30,92.65,candle_reversal,1,65,-1062.7499999999995,11.335,11.3175,4.719003391539842,5.26470281055793,1.3298492932696808,1.960915030897968,16108170,13088660
NIFTY26081824300PE,buy,current,2026-08-17T10:20:00+05:30,72.05,2026-08-17T12:16:00+05:30,58.45,candle_reversal,1,65,-883.9999999999997,11.5725,11.4775,6.998231694091179,6.533566780039187,0.7390309240812505,0.7230233243916824,16634865,15658305
NIFTY26081824300CE,buy,current,2026-08-17T12:30:00+05:30,65.2,2026-08-17T13:10:00+05:30,109.55,candle_reversal,1,65,2882.7499999999995,11.4575,11.39,5.3808161042629825,7.188461200291903,0.8067230810951856,1.627243293973023,30698590,12514255
NIFTY26081824400CE,buy,current,2026-08-17T13:15:00+05:30,58.15,2026-08-17T14:10:00+05:30,47.35,candle_reversal,1,65,-701.9999999999998,11.3875,11.38,6.949256568657572,4.95852276526658,1.6401311245444434,1.7452540726946018,18091710,20699445
NIFTY26081824200PE,buy,current,2026-08-18T10:20:00+05:30,24.6,2026-08-18T12:51:00+05:30,22.25,candle_reversal,1,65,-152.75000000000009,11.4875,11.6575,5.737973365888392,5.04539971107013,0.7825370340364945,0.6563951852953451,36601630,37727690
NIFTY26081824200PE,buy,current,2026-08-18T12:55:00+05:30,21.1,2026-08-18T13:15:00+05:30,20.6,candle_reversal,1,65,-32.5,11.645,11.595,4.881138179745186,5.269991278945983,0.6688442457456014,0.6604864459371715,38920895,37649365
NIFTY26081824200PE,buy,current,2026-08-18T13:40:00+05:30,24.05,2026-08-18T14:30:00+05:30,15.65,stop,1,65,-546.0,11.63,11.4575,5.473614215416975,7.118842472744457,0.6765052453779774,0.6761255263673847,39239655,40415505
NIFTY26090124300PE,buy,current,2026-08-26T10:20:00+05:30,76.4,2026-08-26T10:31:00+05:30,74.0,candle_reversal,1,65,-156.00000000000037,10.79,10.74,7.210967163454145,7.485510966582708,0.6919642792737555,0.6281754165201336,8711170,8045050
NIFTY26090124300PE,buy,current,2026-08-26T11:05:00+05:30,73.25,2026-08-26T14:37:00+05:30,80.1,candle_reversal,1,65,445.24999999999966,10.72,10.85,5.947622862374944,5.511512161893472,0.6472636087565594,0.4874394656436844,9229805,8142940
NIFTY26090824000CE,buy,current,2026-09-02T10:25:00+05:30,97.3,2026-09-02T10:36:00+05:30,96.05,candle_reversal,1,65,-81.25,11.74,11.72,8.26889132043978,7.0867291819377565,0.9601466017802399,1.0176044435489755,11203660,10878270
NIFTY26090823800PE,buy,current,2026-09-02T11:05:00+05:30,104.45,2026-09-02T11:54:00+05:30,100.25,candle_reversal,1,65,-273.00000000000017,11.94,11.84,6.790395985342683,5.612382769011158,0.9990344879085004,0.8476001251418352,10850775,10241400
NIFTY26090823800PE,buy,current,2026-09-02T12:00:00+05:30,107.3,2026-09-02T12:12:00+05:30,97.0,candle_reversal,1,65,-669.4999999999998,11.88,11.77,5.901561729217183,6.713022228704239,0.828797857877719,0.8064085567823122,10153520,10141430
NIFTY26090824000CE,buy,current,2026-09-02T12:35:00+05:30,90.6,2026-09-02T15:07:00+05:30,85.55,candle_reversal,1,65,-328.24999999999983,11.73,11.66,6.323629173686514,5.833025036209122,0.8469378875795328,1.0649878893445803,13420030,10048935
NIFTY26090824000CE,buy,current,2026-09-03T09:45:00+05:30,146.7,2026-09-03T10:15:00+05:30,129.7,candle_reversal,1,65,-1105.0,10.96,11.04,9.22631529032632,7.718740831874684,1.3379832255771873,1.3328670206597864,9748180,10750610
NIFTY26090824000PE,buy,current,2026-09-03T10:30:00+05:30,93.3,2026-09-03T12:47:00+05:30,137.9,candle_reversal,1,65,2899.0000000000005,11.12,11.43,7.076368136596985,6.961789631797522,1.2902506132250553,0.8550949057225681,13498355,10257780
NIFTY26090823900PE,buy,current,2026-09-03T12:50:00+05:30,88.3,2026-09-03T13:06:00+05:30,85.1,candle_reversal,1,65,-208.00000000000017,11.44,11.37,6.755573713131627,7.184095008535347,0.8466829838409975,0.8302371321937129,8559915,8611265
NIFTY26090823900PE,buy,current,2026-09-03T13:55:00+05:30,86.85,2026-09-03T14:27:00+05:30,79.65,candle_reversal,1,65,-467.99999999999926,11.24,11.19,8.296258762472105,7.919146010852524,0.8211492962079128,0.8270034117447429,8938930,9051315
NIFTY26090824000CE,buy,current,2026-09-04T09:55:00+05:30,93.85,2026-09-04T10:11:00+05:30,87.85,candle_reversal,1,65,-390.0,10.94,11.04,7.404977468529732,6.304251503405373,1.0541718289931155,1.1939570463648088,22388795,21462025
NIFTY26090824000CE,buy,current,2026-09-04T10:25:00+05:30,95.85,2026-09-04T10:36:00+05:30,95.1,candle_reversal,1,65,-48.75,10.98,10.84,5.746886142555362,5.745379355367745,1.1626445230890778,1.2319116201904807,22936940,21683220
NIFTY26090824000PE,buy,current,2026-09-04T12:05:00+05:30,99.8,2026-09-04T14:28:00+05:30,90.6,candle_reversal,1,65,-598.0000000000002,10.97,10.9,5.831216285330144,5.025202609656631,1.5032351298093591,1.146228266822962,20513545,13701740
NIFTY26090823800PE,buy,current,2026-09-07T09:55:00+05:30,54.75,2026-09-07T11:45:00+05:30,65.9,candle_reversal,1,65,724.7500000000003,11.14,11.28,7.099094154104962,5.00828065625649,0.9968241022645983,0.6809730701513936,21551205,18879835
NIFTY26090823800PE,buy,current,2026-09-07T12:30:00+05:30,68.65,2026-09-07T13:53:00+05:30,49.55,candle_reversal,1,65,-1241.5000000000005,11.28,11.19,5.013551808858776,5.40821116344061,0.7166579547581579,0.7278296022799247,21291855,21564140
NIFTY26090823700CE,buy,current,2026-09-08T10:15:00+05:30,56.8,2026-09-08T10:36:00+05:30,36.9,stop,1,65,-1293.5,11.03,11.06,7.548100409112815,7.240076619442875,0.8027064625685519,0.8390172830599142,36468055,38515620
NIFTY26090823700PE,buy,current,2026-09-08T10:40:00+05:30,53.1,2026-09-08T10:49:00+05:30,43.4,candle_reversal,1,65,-630.5000000000002,11.19,11.14,6.8244527452318255,6.1264176416891605,0.7994642680946871,0.7768301246706847,31794750,30568590
NIFTY26090823650PE,buy,current,2026-09-08T11:05:00+05:30,27.85,2026-09-08T12:37:00+05:30,22.95,candle_reversal,1,65,-318.5000000000001,11.21,11.16,6.108710137090133,5.842076372118797,0.7760101258683502,0.7383905725988391,30568720,32179940
NIFTY26090823650PE,buy,current,2026-09-08T12:50:00+05:30,28.1,2026-09-08T15:09:00+05:30,29.7,eod_square_off,1,65,103.99999999999986,11.13,11.25,5.586727031701782,4.852672166798935,0.7816987713422826,0.8159624023818223,34697260,27772485
NIFTY26091523500PE,buy,current,2026-09-09T09:50:00+05:30,107.9,2026-09-09T10:19:00+05:30,96.45,candle_reversal,1,65,-744.2500000000002,11.61,11.64,8.665518834970799,7.902329703944529,1.2785973187362119,1.1013802833907613,13851435,11980540
NIFTY26091523600CE,buy,current,2026-09-09T10:25:00+05:30,122.4,2026-09-09T11:52:00+05:30,103.85,candle_reversal,1,65,-1205.7500000000007,11.64,11.68,8.695486725707275,5.549069480229383,1.2895677720481225,1.3396387366445586,7484490,8848125
NIFTY26091523500PE,buy,current,2026-09-09T11:55:00+05:30,99.2,2026-09-09T12:26:00+05:30,101.3,candle_reversal,1,65,136.49999999999963,11.67,11.69,5.408381337544723,5.609204859716682,1.2975936452150836,1.0125770585112526,15855385,13426140
NIFTY26091523600CE,buy,current,2026-09-09T12:35:00+05:30,129.95,2026-09-09T13:12:00+05:30,118.45,candle_reversal,1,65,-747.4999999999991,11.61,11.58,7.490391303764413,7.032184124860392,1.2377997328560564,1.4664097504054778,8684845,7383285
NIFTY26091523600CE,buy,current,2026-09-09T13:30:00+05:30,125.2,2026-09-09T13:34:00+05:30,118.6,candle_reversal,1,65,-429.00000000000057,11.61,11.59,6.22058355616483,6.412361442254279,1.4319031630807273,1.4330081834503354,7609680,7609745
NIFTY26091523400PE,buy,current,2026-09-10T10:10:00+05:30,85.6,2026-09-10T10:18:00+05:30,76.6,candle_reversal,1,65,-585.0,11.87,11.82,8.907393897860803,8.189959397471798,0.93697423634195,0.937990705782869,9979710,10134670
NIFTY26091523500CE,buy,current,2026-09-10T10:45:00+05:30,107.1,2026-09-10T10:49:00+05:30,97.75,candle_reversal,1,65,-607.7499999999997,11.79,11.81,6.656442472966877,6.851470174472141,0.9996787769315283,1.0119730127263011,13383500,13333645
NIFTY26091523400PE,buy,current,2026-09-10T10:55:00+05:30,86.5,2026-09-10T11:47:00+05:30,73.35,candle_reversal,1,65,-854.7500000000003,11.86,11.78,6.6667594147718505,6.635877555648863,0.9695924097467309,0.9841067266129203,11388650,11497785
NIFTY26091523500CE,buy,current,2026-09-10T12:05:00+05:30,108.5,2026-09-10T12:56:00+05:30,99.6,candle_reversal,1,65,-578.5000000000003,11.75,11.74,6.15890766847362,6.986318311224737,1.0936025575224984,1.2152920605646098,12767885,12535055
NIFTY26091523400PE,buy,current,2026-09-10T14:20:00+05:30,80.0,2026-09-10T14:45:00+05:30,79.45,candle_reversal,1,65,-35.749999999999815,11.88,11.86,5.480714216073472,5.923598507882542,1.0336628636540652,1.0067810200761638,11200605,11032385
NIFTY26091523300CE,buy,current,2026-09-11T10:10:00+05:30,95.65,2026-09-11T10:27:00+05:30,101.3,candle_reversal,1,65,367.24999999999943,12.32,12.37,7.5418144670506395,7.4256984743157,0.9537967744609605,1.1575504669866472,14329575,11957140
NIFTY26091523300CE,buy,current,2026-09-11T10:40:00+05:30,106.9,2026-09-11T10:54:00+05:30,102.5,candle_reversal,1,65,-286.00000000000034,12.34,12.34,6.5124341719823535,6.168132563576693,1.1371725142560154,1.1875541005529635,13485160,13424775
NIFTY26091523350CE,buy,current,2026-09-11T11:15:00+05:30,105.0,2026-09-11T11:32:00+05:30,115.85,candle_reversal,1,65,705.2499999999997,12.35,12.28,7.56260009999823,7.005542555080999,1.2803729380195028,1.386866069359869,7270640,8058050
NIFTY26091523400PE,buy,current,2026-09-15T09:50:00+05:30,46.25,2026-09-15T10:36:00+05:30,72.4,candle_reversal,1,65,1699.7500000000005,12.47,12.77,12.819928850305017,8.568893371259227,1.0340285288386477,0.8304114275041481,18222295,16424720
NIFTY26091523300PE,buy,current,2026-09-15T10:40:00+05:30,32.2,2026-09-15T12:50:00+05:30,31.6,candle_reversal,1,65,-39.00000000000009,12.78,12.77,8.083731318023455,7.011522880815415,0.8263175088451854,0.7909699645065493,24985805,32362785
NIFTY26092223200PE,buy,current,2026-09-16T09:40:00+05:30,168.05,2026-09-16T09:52:00+05:30,149.45,candle_reversal,1,65,-1209.0000000000014,13.45,13.29,18.03672469120856,18.321351974544086,0.8723441712053694,0.8382211740552117,9401925,8431995
NIFTY26092223200CE,buy,current,2026-09-16T09:55:00+05:30,208.7,2026-09-16T11:21:00+05:30,195.0,candle_reversal,1,65,-890.4999999999993,13.25,13.31,18.516880018867294,9.152113042324421,0.8659168150794958,1.0407531675406383,7228455,6679660
NIFTY26092223300CE,buy,current,2026-09-16T11:25:00+05:30,138.0,2026-09-16T11:29:00+05:30,130.5,candle_reversal,1,65,-487.5,13.28,13.32,10.216433073610167,9.688098309483651,1.041353184101467,1.0387890413183358,6494540,6391060
NIFTY26092223200PE,buy,current,2026-09-16T12:00:00+05:30,147.4,2026-09-16T13:08:00+05:30,115.1,candle_reversal,1,65,-2099.500000000001,13.28,13.01,7.40937253299154,7.134200992297964,1.010670628852602,1.0414794062416293,11992370,12174110
NIFTY26092223300CE,buy,current,2026-09-16T13:10:00+05:30,155.0,2026-09-16T13:15:00+05:30,147.5,candle_reversal,1,65,-487.5,13.01,12.97,7.481758064276681,7.0768686357929145,1.0727945102968262,1.0803250757092535,6616480,6826105
NIFTY26092223200PE,buy,current,2026-09-16T13:30:00+05:30,135.3,2026-09-16T14:13:00+05:30,133.45,candle_reversal,1,65,-120.25000000000148,13.18,13.17,7.334042554625799,5.9379312395565975,1.0669428383625237,0.9697446711889027,12010895,11277370
NIFTY26092223200PE,buy,current,2026-09-17T09:45:00+05:30,106.85,2026-09-17T10:05:00+05:30,83.1,candle_reversal,1,65,-1543.75,12.71,12.52,11.301989944610272,9.549842050791199,0.8573676662731947,0.9133708835095634,10120175,11226215
NIFTY26092223300CE,buy,current,2026-09-17T10:10:00+05:30,149.0,2026-09-17T10:41:00+05:30,121.4,candle_reversal,1,65,-1793.9999999999995,12.54,12.49,9.16653188287835,8.206695335834072,0.9641617087020748,0.9403046101046921,7571200,8607950
NIFTY26092223200PE,buy,current,2026-09-17T10:45:00+05:30,94.8,2026-09-17T11:19:00+05:30,102.4,candle_reversal,1,65,494.00000000000057,12.5,12.62,8.343206870564035,8.109646175471706,0.929103520645592,0.726816470253953,11541270,9722765
NIFTY26092223200PE,buy,current,2026-09-17T11:20:00+05:30,99.85,2026-09-17T11:42:00+05:30,91.05,candle_reversal,1,65,-571.9999999999998,12.62,12.47,8.109646175471706,7.464493159879614,0.7337483995652361,0.7698466731403878,9825075,10593895
NIFTY26092223300CE,buy,current,2026-09-17T11:45:00+05:30,115.55,2026-09-17T14:28:00+05:30,108.3,candle_reversal,1,65,-471.25,12.47,12.45,7.25331297969192,7.031909605622888,0.7866776761816278,0.8484935240577562,9872460,8810230
NIFTY26092223300CE,buy,current,2026-09-18T09:55:00+05:30,123.3,2026-09-18T10:04:00+05:30,121.8,candle_reversal,1,65,-97.5,12.03,11.97,8.547146590195243,7.542089472722645,0.766727310558973,0.8045155027175873,16333200,15674750
NIFTY26092223300PE,buy,current,2026-09-18T11:20:00+05:30,98.25,2026-09-18T12:13:00+05:30,85.6,candle_reversal,1,65,-822.2500000000003,11.84,11.65,5.533440173581918,6.80249500456847,0.7372525631319801,0.767188061183036,19573385,20845240
NIFTY26092223300CE,buy,current,2026-09-18T12:40:00+05:30,119.4,2026-09-18T13:43:00+05:30,105.0,candle_reversal,1,65,-936.0000000000003,11.63,11.57,5.884141665007663,5.223228599761952,0.7867238924384755,0.8664154656010061,18362500,16170050
NIFTY26092223400CE,buy,current,2026-09-18T14:05:00+05:30,66.2,2026-09-18T14:39:00+05:30,77.45,candle_reversal,1,65,731.25,11.52,11.42,5.1139968561398135,4.4476375151260825,0.8641942280699536,1.0166925600475951,16315000,15079545
